  [1m[35m (1.3ms)[0m  [1m[35mCREATE TABLE "schema_migrations" ("version" varchar NOT NULL PRIMARY KEY) /*application='Camaar'*/[0m
  [1m[35m (0.2ms)[0m  [1m[35mCREATE TABLE "ar_internal_metadata" ("key" varchar NOT NULL PRIMARY KEY, "value" varchar, "created_at" datetime(6) NOT NULL, "updated_at" datetime(6) NOT NULL) /*application='Camaar'*/[0m
  [1m[36mActiveRecord::SchemaMigration Load (0.1ms)[0m  [1m[34mSELECT "schema_migrations"."version" FROM "schema_migrations" ORDER BY "schema_migrations"."version" ASC /*application='Camaar'*/[0m
Started GET "/" for 127.0.0.1 at 2025-06-21 12:45:32 -0300
  [1m[36mActiveRecord::SchemaMigration Load (0.1ms)[0m  [1m[34mSELECT "schema_migrations"."version" FROM "schema_migrations" ORDER BY "schema_migrations"."version" ASC /*application='Camaar'*/[0m
Processing by Rails::WelcomeController#index as HTML
  Rendering /home/pedro/.rvm/gems/ruby-3.4.4/gems/railties-8.0.2/lib/rails/templates/rails/welcome/index.html.erb
  Rendered /home/pedro/.rvm/gems/ruby-3.4.4/gems/railties-8.0.2/lib/rails/templates/rails/welcome/index.html.erb (Duration: 0.7ms | GC: 0.0ms)
Completed 200 OK in 35ms (Views: 5.0ms | ActiveRecord: 0.0ms (0 queries, 0 cached) | GC: 0.0ms)


  [1m[36mActiveRecord::InternalMetadata Load (0.1ms)[0m  [1m[34mSELECT * FROM "ar_internal_metadata" WHERE "ar_internal_metadata"."key" = 'environment' ORDER BY "ar_internal_metadata"."key" ASC LIMIT 1 /*application='Camaar'*/[0m
  [1m[36mActiveRecord::InternalMetadata Create (2.0ms)[0m  [1m[32mINSERT INTO "ar_internal_metadata" ("key", "value", "created_at", "updated_at") VALUES ('environment', 'development', '2025-06-21 15:53:57.486589', '2025-06-21 15:53:57.486592') RETURNING "key" /*application='Camaar'*/[0m
  [1m[36mActiveRecord::SchemaMigration Load (0.0ms)[0m  [1m[34mSELECT "schema_migrations"."version" FROM "schema_migrations" ORDER BY "schema_migrations"."version" ASC /*application='Camaar'*/[0m
  [1m[36mActiveRecord::SchemaMigration Load (0.1ms)[0m  [1m[34mSELECT "schema_migrations"."version" FROM "schema_migrations" ORDER BY "schema_migrations"."version" ASC /*application='Camaar'*/[0m
Started GET "/" for 127.0.0.1 at 2025-06-21 13:55:20 -0300
  [1m[36mActiveRecord::SchemaMigration Load (0.1ms)[0m  [1m[34mSELECT "schema_migrations"."version" FROM "schema_migrations" ORDER BY "schema_migrations"."version" ASC /*application='Camaar'*/[0m
Processing by Rails::WelcomeController#index as HTML
  Rendering /home/pedro/.rvm/gems/ruby-3.4.4/gems/railties-8.0.2/lib/rails/templates/rails/welcome/index.html.erb
  Rendered /home/pedro/.rvm/gems/ruby-3.4.4/gems/railties-8.0.2/lib/rails/templates/rails/welcome/index.html.erb (Duration: 2.3ms | GC: 1.7ms)
Completed 200 OK in 34ms (Views: 6.1ms | ActiveRecord: 0.0ms (0 queries, 0 cached) | GC: 10.4ms)


  [1m[36mActiveRecord::SchemaMigration Load (0.1ms)[0m  [1m[34mSELECT "schema_migrations"."version" FROM "schema_migrations" ORDER BY "schema_migrations"."version" ASC /*application='Camaar'*/[0m
<<<<<<< HEAD
=======
  [1m[36mActiveRecord::SchemaMigration Load (0.1ms)[0m  [1m[34mSELECT "schema_migrations"."version" FROM "schema_migrations" ORDER BY "schema_migrations"."version" ASC /*application='Camaar'*/[0m
>>>>>>> feat/bdd-auth-usuario
  [1m[36mActiveRecord::SchemaMigration Load (0.1ms)[0m  [1m[34mSELECT "schema_migrations"."version" FROM "schema_migrations" ORDER BY "schema_migrations"."version" ASC /*application='Camaar'*/[0m
  [1m[36mActiveRecord::SchemaMigration Load (0.1ms)[0m  [1m[34mSELECT "schema_migrations"."version" FROM "schema_migrations" ORDER BY "schema_migrations"."version" ASC /*application='Camaar'*/[0m
  [1m[36mActiveRecord::SchemaMigration Load (0.1ms)[0m  [1m[34mSELECT "schema_migrations"."version" FROM "schema_migrations" ORDER BY "schema_migrations"."version" ASC /*application='Camaar'*/[0m
  [1m[36mActiveRecord::SchemaMigration Load (0.2ms)[0m  [1m[34mSELECT "schema_migrations"."version" FROM "schema_migrations" ORDER BY "schema_migrations"."version" ASC /*application='Camaar'*/[0m
  [1m[36mActiveRecord::SchemaMigration Load (0.1ms)[0m  [1m[34mSELECT "schema_migrations"."version" FROM "schema_migrations" ORDER BY "schema_migrations"."version" ASC /*application='Camaar'*/[0m
  [1m[36mActiveRecord::SchemaMigration Load (0.1ms)[0m  [1m[34mSELECT "schema_migrations"."version" FROM "schema_migrations" ORDER BY "schema_migrations"."version" ASC /*application='Camaar'*/[0m
  [1m[36mActiveRecord::SchemaMigration Load (0.1ms)[0m  [1m[34mSELECT "schema_migrations"."version" FROM "schema_migrations" ORDER BY "schema_migrations"."version" ASC /*application='Camaar'*/[0m
  [1m[36mActiveRecord::SchemaMigration Load (0.1ms)[0m  [1m[34mSELECT "schema_migrations"."version" FROM "schema_migrations" ORDER BY "schema_migrations"."version" ASC /*application='Camaar'*/[0m
  [1m[36mActiveRecord::SchemaMigration Load (0.1ms)[0m  [1m[34mSELECT "schema_migrations"."version" FROM "schema_migrations" ORDER BY "schema_migrations"."version" ASC /*application='Camaar'*/[0m
  [1m[36mActiveRecord::SchemaMigration Load (0.1ms)[0m  [1m[34mSELECT "schema_migrations"."version" FROM "schema_migrations" ORDER BY "schema_migrations"."version" ASC /*application='Camaar'*/[0m
  [1m[36mActiveRecord::SchemaMigration Load (0.1ms)[0m  [1m[34mSELECT "schema_migrations"."version" FROM "schema_migrations" ORDER BY "schema_migrations"."version" ASC /*application='Camaar'*/[0m
  [1m[36mActiveRecord::SchemaMigration Load (0.1ms)[0m  [1m[34mSELECT "schema_migrations"."version" FROM "schema_migrations" ORDER BY "schema_migrations"."version" ASC /*application='Camaar'*/[0m
  [1m[36mActiveRecord::SchemaMigration Load (0.1ms)[0m  [1m[34mSELECT "schema_migrations"."version" FROM "schema_migrations" ORDER BY "schema_migrations"."version" ASC /*application='Camaar'*/[0m
  [1m[36mActiveRecord::SchemaMigration Load (0.1ms)[0m  [1m[34mSELECT "schema_migrations"."version" FROM "schema_migrations" ORDER BY "schema_migrations"."version" ASC /*application='Camaar'*/[0m
  [1m[36mActiveRecord::InternalMetadata Load (0.4ms)[0m  [1m[34mSELECT * FROM "ar_internal_metadata" WHERE "ar_internal_metadata"."key" = 'environment' ORDER BY "ar_internal_metadata"."key" ASC LIMIT 1 /*application='Camaar'*/[0m
  [1m[36mActiveRecord::SchemaMigration Load (0.1ms)[0m  [1m[34mSELECT "schema_migrations"."version" FROM "schema_migrations" ORDER BY "schema_migrations"."version" ASC /*application='Camaar'*/[0m
Migrating to RenameAdminToAdministrator (20250714005353)
  [1m[36mTRANSACTION (0.1ms)[0m  [1m[35mBEGIN immediate TRANSACTION /*application='Camaar'*/[0m
  [1m[35mSQL (3.4ms)[0m  [1m[35mALTER TABLE "admins" RENAME TO "administrators" /*application='Camaar'*/[0m
  [1m[36mActiveRecord::SchemaMigration Create (0.3ms)[0m  [1m[32mINSERT INTO "schema_migrations" ("version") VALUES ('20250714005353') RETURNING "version" /*application='Camaar'*/[0m
  [1m[36mTRANSACTION (0.2ms)[0m  [1m[35mCOMMIT TRANSACTION /*application='Camaar'*/[0m
  [1m[36mActiveRecord::SchemaMigration Load (0.3ms)[0m  [1m[34mSELECT "schema_migrations"."version" FROM "schema_migrations" ORDER BY "schema_migrations"."version" ASC /*application='Camaar'*/[0m
Started GET "/admin/import" for 127.0.0.1 at 2025-07-15 20:04:08 -0300
  [1m[36mActiveRecord::SchemaMigration Load (0.8ms)[0m  [1m[34mSELECT "schema_migrations"."version" FROM "schema_migrations" ORDER BY "schema_migrations"."version" ASC /*application='Camaar'*/[0m
  
AbstractController::ActionNotFound (The action 'import_form' could not be found for Admin::ImportsController):
  
actionpack (8.0.2) lib/abstract_controller/base.rb:158:in 'AbstractController::Base#process'
actionview (8.0.2) lib/action_view/rendering.rb:40:in 'ActionView::Rendering#process'
actionpack (8.0.2) lib/action_controller/metal.rb:252:in 'ActionController::Metal#dispatch'
actionpack (8.0.2) lib/action_controller/metal.rb:335:in 'ActionController::Metal.dispatch'
actionpack (8.0.2) lib/action_dispatch/routing/route_set.rb:67:in 'ActionDispatch::Routing::RouteSet::Dispatcher#dispatch'
actionpack (8.0.2) lib/action_dispatch/routing/route_set.rb:50:in 'ActionDispatch::Routing::RouteSet::Dispatcher#serve'
actionpack (8.0.2) lib/action_dispatch/journey/router.rb:53:in 'block in ActionDispatch::Journey::Router#serve'
actionpack (8.0.2) lib/action_dispatch/journey/router.rb:133:in 'block in ActionDispatch::Journey::Router#find_routes'
actionpack (8.0.2) lib/action_dispatch/journey/router.rb:126:in 'Array#each'
actionpack (8.0.2) lib/action_dispatch/journey/router.rb:126:in 'ActionDispatch::Journey::Router#find_routes'
actionpack (8.0.2) lib/action_dispatch/journey/router.rb:34:in 'ActionDispatch::Journey::Router#serve'
actionpack (8.0.2) lib/action_dispatch/routing/route_set.rb:908:in 'ActionDispatch::Routing::RouteSet#call'
railties (8.0.2) lib/rails/engine/lazy_route_set.rb:68:in 'Rails::Engine::LazyRouteSet#call'
rack (3.1.16) lib/rack/tempfile_reaper.rb:20:in 'Rack::TempfileReaper#call'
rack (3.1.16) lib/rack/etag.rb:29:in 'Rack::ETag#call'
rack (3.1.16) lib/rack/conditional_get.rb:31:in 'Rack::ConditionalGet#call'
rack (3.1.16) lib/rack/head.rb:15:in 'Rack::Head#call'
actionpack (8.0.2) lib/action_dispatch/http/permissions_policy.rb:38:in 'ActionDispatch::PermissionsPolicy::Middleware#call'
actionpack (8.0.2) lib/action_dispatch/http/content_security_policy.rb:38:in 'ActionDispatch::ContentSecurityPolicy::Middleware#call'
rack-session (2.1.1) lib/rack/session/abstract/id.rb:274:in 'Rack::Session::Abstract::Persisted#context'
rack-session (2.1.1) lib/rack/session/abstract/id.rb:268:in 'Rack::Session::Abstract::Persisted#call'
actionpack (8.0.2) lib/action_dispatch/middleware/cookies.rb:706:in 'ActionDispatch::Cookies#call'
activerecord (8.0.2) lib/active_record/migration.rb:671:in 'ActiveRecord::Migration::CheckPending#call'
actionpack (8.0.2) lib/action_dispatch/middleware/callbacks.rb:31:in 'block in ActionDispatch::Callbacks#call'
activesupport (8.0.2) lib/active_support/callbacks.rb:100:in 'ActiveSupport::Callbacks#run_callbacks'
actionpack (8.0.2) lib/action_dispatch/middleware/callbacks.rb:30:in 'ActionDispatch::Callbacks#call'
actionpack (8.0.2) lib/action_dispatch/middleware/executor.rb:16:in 'ActionDispatch::Executor#call'
actionpack (8.0.2) lib/action_dispatch/middleware/actionable_exceptions.rb:18:in 'ActionDispatch::ActionableExceptions#call'
actionpack (8.0.2) lib/action_dispatch/middleware/debug_exceptions.rb:31:in 'ActionDispatch::DebugExceptions#call'
web-console (4.2.1) lib/web_console/middleware.rb:132:in 'WebConsole::Middleware#call_app'
web-console (4.2.1) lib/web_console/middleware.rb:28:in 'block in WebConsole::Middleware#call'
web-console (4.2.1) lib/web_console/middleware.rb:17:in 'Kernel#catch'
web-console (4.2.1) lib/web_console/middleware.rb:17:in 'WebConsole::Middleware#call'
actionpack (8.0.2) lib/action_dispatch/middleware/show_exceptions.rb:32:in 'ActionDispatch::ShowExceptions#call'
railties (8.0.2) lib/rails/rack/logger.rb:41:in 'Rails::Rack::Logger#call_app'
railties (8.0.2) lib/rails/rack/logger.rb:29:in 'Rails::Rack::Logger#call'
actionpack (8.0.2) lib/action_dispatch/middleware/remote_ip.rb:96:in 'ActionDispatch::RemoteIp#call'
actionpack (8.0.2) lib/action_dispatch/middleware/request_id.rb:34:in 'ActionDispatch::RequestId#call'
rack (3.1.16) lib/rack/method_override.rb:28:in 'Rack::MethodOverride#call'
rack (3.1.16) lib/rack/runtime.rb:24:in 'Rack::Runtime#call'
actionpack (8.0.2) lib/action_dispatch/middleware/server_timing.rb:61:in 'block in ActionDispatch::ServerTiming#call'
actionpack (8.0.2) lib/action_dispatch/middleware/server_timing.rb:26:in 'ActionDispatch::ServerTiming::Subscriber#collect_events'
actionpack (8.0.2) lib/action_dispatch/middleware/server_timing.rb:60:in 'ActionDispatch::ServerTiming#call'
actionpack (8.0.2) lib/action_dispatch/middleware/executor.rb:16:in 'ActionDispatch::Executor#call'
actionpack (8.0.2) lib/action_dispatch/middleware/static.rb:27:in 'ActionDispatch::Static#call'
rack (3.1.16) lib/rack/sendfile.rb:114:in 'Rack::Sendfile#call'
actionpack (8.0.2) lib/action_dispatch/middleware/host_authorization.rb:143:in 'ActionDispatch::HostAuthorization#call'
railties (8.0.2) lib/rails/engine.rb:535:in 'Rails::Engine#call'
puma (6.6.0) lib/puma/configuration.rb:279:in 'Puma::Configuration::ConfigMiddleware#call'
puma (6.6.0) lib/puma/request.rb:99:in 'block in Puma::Request#handle_request'
puma (6.6.0) lib/puma/thread_pool.rb:390:in 'Puma::ThreadPool#with_force_shutdown'
puma (6.6.0) lib/puma/request.rb:98:in 'Puma::Request#handle_request'
puma (6.6.0) lib/puma/server.rb:472:in 'Puma::Server#process_client'
puma (6.6.0) lib/puma/server.rb:254:in 'block in Puma::Server#run'
puma (6.6.0) lib/puma/thread_pool.rb:167:in 'block in Puma::ThreadPool#spawn_thread'
Started GET "/admin/import" for 127.0.0.1 at 2025-07-15 20:10:34 -0300
  [1m[36mActiveRecord::SchemaMigration Load (1.2ms)[0m  [1m[34mSELECT "schema_migrations"."version" FROM "schema_migrations" ORDER BY "schema_migrations"."version" ASC /*application='Camaar'*/[0m
Processing by Admin::ImportsController#import_form as HTML
  Rendering layout layouts/application.html.erb
  Rendering admin/imports/import_form.html.erb within layouts/application
  Rendered admin/imports/import_form.html.erb within layouts/application (Duration: 4.2ms | GC: 0.0ms)
  Rendered layout layouts/application.html.erb (Duration: 26.2ms | GC: 0.0ms)
Completed 200 OK in 75ms (Views: 38.9ms | ActiveRecord: 0.0ms (0 queries, 0 cached) | GC: 0.0ms)


Started GET "/assets/application-8b441ae0.css" for 127.0.0.1 at 2025-07-15 20:10:34 -0300
Started GET "/assets/application-bfcdf840.js" for 127.0.0.1 at 2025-07-15 20:10:34 -0300
Started GET "/assets/turbo.min-3a2e143f.js" for 127.0.0.1 at 2025-07-15 20:10:34 -0300
Started GET "/assets/controllers/hello_controller-708796bd.js" for 127.0.0.1 at 2025-07-15 20:10:34 -0300
Started GET "/assets/controllers/index-ee64e1f1.js" for 127.0.0.1 at 2025-07-15 20:10:34 -0300
Started GET "/assets/stimulus.min-4b1e420e.js" for 127.0.0.1 at 2025-07-15 20:10:35 -0300
Started GET "/assets/stimulus-loading-1fc53fe7.js" for 127.0.0.1 at 2025-07-15 20:10:35 -0300
Started GET "/assets/controllers/application-3affb389.js" for 127.0.0.1 at 2025-07-15 20:10:35 -0300
Started POST "/admin/import/sigaa" for 127.0.0.1 at 2025-07-15 20:10:42 -0300
Processing by Admin::ImportsController#import_sigaa as TURBO_STREAM
  Parameters: {"authenticity_token" => "[FILTERED]", "commit" => "Importar Agora"}
  [1m[36mTRANSACTION (0.0ms)[0m  [1m[35mBEGIN immediate TRANSACTION /*action='import_sigaa',application='Camaar',controller='imports'*/[0m
  ↳ app/controllers/admin/imports_controller.rb:27:in 'block in Admin::ImportsController#import_courses'
  [1m[36mCourse Load (0.7ms)[0m  [1m[34mSELECT "courses".* FROM "courses" WHERE "courses"."code" = 'CIC0097' LIMIT 1 /*action='import_sigaa',application='Camaar',controller='imports'*/[0m
  ↳ app/controllers/admin/imports_controller.rb:27:in 'block in Admin::ImportsController#import_courses'
  [1m[36mTRANSACTION (2.9ms)[0m  [1m[35mSAVEPOINT active_record_1 /*action='import_sigaa',application='Camaar',controller='imports'*/[0m
  ↳ app/controllers/admin/imports_controller.rb:27:in 'block in Admin::ImportsController#import_courses'
  [1m[36mCourse Exists? (0.2ms)[0m  [1m[34mSELECT 1 AS one FROM "courses" WHERE "courses"."code" = 'CIC0097' LIMIT 1 /*action='import_sigaa',application='Camaar',controller='imports'*/[0m
  ↳ app/controllers/admin/imports_controller.rb:27:in 'block in Admin::ImportsController#import_courses'
  [1m[36mCourse Exists? (0.2ms)[0m  [1m[34mSELECT 1 AS one FROM "courses" WHERE "courses"."name" = 'BANCOS DE DADOS' LIMIT 1 /*action='import_sigaa',application='Camaar',controller='imports'*/[0m
  ↳ app/controllers/admin/imports_controller.rb:27:in 'block in Admin::ImportsController#import_courses'
  [1m[36mCourse Create (0.4ms)[0m  [1m[32mINSERT INTO "courses" ("code", "name", "created_at", "updated_at") VALUES ('CIC0097', 'BANCOS DE DADOS', '2025-07-15 23:10:42.944395', '2025-07-15 23:10:42.944395') RETURNING "id" /*action='import_sigaa',application='Camaar',controller='imports'*/[0m
  ↳ app/controllers/admin/imports_controller.rb:27:in 'block in Admin::ImportsController#import_courses'
  [1m[36mTRANSACTION (0.6ms)[0m  [1m[35mRELEASE SAVEPOINT active_record_1 /*action='import_sigaa',application='Camaar',controller='imports'*/[0m
  ↳ app/controllers/admin/imports_controller.rb:27:in 'block in Admin::ImportsController#import_courses'
  [1m[36mSubject Load (0.6ms)[0m  [1m[34mSELECT "subjects".* FROM "subjects" WHERE "subjects"."course_id" = 2 AND "subjects"."class_name" = 'TA' AND "subjects"."semester" = '2021.2' LIMIT 1 /*action='import_sigaa',application='Camaar',controller='imports'*/[0m
  ↳ app/controllers/admin/imports_controller.rb:33:in 'block in Admin::ImportsController#import_courses'
  [1m[36mTRANSACTION (0.1ms)[0m  [1m[35mSAVEPOINT active_record_1 /*action='import_sigaa',application='Camaar',controller='imports'*/[0m
  ↳ app/controllers/admin/imports_controller.rb:33:in 'block in Admin::ImportsController#import_courses'
  [1m[36mSubject Exists? (0.3ms)[0m  [1m[34mSELECT 1 AS one FROM "subjects" WHERE "subjects"."class_name" = 'TA' AND "subjects"."schedule" = '35T45' AND "subjects"."semester" = '2021.2' LIMIT 1 /*action='import_sigaa',application='Camaar',controller='imports'*/[0m
  ↳ app/controllers/admin/imports_controller.rb:33:in 'block in Admin::ImportsController#import_courses'
  [1m[36mSubject Exists? (0.2ms)[0m  [1m[34mSELECT 1 AS one FROM "subjects" WHERE "subjects"."class_name" = 'TA' AND "subjects"."semester" = '2021.2' LIMIT 1 /*action='import_sigaa',application='Camaar',controller='imports'*/[0m
  ↳ app/controllers/admin/imports_controller.rb:33:in 'block in Admin::ImportsController#import_courses'
  [1m[36mSubject Create (0.2ms)[0m  [1m[32mINSERT INTO "subjects" ("class_name", "schedule", "semester", "course_id", "created_at", "updated_at") VALUES ('TA', '35T45', '2021.2', 2, '2025-07-15 23:10:43.037193', '2025-07-15 23:10:43.037193') RETURNING "id" /*action='import_sigaa',application='Camaar',controller='imports'*/[0m
  ↳ app/controllers/admin/imports_controller.rb:33:in 'block in Admin::ImportsController#import_courses'
  [1m[36mTRANSACTION (0.1ms)[0m  [1m[35mRELEASE SAVEPOINT active_record_1 /*action='import_sigaa',application='Camaar',controller='imports'*/[0m
  ↳ app/controllers/admin/imports_controller.rb:33:in 'block in Admin::ImportsController#import_courses'
  [1m[36mCourse Load (0.2ms)[0m  [1m[34mSELECT "courses".* FROM "courses" WHERE "courses"."code" = 'CIC0105' LIMIT 1 /*action='import_sigaa',application='Camaar',controller='imports'*/[0m
  ↳ app/controllers/admin/imports_controller.rb:27:in 'block in Admin::ImportsController#import_courses'
  [1m[36mTRANSACTION (1.2ms)[0m  [1m[35mSAVEPOINT active_record_1 /*action='import_sigaa',application='Camaar',controller='imports'*/[0m
  ↳ app/controllers/admin/imports_controller.rb:27:in 'block in Admin::ImportsController#import_courses'
  [1m[36mCourse Exists? (4.5ms)[0m  [1m[34mSELECT 1 AS one FROM "courses" WHERE "courses"."code" = 'CIC0105' LIMIT 1 /*action='import_sigaa',application='Camaar',controller='imports'*/[0m
  ↳ app/controllers/admin/imports_controller.rb:27:in 'block in Admin::ImportsController#import_courses'
  [1m[36mCourse Exists? (0.3ms)[0m  [1m[34mSELECT 1 AS one FROM "courses" WHERE "courses"."name" = 'ENGENHARIA DE SOFTWARE' LIMIT 1 /*action='import_sigaa',application='Camaar',controller='imports'*/[0m
  ↳ app/controllers/admin/imports_controller.rb:27:in 'block in Admin::ImportsController#import_courses'
  [1m[36mCourse Create (0.2ms)[0m  [1m[32mINSERT INTO "courses" ("code", "name", "created_at", "updated_at") VALUES ('CIC0105', 'ENGENHARIA DE SOFTWARE', '2025-07-15 23:10:43.071293', '2025-07-15 23:10:43.071293') RETURNING "id" /*action='import_sigaa',application='Camaar',controller='imports'*/[0m
  ↳ app/controllers/admin/imports_controller.rb:27:in 'block in Admin::ImportsController#import_courses'
  [1m[36mTRANSACTION (0.2ms)[0m  [1m[35mRELEASE SAVEPOINT active_record_1 /*action='import_sigaa',application='Camaar',controller='imports'*/[0m
  ↳ app/controllers/admin/imports_controller.rb:27:in 'block in Admin::ImportsController#import_courses'
  [1m[36mSubject Load (0.2ms)[0m  [1m[34mSELECT "subjects".* FROM "subjects" WHERE "subjects"."course_id" = 3 AND "subjects"."class_name" = 'TA' AND "subjects"."semester" = '2021.2' LIMIT 1 /*action='import_sigaa',application='Camaar',controller='imports'*/[0m
  ↳ app/controllers/admin/imports_controller.rb:33:in 'block in Admin::ImportsController#import_courses'
  [1m[36mTRANSACTION (0.1ms)[0m  [1m[35mSAVEPOINT active_record_1 /*action='import_sigaa',application='Camaar',controller='imports'*/[0m
  ↳ app/controllers/admin/imports_controller.rb:33:in 'block in Admin::ImportsController#import_courses'
  [1m[36mSubject Exists? (2.9ms)[0m  [1m[34mSELECT 1 AS one FROM "subjects" WHERE "subjects"."class_name" = 'TA' AND "subjects"."schedule" = '35M12' AND "subjects"."semester" = '2021.2' LIMIT 1 /*action='import_sigaa',application='Camaar',controller='imports'*/[0m
  ↳ app/controllers/admin/imports_controller.rb:33:in 'block in Admin::ImportsController#import_courses'
  [1m[36mSubject Exists? (0.4ms)[0m  [1m[34mSELECT 1 AS one FROM "subjects" WHERE "subjects"."class_name" = 'TA' AND "subjects"."semester" = '2021.2' LIMIT 1 /*action='import_sigaa',application='Camaar',controller='imports'*/[0m
  ↳ app/controllers/admin/imports_controller.rb:33:in 'block in Admin::ImportsController#import_courses'
  [1m[36mTRANSACTION (0.1ms)[0m  [1m[31mROLLBACK TO SAVEPOINT active_record_1 /*action='import_sigaa',application='Camaar',controller='imports'*/[0m
  ↳ app/controllers/admin/imports_controller.rb:33:in 'block in Admin::ImportsController#import_courses'
  [1m[36mTRANSACTION (0.2ms)[0m  [1m[31mROLLBACK TRANSACTION /*action='import_sigaa',application='Camaar',controller='imports'*/[0m
  ↳ app/controllers/admin/imports_controller.rb:12:in 'Admin::ImportsController#import_sigaa'
Redirected to http://localhost:3000/admin/dashboard
Completed 302 Found in 300ms (ActiveRecord: 36.4ms (15 queries, 0 cached) | GC: 0.0ms)


Started GET "/admin/dashboard" for 127.0.0.1 at 2025-07-15 20:10:43 -0300
Processing by Admin::DashboardController#index as TURBO_STREAM
  Rendering text template
  Rendered text template (Duration: 0.5ms | GC: 0.0ms)
Completed 200 OK in 15ms (Views: 2.8ms | ActiveRecord: 0.0ms (0 queries, 0 cached) | GC: 0.0ms)


Started GET "/admin/import" for 127.0.0.1 at 2025-07-15 20:41:37 -0300
  [1m[36mActiveRecord::SchemaMigration Load (1.3ms)[0m  [1m[34mSELECT "schema_migrations"."version" FROM "schema_migrations" ORDER BY "schema_migrations"."version" ASC /*application='Camaar'*/[0m
Processing by Admin::ImportsController#import_form as HTML
  Rendering layout layouts/application.html.erb
  Rendering admin/imports/import_form.html.erb within layouts/application
  Rendered admin/imports/import_form.html.erb within layouts/application (Duration: 6.2ms | GC: 0.0ms)
  Rendered layout layouts/application.html.erb (Duration: 22.5ms | GC: 0.0ms)
Completed 200 OK in 55ms (Views: 33.1ms | ActiveRecord: 0.0ms (0 queries, 0 cached) | GC: 0.0ms)


Started POST "/admin/import/sigaa" for 127.0.0.1 at 2025-07-15 20:42:39 -0300
Processing by Admin::ImportsController#import_sigaa as TURBO_STREAM
  Parameters: {"authenticity_token" => "[FILTERED]", "commit" => "Importar Agora"}
  [1m[36mTRANSACTION (0.1ms)[0m  [1m[35mBEGIN immediate TRANSACTION /*action='import_sigaa',application='Camaar',controller='imports'*/[0m
  ↳ app/controllers/admin/imports_controller.rb:27:in 'block in Admin::ImportsController#import_courses'
  [1m[36mCourse Load (0.7ms)[0m  [1m[34mSELECT "courses".* FROM "courses" WHERE "courses"."code" = 'CIC0097' LIMIT 1 /*action='import_sigaa',application='Camaar',controller='imports'*/[0m
  ↳ app/controllers/admin/imports_controller.rb:27:in 'block in Admin::ImportsController#import_courses'
  [1m[36mTRANSACTION (2.8ms)[0m  [1m[35mSAVEPOINT active_record_1 /*action='import_sigaa',application='Camaar',controller='imports'*/[0m
  ↳ app/controllers/admin/imports_controller.rb:27:in 'block in Admin::ImportsController#import_courses'
  [1m[36mCourse Exists? (0.1ms)[0m  [1m[34mSELECT 1 AS one FROM "courses" WHERE "courses"."code" = 'CIC0097' LIMIT 1 /*action='import_sigaa',application='Camaar',controller='imports'*/[0m
  ↳ app/controllers/admin/imports_controller.rb:27:in 'block in Admin::ImportsController#import_courses'
  [1m[36mCourse Exists? (0.1ms)[0m  [1m[34mSELECT 1 AS one FROM "courses" WHERE "courses"."name" = 'BANCOS DE DADOS' LIMIT 1 /*action='import_sigaa',application='Camaar',controller='imports'*/[0m
  ↳ app/controllers/admin/imports_controller.rb:27:in 'block in Admin::ImportsController#import_courses'
  [1m[36mCourse Create (0.3ms)[0m  [1m[32mINSERT INTO "courses" ("code", "name", "created_at", "updated_at") VALUES ('CIC0097', 'BANCOS DE DADOS', '2025-07-15 23:42:39.453479', '2025-07-15 23:42:39.453479') RETURNING "id" /*action='import_sigaa',application='Camaar',controller='imports'*/[0m
  ↳ app/controllers/admin/imports_controller.rb:27:in 'block in Admin::ImportsController#import_courses'
  [1m[36mTRANSACTION (0.6ms)[0m  [1m[35mRELEASE SAVEPOINT active_record_1 /*action='import_sigaa',application='Camaar',controller='imports'*/[0m
  ↳ app/controllers/admin/imports_controller.rb:27:in 'block in Admin::ImportsController#import_courses'
  [1m[36mSubject Load (0.5ms)[0m  [1m[34mSELECT "subjects".* FROM "subjects" WHERE "subjects"."course_id" = 2 AND "subjects"."class_name" = 'TA' AND "subjects"."semester" = '2021.2' LIMIT 1 /*action='import_sigaa',application='Camaar',controller='imports'*/[0m
  ↳ app/controllers/admin/imports_controller.rb:33:in 'block in Admin::ImportsController#import_courses'
  [1m[36mTRANSACTION (0.0ms)[0m  [1m[35mSAVEPOINT active_record_1 /*action='import_sigaa',application='Camaar',controller='imports'*/[0m
  ↳ app/controllers/admin/imports_controller.rb:33:in 'block in Admin::ImportsController#import_courses'
  [1m[36mSubject Create (0.3ms)[0m  [1m[32mINSERT INTO "subjects" ("class_name", "schedule", "semester", "course_id", "created_at", "updated_at") VALUES ('TA', '35T45', '2021.2', 2, '2025-07-15 23:42:39.514103', '2025-07-15 23:42:39.514103') RETURNING "id" /*action='import_sigaa',application='Camaar',controller='imports'*/[0m
  ↳ app/controllers/admin/imports_controller.rb:33:in 'block in Admin::ImportsController#import_courses'
  [1m[36mTRANSACTION (0.0ms)[0m  [1m[35mRELEASE SAVEPOINT active_record_1 /*action='import_sigaa',application='Camaar',controller='imports'*/[0m
  ↳ app/controllers/admin/imports_controller.rb:33:in 'block in Admin::ImportsController#import_courses'
  [1m[36mCourse Load (0.1ms)[0m  [1m[34mSELECT "courses".* FROM "courses" WHERE "courses"."code" = 'CIC0105' LIMIT 1 /*action='import_sigaa',application='Camaar',controller='imports'*/[0m
  ↳ app/controllers/admin/imports_controller.rb:27:in 'block in Admin::ImportsController#import_courses'
  [1m[36mTRANSACTION (0.0ms)[0m  [1m[35mSAVEPOINT active_record_1 /*action='import_sigaa',application='Camaar',controller='imports'*/[0m
  ↳ app/controllers/admin/imports_controller.rb:27:in 'block in Admin::ImportsController#import_courses'
  [1m[36mCourse Exists? (1.6ms)[0m  [1m[34mSELECT 1 AS one FROM "courses" WHERE "courses"."code" = 'CIC0105' LIMIT 1 /*action='import_sigaa',application='Camaar',controller='imports'*/[0m
  ↳ app/controllers/admin/imports_controller.rb:27:in 'block in Admin::ImportsController#import_courses'
  [1m[36mCourse Exists? (1.3ms)[0m  [1m[34mSELECT 1 AS one FROM "courses" WHERE "courses"."name" = 'ENGENHARIA DE SOFTWARE' LIMIT 1 /*action='import_sigaa',application='Camaar',controller='imports'*/[0m
  ↳ app/controllers/admin/imports_controller.rb:27:in 'block in Admin::ImportsController#import_courses'
  [1m[36mCourse Create (0.6ms)[0m  [1m[32mINSERT INTO "courses" ("code", "name", "created_at", "updated_at") VALUES ('CIC0105', 'ENGENHARIA DE SOFTWARE', '2025-07-15 23:42:39.537111', '2025-07-15 23:42:39.537111') RETURNING "id" /*action='import_sigaa',application='Camaar',controller='imports'*/[0m
  ↳ app/controllers/admin/imports_controller.rb:27:in 'block in Admin::ImportsController#import_courses'
  [1m[36mTRANSACTION (0.1ms)[0m  [1m[35mRELEASE SAVEPOINT active_record_1 /*action='import_sigaa',application='Camaar',controller='imports'*/[0m
  ↳ app/controllers/admin/imports_controller.rb:27:in 'block in Admin::ImportsController#import_courses'
  [1m[36mSubject Load (0.1ms)[0m  [1m[34mSELECT "subjects".* FROM "subjects" WHERE "subjects"."course_id" = 3 AND "subjects"."class_name" = 'TA' AND "subjects"."semester" = '2021.2' LIMIT 1 /*action='import_sigaa',application='Camaar',controller='imports'*/[0m
  ↳ app/controllers/admin/imports_controller.rb:33:in 'block in Admin::ImportsController#import_courses'
  [1m[36mTRANSACTION (0.1ms)[0m  [1m[35mSAVEPOINT active_record_1 /*action='import_sigaa',application='Camaar',controller='imports'*/[0m
  ↳ app/controllers/admin/imports_controller.rb:33:in 'block in Admin::ImportsController#import_courses'
  [1m[36mSubject Create (1.8ms)[0m  [1m[32mINSERT INTO "subjects" ("class_name", "schedule", "semester", "course_id", "created_at", "updated_at") VALUES ('TA', '35M12', '2021.2', 3, '2025-07-15 23:42:39.557979', '2025-07-15 23:42:39.557979') RETURNING "id" /*action='import_sigaa',application='Camaar',controller='imports'*/[0m
  ↳ app/controllers/admin/imports_controller.rb:33:in 'block in Admin::ImportsController#import_courses'
  [1m[36mTRANSACTION (0.0ms)[0m  [1m[35mRELEASE SAVEPOINT active_record_1 /*action='import_sigaa',application='Camaar',controller='imports'*/[0m
  ↳ app/controllers/admin/imports_controller.rb:33:in 'block in Admin::ImportsController#import_courses'
  [1m[36mCourse Load (0.1ms)[0m  [1m[34mSELECT "courses".* FROM "courses" WHERE "courses"."code" = 'CIC0202' LIMIT 1 /*action='import_sigaa',application='Camaar',controller='imports'*/[0m
  ↳ app/controllers/admin/imports_controller.rb:27:in 'block in Admin::ImportsController#import_courses'
  [1m[36mTRANSACTION (0.0ms)[0m  [1m[35mSAVEPOINT active_record_1 /*action='import_sigaa',application='Camaar',controller='imports'*/[0m
  ↳ app/controllers/admin/imports_controller.rb:27:in 'block in Admin::ImportsController#import_courses'
  [1m[36mCourse Exists? (2.1ms)[0m  [1m[34mSELECT 1 AS one FROM "courses" WHERE "courses"."code" = 'CIC0202' LIMIT 1 /*action='import_sigaa',application='Camaar',controller='imports'*/[0m
  ↳ app/controllers/admin/imports_controller.rb:27:in 'block in Admin::ImportsController#import_courses'
  [1m[36mCourse Exists? (0.3ms)[0m  [1m[34mSELECT 1 AS one FROM "courses" WHERE "courses"."name" = 'PROGRAMAÇÃO CONCORRENTE' LIMIT 1 /*action='import_sigaa',application='Camaar',controller='imports'*/[0m
  ↳ app/controllers/admin/imports_controller.rb:27:in 'block in Admin::ImportsController#import_courses'
  [1m[36mCourse Create (0.2ms)[0m  [1m[32mINSERT INTO "courses" ("code", "name", "created_at", "updated_at") VALUES ('CIC0202', 'PROGRAMAÇÃO CONCORRENTE', '2025-07-15 23:42:39.580766', '2025-07-15 23:42:39.580766') RETURNING "id" /*action='import_sigaa',application='Camaar',controller='imports'*/[0m
  ↳ app/controllers/admin/imports_controller.rb:27:in 'block in Admin::ImportsController#import_courses'
  [1m[36mTRANSACTION (0.1ms)[0m  [1m[35mRELEASE SAVEPOINT active_record_1 /*action='import_sigaa',application='Camaar',controller='imports'*/[0m
  ↳ app/controllers/admin/imports_controller.rb:27:in 'block in Admin::ImportsController#import_courses'
  [1m[36mSubject Load (0.1ms)[0m  [1m[34mSELECT "subjects".* FROM "subjects" WHERE "subjects"."course_id" = 4 AND "subjects"."class_name" = 'TA' AND "subjects"."semester" = '2021.2' LIMIT 1 /*action='import_sigaa',application='Camaar',controller='imports'*/[0m
  ↳ app/controllers/admin/imports_controller.rb:33:in 'block in Admin::ImportsController#import_courses'
  [1m[36mTRANSACTION (0.0ms)[0m  [1m[35mSAVEPOINT active_record_1 /*action='import_sigaa',application='Camaar',controller='imports'*/[0m
  ↳ app/controllers/admin/imports_controller.rb:33:in 'block in Admin::ImportsController#import_courses'
  [1m[36mSubject Create (1.4ms)[0m  [1m[32mINSERT INTO "subjects" ("class_name", "schedule", "semester", "course_id", "created_at", "updated_at") VALUES ('TA', '35M34', '2021.2', 4, '2025-07-15 23:42:39.591712', '2025-07-15 23:42:39.591712') RETURNING "id" /*action='import_sigaa',application='Camaar',controller='imports'*/[0m
  ↳ app/controllers/admin/imports_controller.rb:33:in 'block in Admin::ImportsController#import_courses'
  [1m[36mTRANSACTION (0.0ms)[0m  [1m[35mRELEASE SAVEPOINT active_record_1 /*action='import_sigaa',application='Camaar',controller='imports'*/[0m
  ↳ app/controllers/admin/imports_controller.rb:33:in 'block in Admin::ImportsController#import_courses'
  [1m[36mSubject Load (0.1ms)[0m  [1m[34mSELECT "subjects".* FROM "subjects" INNER JOIN "courses" ON "courses"."id" = "subjects"."course_id" WHERE "courses"."code" = 'CIC0097' AND "subjects"."class_name" = 'TA' AND "subjects"."semester" = '2021.2' LIMIT 1 /*action='import_sigaa',application='Camaar',controller='imports'*/[0m
  ↳ app/controllers/admin/imports_controller.rb:47:in 'block in Admin::ImportsController#import_participants'
  [1m[36mUser Load (0.1ms)[0m  [1m[34mSELECT "users".* FROM "users" WHERE "users"."email" = 'acjpjvjp@gmail.com' LIMIT 1 /*action='import_sigaa',application='Camaar',controller='imports'*/[0m
  ↳ app/controllers/admin/imports_controller.rb:68:in 'Admin::ImportsController#create_student'
  [1m[36mTRANSACTION (0.0ms)[0m  [1m[35mSAVEPOINT active_record_1 /*action='import_sigaa',application='Camaar',controller='imports'*/[0m
  ↳ app/controllers/admin/imports_controller.rb:68:in 'Admin::ImportsController#create_student'
  [1m[36mUser Exists? (0.1ms)[0m  [1m[34mSELECT 1 AS one FROM "users" WHERE "users"."email" = 'acjpjvjp@gmail.com' LIMIT 1 /*action='import_sigaa',application='Camaar',controller='imports'*/[0m
  ↳ app/controllers/admin/imports_controller.rb:68:in 'Admin::ImportsController#create_student'
  [1m[36mUser Exists? (0.1ms)[0m  [1m[34mSELECT 1 AS one FROM "users" WHERE "users"."username" = '190084006' LIMIT 1 /*action='import_sigaa',application='Camaar',controller='imports'*/[0m
  ↳ app/controllers/admin/imports_controller.rb:68:in 'Admin::ImportsController#create_student'
  [1m[36mUser Create (0.2ms)[0m  [1m[32mINSERT INTO "users" ("name", "email", "hash_password", "role", "academic_background", "student_course", "student_enrolment", "professor_departament", "created_at", "updated_at", "username") VALUES ('Ana Clara Jordao Perna', 'acjpjvjp@gmail.com', '$2a$12$cOQRcp1F6ZV5PCz.zeJZdew42PWxA3EM3ULPHzTk1zscTY.qXOTv2', 0, 0, 'CIÊNCIA DA COMPUTAÇÃO/CIC', '190084006', NULL, '2025-07-15 23:42:39.849262', '2025-07-15 23:42:39.849262', '190084006') RETURNING "id" /*action='import_sigaa',application='Camaar',controller='imports'*/[0m
  ↳ app/controllers/admin/imports_controller.rb:68:in 'Admin::ImportsController#create_student'
  [1m[36mTRANSACTION (0.1ms)[0m  [1m[35mRELEASE SAVEPOINT active_record_1 /*action='import_sigaa',application='Camaar',controller='imports'*/[0m
  ↳ app/controllers/admin/imports_controller.rb:68:in 'Admin::ImportsController#create_student'
  [1m[36mUserSubject Load (0.1ms)[0m  [1m[34mSELECT "user_subjects".* FROM "user_subjects" WHERE "user_subjects"."user_id" = 4 AND "user_subjects"."subject_id" = 4 LIMIT 1 /*action='import_sigaa',application='Camaar',controller='imports'*/[0m
  ↳ app/controllers/admin/imports_controller.rb:56:in 'block (2 levels) in Admin::ImportsController#import_participants'
  [1m[36mTRANSACTION (0.0ms)[0m  [1m[35mSAVEPOINT active_record_1 /*action='import_sigaa',application='Camaar',controller='imports'*/[0m
  ↳ app/controllers/admin/imports_controller.rb:56:in 'block (2 levels) in Admin::ImportsController#import_participants'
  [1m[36mUserSubject Create (0.2ms)[0m  [1m[32mINSERT INTO "user_subjects" ("user_id", "subject_id", "created_at", "updated_at") VALUES (4, 4, '2025-07-15 23:42:39.891738', '2025-07-15 23:42:39.891738') RETURNING "id" /*action='import_sigaa',application='Camaar',controller='imports'*/[0m
  ↳ app/controllers/admin/imports_controller.rb:56:in 'block (2 levels) in Admin::ImportsController#import_participants'
  [1m[36mTRANSACTION (0.2ms)[0m  [1m[35mRELEASE SAVEPOINT active_record_1 /*action='import_sigaa',application='Camaar',controller='imports'*/[0m
  ↳ app/controllers/admin/imports_controller.rb:56:in 'block (2 levels) in Admin::ImportsController#import_participants'
  [1m[36mUser Load (0.1ms)[0m  [1m[34mSELECT "users".* FROM "users" WHERE "users"."email" = 'andreCarvalhoroure@gmail.com' LIMIT 1 /*action='import_sigaa',application='Camaar',controller='imports'*/[0m
  ↳ app/controllers/admin/imports_controller.rb:68:in 'Admin::ImportsController#create_student'
  [1m[36mTRANSACTION (0.0ms)[0m  [1m[35mSAVEPOINT active_record_1 /*action='import_sigaa',application='Camaar',controller='imports'*/[0m
  ↳ app/controllers/admin/imports_controller.rb:68:in 'Admin::ImportsController#create_student'
  [1m[36mUser Exists? (1.4ms)[0m  [1m[34mSELECT 1 AS one FROM "users" WHERE "users"."email" = 'andreCarvalhoroure@gmail.com' LIMIT 1 /*action='import_sigaa',application='Camaar',controller='imports'*/[0m
  ↳ app/controllers/admin/imports_controller.rb:68:in 'Admin::ImportsController#create_student'
  [1m[36mUser Exists? (0.1ms)[0m  [1m[34mSELECT 1 AS one FROM "users" WHERE "users"."username" = '200033522' LIMIT 1 /*action='import_sigaa',application='Camaar',controller='imports'*/[0m
  ↳ app/controllers/admin/imports_controller.rb:68:in 'Admin::ImportsController#create_student'
  [1m[36mUser Create (0.1ms)[0m  [1m[32mINSERT INTO "users" ("name", "email", "hash_password", "role", "academic_background", "student_course", "student_enrolment", "professor_departament", "created_at", "updated_at", "username") VALUES ('Andre Carvalho de Roure', 'andreCarvalhoroure@gmail.com', '$2a$12$LMvV9CYnzy7K/dhp8gE/EOsDaWknRX47qlzqJ49TAT9WHbcY0jSwu', 0, 0, 'CIÊNCIA DA COMPUTAÇÃO/CIC', '200033522', NULL, '2025-07-15 23:42:40.096776', '2025-07-15 23:42:40.096776', '200033522') RETURNING "id" /*action='import_sigaa',application='Camaar',controller='imports'*/[0m
  ↳ app/controllers/admin/imports_controller.rb:68:in 'Admin::ImportsController#create_student'
  [1m[36mTRANSACTION (0.1ms)[0m  [1m[35mRELEASE SAVEPOINT active_record_1 /*action='import_sigaa',application='Camaar',controller='imports'*/[0m
  ↳ app/controllers/admin/imports_controller.rb:68:in 'Admin::ImportsController#create_student'
  [1m[36mUserSubject Load (0.1ms)[0m  [1m[34mSELECT "user_subjects".* FROM "user_subjects" WHERE "user_subjects"."user_id" = 5 AND "user_subjects"."subject_id" = 4 LIMIT 1 /*action='import_sigaa',application='Camaar',controller='imports'*/[0m
  ↳ app/controllers/admin/imports_controller.rb:56:in 'block (2 levels) in Admin::ImportsController#import_participants'
  [1m[36mTRANSACTION (0.0ms)[0m  [1m[35mSAVEPOINT active_record_1 /*action='import_sigaa',application='Camaar',controller='imports'*/[0m
  ↳ app/controllers/admin/imports_controller.rb:56:in 'block (2 levels) in Admin::ImportsController#import_participants'
  [1m[36mUserSubject Create (1.2ms)[0m  [1m[32mINSERT INTO "user_subjects" ("user_id", "subject_id", "created_at", "updated_at") VALUES (5, 4, '2025-07-15 23:42:40.108494', '2025-07-15 23:42:40.108494') RETURNING "id" /*action='import_sigaa',application='Camaar',controller='imports'*/[0m
  ↳ app/controllers/admin/imports_controller.rb:56:in 'block (2 levels) in Admin::ImportsController#import_participants'
  [1m[36mTRANSACTION (0.0ms)[0m  [1m[35mRELEASE SAVEPOINT active_record_1 /*action='import_sigaa',application='Camaar',controller='imports'*/[0m
  ↳ app/controllers/admin/imports_controller.rb:56:in 'block (2 levels) in Admin::ImportsController#import_participants'
  [1m[36mUser Load (0.1ms)[0m  [1m[34mSELECT "users".* FROM "users" WHERE "users"."email" = 'andre.acm97@outlook.com' LIMIT 1 /*action='import_sigaa',application='Camaar',controller='imports'*/[0m
  ↳ app/controllers/admin/imports_controller.rb:68:in 'Admin::ImportsController#create_student'
  [1m[36mTRANSACTION (0.0ms)[0m  [1m[35mSAVEPOINT active_record_1 /*action='import_sigaa',application='Camaar',controller='imports'*/[0m
  ↳ app/controllers/admin/imports_controller.rb:68:in 'Admin::ImportsController#create_student'
  [1m[36mUser Exists? (1.1ms)[0m  [1m[34mSELECT 1 AS one FROM "users" WHERE "users"."email" = 'andre.acm97@outlook.com' LIMIT 1 /*action='import_sigaa',application='Camaar',controller='imports'*/[0m
  ↳ app/controllers/admin/imports_controller.rb:68:in 'Admin::ImportsController#create_student'
  [1m[36mUser Exists? (0.1ms)[0m  [1m[34mSELECT 1 AS one FROM "users" WHERE "users"."username" = '150005491' LIMIT 1 /*action='import_sigaa',application='Camaar',controller='imports'*/[0m
  ↳ app/controllers/admin/imports_controller.rb:68:in 'Admin::ImportsController#create_student'
  [1m[36mUser Create (0.2ms)[0m  [1m[32mINSERT INTO "users" ("name", "email", "hash_password", "role", "academic_background", "student_course", "student_enrolment", "professor_departament", "created_at", "updated_at", "username") VALUES ('André Carvalho Marques', 'andre.acm97@outlook.com', '$2a$12$rVRg45uPbXYDF0Q2gvKWluwydpwuTr93wMzJhIjsee0/VK.YHtg3u', 0, 0, 'CIÊNCIA DA COMPUTAÇÃO/CIC', '150005491', NULL, '2025-07-15 23:42:40.317828', '2025-07-15 23:42:40.317828', '150005491') RETURNING "id" /*action='import_sigaa',application='Camaar',controller='imports'*/[0m
  ↳ app/controllers/admin/imports_controller.rb:68:in 'Admin::ImportsController#create_student'
  [1m[36mTRANSACTION (0.1ms)[0m  [1m[35mRELEASE SAVEPOINT active_record_1 /*action='import_sigaa',application='Camaar',controller='imports'*/[0m
  ↳ app/controllers/admin/imports_controller.rb:68:in 'Admin::ImportsController#create_student'
  [1m[36mUserSubject Load (0.1ms)[0m  [1m[34mSELECT "user_subjects".* FROM "user_subjects" WHERE "user_subjects"."user_id" = 6 AND "user_subjects"."subject_id" = 4 LIMIT 1 /*action='import_sigaa',application='Camaar',controller='imports'*/[0m
  ↳ app/controllers/admin/imports_controller.rb:56:in 'block (2 levels) in Admin::ImportsController#import_participants'
  [1m[36mTRANSACTION (0.0ms)[0m  [1m[35mSAVEPOINT active_record_1 /*action='import_sigaa',application='Camaar',controller='imports'*/[0m
  ↳ app/controllers/admin/imports_controller.rb:56:in 'block (2 levels) in Admin::ImportsController#import_participants'
  [1m[36mUserSubject Create (1.4ms)[0m  [1m[32mINSERT INTO "user_subjects" ("user_id", "subject_id", "created_at", "updated_at") VALUES (6, 4, '2025-07-15 23:42:40.331874', '2025-07-15 23:42:40.331874') RETURNING "id" /*action='import_sigaa',application='Camaar',controller='imports'*/[0m
  ↳ app/controllers/admin/imports_controller.rb:56:in 'block (2 levels) in Admin::ImportsController#import_participants'
  [1m[36mTRANSACTION (0.0ms)[0m  [1m[35mRELEASE SAVEPOINT active_record_1 /*action='import_sigaa',application='Camaar',controller='imports'*/[0m
  ↳ app/controllers/admin/imports_controller.rb:56:in 'block (2 levels) in Admin::ImportsController#import_participants'
  [1m[36mUser Load (0.1ms)[0m  [1m[34mSELECT "users".* FROM "users" WHERE "users"."email" = 'antoniovmoura.r@gmail.com' LIMIT 1 /*action='import_sigaa',application='Camaar',controller='imports'*/[0m
  ↳ app/controllers/admin/imports_controller.rb:68:in 'Admin::ImportsController#create_student'
  [1m[36mTRANSACTION (0.0ms)[0m  [1m[35mSAVEPOINT active_record_1 /*action='import_sigaa',application='Camaar',controller='imports'*/[0m
  ↳ app/controllers/admin/imports_controller.rb:68:in 'Admin::ImportsController#create_student'
  [1m[36mUser Exists? (1.5ms)[0m  [1m[34mSELECT 1 AS one FROM "users" WHERE "users"."email" = 'antoniovmoura.r@gmail.com' LIMIT 1 /*action='import_sigaa',application='Camaar',controller='imports'*/[0m
  ↳ app/controllers/admin/imports_controller.rb:68:in 'Admin::ImportsController#create_student'
  [1m[36mUser Exists? (0.1ms)[0m  [1m[34mSELECT 1 AS one FROM "users" WHERE "users"."username" = '190084502' LIMIT 1 /*action='import_sigaa',application='Camaar',controller='imports'*/[0m
  ↳ app/controllers/admin/imports_controller.rb:68:in 'Admin::ImportsController#create_student'
  [1m[36mUser Create (0.2ms)[0m  [1m[32mINSERT INTO "users" ("name", "email", "hash_password", "role", "academic_background", "student_course", "student_enrolment", "professor_departament", "created_at", "updated_at", "username") VALUES ('Antonio Vinicius de Moura Rodrigues', 'antoniovmoura.r@gmail.com', '$2a$12$wKZtbl56BfUICoZcHSwKfuIRTLHx.yEHncOramBKQ39szQl/OLbx6', 0, 0, 'CIÊNCIA DA COMPUTAÇÃO/CIC', '190084502', NULL, '2025-07-15 23:42:40.539382', '2025-07-15 23:42:40.539382', '190084502') RETURNING "id" /*action='import_sigaa',application='Camaar',controller='imports'*/[0m
  ↳ app/controllers/admin/imports_controller.rb:68:in 'Admin::ImportsController#create_student'
  [1m[36mTRANSACTION (0.1ms)[0m  [1m[35mRELEASE SAVEPOINT active_record_1 /*action='import_sigaa',application='Camaar',controller='imports'*/[0m
  ↳ app/controllers/admin/imports_controller.rb:68:in 'Admin::ImportsController#create_student'
  [1m[36mUserSubject Load (0.1ms)[0m  [1m[34mSELECT "user_subjects".* FROM "user_subjects" WHERE "user_subjects"."user_id" = 7 AND "user_subjects"."subject_id" = 4 LIMIT 1 /*action='import_sigaa',application='Camaar',controller='imports'*/[0m
  ↳ app/controllers/admin/imports_controller.rb:56:in 'block (2 levels) in Admin::ImportsController#import_participants'
  [1m[36mTRANSACTION (0.0ms)[0m  [1m[35mSAVEPOINT active_record_1 /*action='import_sigaa',application='Camaar',controller='imports'*/[0m
  ↳ app/controllers/admin/imports_controller.rb:56:in 'block (2 levels) in Admin::ImportsController#import_participants'
  [1m[36mUserSubject Create (1.4ms)[0m  [1m[32mINSERT INTO "user_subjects" ("user_id", "subject_id", "created_at", "updated_at") VALUES (7, 4, '2025-07-15 23:42:40.557972', '2025-07-15 23:42:40.557972') RETURNING "id" /*action='import_sigaa',application='Camaar',controller='imports'*/[0m
  ↳ app/controllers/admin/imports_controller.rb:56:in 'block (2 levels) in Admin::ImportsController#import_participants'
  [1m[36mTRANSACTION (0.0ms)[0m  [1m[35mRELEASE SAVEPOINT active_record_1 /*action='import_sigaa',application='Camaar',controller='imports'*/[0m
  ↳ app/controllers/admin/imports_controller.rb:56:in 'block (2 levels) in Admin::ImportsController#import_participants'
  [1m[36mUser Load (0.1ms)[0m  [1m[34mSELECT "users".* FROM "users" WHERE "users"."email" = 'arthurbarreirosmota@gmail.com' LIMIT 1 /*action='import_sigaa',application='Camaar',controller='imports'*/[0m
  ↳ app/controllers/admin/imports_controller.rb:68:in 'Admin::ImportsController#create_student'
  [1m[36mTRANSACTION (0.0ms)[0m  [1m[35mSAVEPOINT active_record_1 /*action='import_sigaa',application='Camaar',controller='imports'*/[0m
  ↳ app/controllers/admin/imports_controller.rb:68:in 'Admin::ImportsController#create_student'
  [1m[36mUser Exists? (1.2ms)[0m  [1m[34mSELECT 1 AS one FROM "users" WHERE "users"."email" = 'arthurbarreirosmota@gmail.com' LIMIT 1 /*action='import_sigaa',application='Camaar',controller='imports'*/[0m
  ↳ app/controllers/admin/imports_controller.rb:68:in 'Admin::ImportsController#create_student'
  [1m[36mUser Exists? (0.1ms)[0m  [1m[34mSELECT 1 AS one FROM "users" WHERE "users"."username" = '190102829' LIMIT 1 /*action='import_sigaa',application='Camaar',controller='imports'*/[0m
  ↳ app/controllers/admin/imports_controller.rb:68:in 'Admin::ImportsController#create_student'
  [1m[36mUser Create (0.2ms)[0m  [1m[32mINSERT INTO "users" ("name", "email", "hash_password", "role", "academic_background", "student_course", "student_enrolment", "professor_departament", "created_at", "updated_at", "username") VALUES ('Arthur Barreiros de Oliveira Mota', 'arthurbarreirosmota@gmail.com', '$2a$12$jUCK2ViGdGXDeQ5aUTYDE.Lq.IIPt5rXEnkZVqm1VScrbS0PySLSq', 0, 0, 'CIÊNCIA DA COMPUTAÇÃO/CIC', '190102829', NULL, '2025-07-15 23:42:40.765259', '2025-07-15 23:42:40.765259', '190102829') RETURNING "id" /*action='import_sigaa',application='Camaar',controller='imports'*/[0m
  ↳ app/controllers/admin/imports_controller.rb:68:in 'Admin::ImportsController#create_student'
  [1m[36mTRANSACTION (0.1ms)[0m  [1m[35mRELEASE SAVEPOINT active_record_1 /*action='import_sigaa',application='Camaar',controller='imports'*/[0m
  ↳ app/controllers/admin/imports_controller.rb:68:in 'Admin::ImportsController#create_student'
  [1m[36mUserSubject Load (0.1ms)[0m  [1m[34mSELECT "user_subjects".* FROM "user_subjects" WHERE "user_subjects"."user_id" = 8 AND "user_subjects"."subject_id" = 4 LIMIT 1 /*action='import_sigaa',application='Camaar',controller='imports'*/[0m
  ↳ app/controllers/admin/imports_controller.rb:56:in 'block (2 levels) in Admin::ImportsController#import_participants'
  [1m[36mTRANSACTION (0.0ms)[0m  [1m[35mSAVEPOINT active_record_1 /*action='import_sigaa',application='Camaar',controller='imports'*/[0m
  ↳ app/controllers/admin/imports_controller.rb:56:in 'block (2 levels) in Admin::ImportsController#import_participants'
  [1m[36mUserSubject Create (1.6ms)[0m  [1m[32mINSERT INTO "user_subjects" ("user_id", "subject_id", "created_at", "updated_at") VALUES (8, 4, '2025-07-15 23:42:40.776215', '2025-07-15 23:42:40.776215') RETURNING "id" /*action='import_sigaa',application='Camaar',controller='imports'*/[0m
  ↳ app/controllers/admin/imports_controller.rb:56:in 'block (2 levels) in Admin::ImportsController#import_participants'
  [1m[36mTRANSACTION (0.0ms)[0m  [1m[35mRELEASE SAVEPOINT active_record_1 /*action='import_sigaa',application='Camaar',controller='imports'*/[0m
  ↳ app/controllers/admin/imports_controller.rb:56:in 'block (2 levels) in Admin::ImportsController#import_participants'
  [1m[36mUser Load (0.1ms)[0m  [1m[34mSELECT "users".* FROM "users" WHERE "users"."email" = 'arthurcontroleambiental@gmail.com' LIMIT 1 /*action='import_sigaa',application='Camaar',controller='imports'*/[0m
  ↳ app/controllers/admin/imports_controller.rb:68:in 'Admin::ImportsController#create_student'
  [1m[36mTRANSACTION (0.1ms)[0m  [1m[35mSAVEPOINT active_record_1 /*action='import_sigaa',application='Camaar',controller='imports'*/[0m
  ↳ app/controllers/admin/imports_controller.rb:68:in 'Admin::ImportsController#create_student'
  [1m[36mUser Exists? (1.8ms)[0m  [1m[34mSELECT 1 AS one FROM "users" WHERE "users"."email" = 'arthurcontroleambiental@gmail.com' LIMIT 1 /*action='import_sigaa',application='Camaar',controller='imports'*/[0m
  ↳ app/controllers/admin/imports_controller.rb:68:in 'Admin::ImportsController#create_student'
  [1m[36mUser Exists? (0.2ms)[0m  [1m[34mSELECT 1 AS one FROM "users" WHERE "users"."username" = '202014403' LIMIT 1 /*action='import_sigaa',application='Camaar',controller='imports'*/[0m
  ↳ app/controllers/admin/imports_controller.rb:68:in 'Admin::ImportsController#create_student'
  [1m[36mUser Create (0.2ms)[0m  [1m[32mINSERT INTO "users" ("name", "email", "hash_password", "role", "academic_background", "student_course", "student_enrolment", "professor_departament", "created_at", "updated_at", "username") VALUES ('ARTHUR RODRIGUES NEVES', 'arthurcontroleambiental@gmail.com', '$2a$12$dg8PrtI9dRoK6lIK82O0yeT/Lcm8Ve3CTZc/LUj4NvM4XzQi3b09S', 0, 0, 'ENGENHARIA DE COMPUTAÇÃO/CIC', '202014403', NULL, '2025-07-15 23:42:40.978497', '2025-07-15 23:42:40.978497', '202014403') RETURNING "id" /*action='import_sigaa',application='Camaar',controller='imports'*/[0m
  ↳ app/controllers/admin/imports_controller.rb:68:in 'Admin::ImportsController#create_student'
  [1m[36mTRANSACTION (0.0ms)[0m  [1m[35mRELEASE SAVEPOINT active_record_1 /*action='import_sigaa',application='Camaar',controller='imports'*/[0m
  ↳ app/controllers/admin/imports_controller.rb:68:in 'Admin::ImportsController#create_student'
  [1m[36mUserSubject Load (0.1ms)[0m  [1m[34mSELECT "user_subjects".* FROM "user_subjects" WHERE "user_subjects"."user_id" = 9 AND "user_subjects"."subject_id" = 4 LIMIT 1 /*action='import_sigaa',application='Camaar',controller='imports'*/[0m
  ↳ app/controllers/admin/imports_controller.rb:56:in 'block (2 levels) in Admin::ImportsController#import_participants'
  [1m[36mTRANSACTION (0.0ms)[0m  [1m[35mSAVEPOINT active_record_1 /*action='import_sigaa',application='Camaar',controller='imports'*/[0m
  ↳ app/controllers/admin/imports_controller.rb:56:in 'block (2 levels) in Admin::ImportsController#import_participants'
  [1m[36mUserSubject Create (1.5ms)[0m  [1m[32mINSERT INTO "user_subjects" ("user_id", "subject_id", "created_at", "updated_at") VALUES (9, 4, '2025-07-15 23:42:40.989950', '2025-07-15 23:42:40.989950') RETURNING "id" /*action='import_sigaa',application='Camaar',controller='imports'*/[0m
  ↳ app/controllers/admin/imports_controller.rb:56:in 'block (2 levels) in Admin::ImportsController#import_participants'
  [1m[36mTRANSACTION (0.1ms)[0m  [1m[35mRELEASE SAVEPOINT active_record_1 /*action='import_sigaa',application='Camaar',controller='imports'*/[0m
  ↳ app/controllers/admin/imports_controller.rb:56:in 'block (2 levels) in Admin::ImportsController#import_participants'
  [1m[36mUser Load (0.1ms)[0m  [1m[34mSELECT "users".* FROM "users" WHERE "users"."email" = 'biancaglyciaboueri@gmail.com' LIMIT 1 /*action='import_sigaa',application='Camaar',controller='imports'*/[0m
  ↳ app/controllers/admin/imports_controller.rb:68:in 'Admin::ImportsController#create_student'
  [1m[36mTRANSACTION (0.0ms)[0m  [1m[35mSAVEPOINT active_record_1 /*action='import_sigaa',application='Camaar',controller='imports'*/[0m
  ↳ app/controllers/admin/imports_controller.rb:68:in 'Admin::ImportsController#create_student'
  [1m[36mUser Exists? (1.7ms)[0m  [1m[34mSELECT 1 AS one FROM "users" WHERE "users"."email" = 'biancaglyciaboueri@gmail.com' LIMIT 1 /*action='import_sigaa',application='Camaar',controller='imports'*/[0m
  ↳ app/controllers/admin/imports_controller.rb:68:in 'Admin::ImportsController#create_student'
  [1m[36mUser Exists? (0.1ms)[0m  [1m[34mSELECT 1 AS one FROM "users" WHERE "users"."username" = '170161561' LIMIT 1 /*action='import_sigaa',application='Camaar',controller='imports'*/[0m
  ↳ app/controllers/admin/imports_controller.rb:68:in 'Admin::ImportsController#create_student'
  [1m[36mUser Create (0.2ms)[0m  [1m[32mINSERT INTO "users" ("name", "email", "hash_password", "role", "academic_background", "student_course", "student_enrolment", "professor_departament", "created_at", "updated_at", "username") VALUES ('Bianca Glycia Boueri', 'biancaglyciaboueri@gmail.com', '$2a$12$U3Y/vLvqf0gh7DRThxwHnuVG.3nirbjlusSVdJCch0AwXQ324ZQmK', 0, 0, 'ENGENHARIA MECATRÔNICA - CONTROLE E AUTOMAÇÃO/FTD', '170161561', NULL, '2025-07-15 23:42:41.194176', '2025-07-15 23:42:41.194176', '170161561') RETURNING "id" /*action='import_sigaa',application='Camaar',controller='imports'*/[0m
  ↳ app/controllers/admin/imports_controller.rb:68:in 'Admin::ImportsController#create_student'
  [1m[36mTRANSACTION (0.0ms)[0m  [1m[35mRELEASE SAVEPOINT active_record_1 /*action='import_sigaa',application='Camaar',controller='imports'*/[0m
  ↳ app/controllers/admin/imports_controller.rb:68:in 'Admin::ImportsController#create_student'
  [1m[36mUserSubject Load (0.1ms)[0m  [1m[34mSELECT "user_subjects".* FROM "user_subjects" WHERE "user_subjects"."user_id" = 10 AND "user_subjects"."subject_id" = 4 LIMIT 1 /*action='import_sigaa',application='Camaar',controller='imports'*/[0m
  ↳ app/controllers/admin/imports_controller.rb:56:in 'block (2 levels) in Admin::ImportsController#import_participants'
  [1m[36mTRANSACTION (0.0ms)[0m  [1m[35mSAVEPOINT active_record_1 /*action='import_sigaa',application='Camaar',controller='imports'*/[0m
  ↳ app/controllers/admin/imports_controller.rb:56:in 'block (2 levels) in Admin::ImportsController#import_participants'
  [1m[36mUserSubject Create (1.5ms)[0m  [1m[32mINSERT INTO "user_subjects" ("user_id", "subject_id", "created_at", "updated_at") VALUES (10, 4, '2025-07-15 23:42:41.199544', '2025-07-15 23:42:41.199544') RETURNING "id" /*action='import_sigaa',application='Camaar',controller='imports'*/[0m
  ↳ app/controllers/admin/imports_controller.rb:56:in 'block (2 levels) in Admin::ImportsController#import_participants'
  [1m[36mTRANSACTION (0.1ms)[0m  [1m[35mRELEASE SAVEPOINT active_record_1 /*action='import_sigaa',application='Camaar',controller='imports'*/[0m
  ↳ app/controllers/admin/imports_controller.rb:56:in 'block (2 levels) in Admin::ImportsController#import_participants'
  [1m[36mUser Load (0.1ms)[0m  [1m[34mSELECT "users".* FROM "users" WHERE "users"."email" = 'peluticaio@gmail.com' LIMIT 1 /*action='import_sigaa',application='Camaar',controller='imports'*/[0m
  ↳ app/controllers/admin/imports_controller.rb:68:in 'Admin::ImportsController#create_student'
  [1m[36mTRANSACTION (0.0ms)[0m  [1m[35mSAVEPOINT active_record_1 /*action='import_sigaa',application='Camaar',controller='imports'*/[0m
  ↳ app/controllers/admin/imports_controller.rb:68:in 'Admin::ImportsController#create_student'
  [1m[36mUser Exists? (1.4ms)[0m  [1m[34mSELECT 1 AS one FROM "users" WHERE "users"."email" = 'peluticaio@gmail.com' LIMIT 1 /*action='import_sigaa',application='Camaar',controller='imports'*/[0m
  ↳ app/controllers/admin/imports_controller.rb:68:in 'Admin::ImportsController#create_student'
  [1m[36mUser Exists? (0.1ms)[0m  [1m[34mSELECT 1 AS one FROM "users" WHERE "users"."username" = '190085312' LIMIT 1 /*action='import_sigaa',application='Camaar',controller='imports'*/[0m
  ↳ app/controllers/admin/imports_controller.rb:68:in 'Admin::ImportsController#create_student'
  [1m[36mUser Create (0.1ms)[0m  [1m[32mINSERT INTO "users" ("name", "email", "hash_password", "role", "academic_background", "student_course", "student_enrolment", "professor_departament", "created_at", "updated_at", "username") VALUES ('Caio Otávio Peluti Alencar', 'peluticaio@gmail.com', '$2a$12$RQ7S4hKc7f6xWM0WAx2yuuKj.zB/sD4eo72NEubensAGzLXZyVPyq', 0, 0, 'CIÊNCIA DA COMPUTAÇÃO/CIC', '190085312', NULL, '2025-07-15 23:42:41.434015', '2025-07-15 23:42:41.434015', '190085312') RETURNING "id" /*action='import_sigaa',application='Camaar',controller='imports'*/[0m
  ↳ app/controllers/admin/imports_controller.rb:68:in 'Admin::ImportsController#create_student'
  [1m[36mTRANSACTION (0.0ms)[0m  [1m[35mRELEASE SAVEPOINT active_record_1 /*action='import_sigaa',application='Camaar',controller='imports'*/[0m
  ↳ app/controllers/admin/imports_controller.rb:68:in 'Admin::ImportsController#create_student'
  [1m[36mUserSubject Load (0.2ms)[0m  [1m[34mSELECT "user_subjects".* FROM "user_subjects" WHERE "user_subjects"."user_id" = 11 AND "user_subjects"."subject_id" = 4 LIMIT 1 /*action='import_sigaa',application='Camaar',controller='imports'*/[0m
  ↳ app/controllers/admin/imports_controller.rb:56:in 'block (2 levels) in Admin::ImportsController#import_participants'
  [1m[36mTRANSACTION (0.1ms)[0m  [1m[35mSAVEPOINT active_record_1 /*action='import_sigaa',application='Camaar',controller='imports'*/[0m
  ↳ app/controllers/admin/imports_controller.rb:56:in 'block (2 levels) in Admin::ImportsController#import_participants'
  [1m[36mUserSubject Create (2.8ms)[0m  [1m[32mINSERT INTO "user_subjects" ("user_id", "subject_id", "created_at", "updated_at") VALUES (11, 4, '2025-07-15 23:42:41.438725', '2025-07-15 23:42:41.438725') RETURNING "id" /*action='import_sigaa',application='Camaar',controller='imports'*/[0m
  ↳ app/controllers/admin/imports_controller.rb:56:in 'block (2 levels) in Admin::ImportsController#import_participants'
  [1m[36mTRANSACTION (0.1ms)[0m  [1m[35mRELEASE SAVEPOINT active_record_1 /*action='import_sigaa',application='Camaar',controller='imports'*/[0m
  ↳ app/controllers/admin/imports_controller.rb:56:in 'block (2 levels) in Admin::ImportsController#import_participants'
  [1m[36mUser Load (0.2ms)[0m  [1m[34mSELECT "users".* FROM "users" WHERE "users"."email" = 'camilizx2021@gmail.com' LIMIT 1 /*action='import_sigaa',application='Camaar',controller='imports'*/[0m
  ↳ app/controllers/admin/imports_controller.rb:68:in 'Admin::ImportsController#create_student'
  [1m[36mTRANSACTION (0.0ms)[0m  [1m[35mSAVEPOINT active_record_1 /*action='import_sigaa',application='Camaar',controller='imports'*/[0m
  ↳ app/controllers/admin/imports_controller.rb:68:in 'Admin::ImportsController#create_student'
  [1m[36mUser Exists? (1.7ms)[0m  [1m[34mSELECT 1 AS one FROM "users" WHERE "users"."email" = 'camilizx2021@gmail.com' LIMIT 1 /*action='import_sigaa',application='Camaar',controller='imports'*/[0m
  ↳ app/controllers/admin/imports_controller.rb:68:in 'Admin::ImportsController#create_student'
  [1m[36mUser Exists? (0.1ms)[0m  [1m[34mSELECT 1 AS one FROM "users" WHERE "users"."username" = '170007561' LIMIT 1 /*action='import_sigaa',application='Camaar',controller='imports'*/[0m
  ↳ app/controllers/admin/imports_controller.rb:68:in 'Admin::ImportsController#create_student'
  [1m[36mUser Create (0.1ms)[0m  [1m[32mINSERT INTO "users" ("name", "email", "hash_password", "role", "academic_background", "student_course", "student_enrolment", "professor_departament", "created_at", "updated_at", "username") VALUES ('Camila Frealdo Fraga', 'camilizx2021@gmail.com', '$2a$12$muru5SMGejU9RjaMtx3iEONvQjTPAk4r0Gb3yb7lbSYCsnmR0I/mu', 0, 0, 'CIÊNCIA DA COMPUTAÇÃO/CIC', '170007561', NULL, '2025-07-15 23:42:41.642445', '2025-07-15 23:42:41.642445', '170007561') RETURNING "id" /*action='import_sigaa',application='Camaar',controller='imports'*/[0m
  ↳ app/controllers/admin/imports_controller.rb:68:in 'Admin::ImportsController#create_student'
  [1m[36mTRANSACTION (0.1ms)[0m  [1m[35mRELEASE SAVEPOINT active_record_1 /*action='import_sigaa',application='Camaar',controller='imports'*/[0m
  ↳ app/controllers/admin/imports_controller.rb:68:in 'Admin::ImportsController#create_student'
  [1m[36mUserSubject Load (0.1ms)[0m  [1m[34mSELECT "user_subjects".* FROM "user_subjects" WHERE "user_subjects"."user_id" = 12 AND "user_subjects"."subject_id" = 4 LIMIT 1 /*action='import_sigaa',application='Camaar',controller='imports'*/[0m
  ↳ app/controllers/admin/imports_controller.rb:56:in 'block (2 levels) in Admin::ImportsController#import_participants'
  [1m[36mTRANSACTION (0.0ms)[0m  [1m[35mSAVEPOINT active_record_1 /*action='import_sigaa',application='Camaar',controller='imports'*/[0m
  ↳ app/controllers/admin/imports_controller.rb:56:in 'block (2 levels) in Admin::ImportsController#import_participants'
  [1m[36mUserSubject Create (1.4ms)[0m  [1m[32mINSERT INTO "user_subjects" ("user_id", "subject_id", "created_at", "updated_at") VALUES (12, 4, '2025-07-15 23:42:41.646634', '2025-07-15 23:42:41.646634') RETURNING "id" /*action='import_sigaa',application='Camaar',controller='imports'*/[0m
  ↳ app/controllers/admin/imports_controller.rb:56:in 'block (2 levels) in Admin::ImportsController#import_participants'
  [1m[36mTRANSACTION (0.1ms)[0m  [1m[35mRELEASE SAVEPOINT active_record_1 /*action='import_sigaa',application='Camaar',controller='imports'*/[0m
  ↳ app/controllers/admin/imports_controller.rb:56:in 'block (2 levels) in Admin::ImportsController#import_participants'
  [1m[36mUser Load (1.3ms)[0m  [1m[34mSELECT "users".* FROM "users" WHERE "users"."email" = 'dinhobarros15@gmail.com' LIMIT 1 /*action='import_sigaa',application='Camaar',controller='imports'*/[0m
  ↳ app/controllers/admin/imports_controller.rb:68:in 'Admin::ImportsController#create_student'
  [1m[36mTRANSACTION (0.0ms)[0m  [1m[35mSAVEPOINT active_record_1 /*action='import_sigaa',application='Camaar',controller='imports'*/[0m
  ↳ app/controllers/admin/imports_controller.rb:68:in 'Admin::ImportsController#create_student'
  [1m[36mUser Exists? (1.7ms)[0m  [1m[34mSELECT 1 AS one FROM "users" WHERE "users"."email" = 'dinhobarros15@gmail.com' LIMIT 1 /*action='import_sigaa',application='Camaar',controller='imports'*/[0m
  ↳ app/controllers/admin/imports_controller.rb:68:in 'Admin::ImportsController#create_student'
  [1m[36mUser Exists? (0.1ms)[0m  [1m[34mSELECT 1 AS one FROM "users" WHERE "users"."username" = '190097591' LIMIT 1 /*action='import_sigaa',application='Camaar',controller='imports'*/[0m
  ↳ app/controllers/admin/imports_controller.rb:68:in 'Admin::ImportsController#create_student'
  [1m[36mUser Create (0.2ms)[0m  [1m[32mINSERT INTO "users" ("name", "email", "hash_password", "role", "academic_background", "student_course", "student_enrolment", "professor_departament", "created_at", "updated_at", "username") VALUES ('Claudio Roberto Oliveira Peres de Barros', 'dinhobarros15@gmail.com', '$2a$12$P4cyPUrqiAtb//MHbSXG2eTsYwGV6n6I1V/t/usH5KnjR85tMdJLa', 0, 0, 'CIÊNCIA DA COMPUTAÇÃO/CIC', '190097591', NULL, '2025-07-15 23:42:41.849955', '2025-07-15 23:42:41.849955', '190097591') RETURNING "id" /*action='import_sigaa',application='Camaar',controller='imports'*/[0m
  ↳ app/controllers/admin/imports_controller.rb:68:in 'Admin::ImportsController#create_student'
  [1m[36mTRANSACTION (0.1ms)[0m  [1m[35mRELEASE SAVEPOINT active_record_1 /*action='import_sigaa',application='Camaar',controller='imports'*/[0m
  ↳ app/controllers/admin/imports_controller.rb:68:in 'Admin::ImportsController#create_student'
  [1m[36mUserSubject Load (0.2ms)[0m  [1m[34mSELECT "user_subjects".* FROM "user_subjects" WHERE "user_subjects"."user_id" = 13 AND "user_subjects"."subject_id" = 4 LIMIT 1 /*action='import_sigaa',application='Camaar',controller='imports'*/[0m
  ↳ app/controllers/admin/imports_controller.rb:56:in 'block (2 levels) in Admin::ImportsController#import_participants'
  [1m[36mTRANSACTION (0.0ms)[0m  [1m[35mSAVEPOINT active_record_1 /*action='import_sigaa',application='Camaar',controller='imports'*/[0m
  ↳ app/controllers/admin/imports_controller.rb:56:in 'block (2 levels) in Admin::ImportsController#import_participants'
  [1m[36mUserSubject Create (1.8ms)[0m  [1m[32mINSERT INTO "user_subjects" ("user_id", "subject_id", "created_at", "updated_at") VALUES (13, 4, '2025-07-15 23:42:41.855649', '2025-07-15 23:42:41.855649') RETURNING "id" /*action='import_sigaa',application='Camaar',controller='imports'*/[0m
  ↳ app/controllers/admin/imports_controller.rb:56:in 'block (2 levels) in Admin::ImportsController#import_participants'
  [1m[36mTRANSACTION (0.0ms)[0m  [1m[35mRELEASE SAVEPOINT active_record_1 /*action='import_sigaa',application='Camaar',controller='imports'*/[0m
  ↳ app/controllers/admin/imports_controller.rb:56:in 'block (2 levels) in Admin::ImportsController#import_participants'
  [1m[36mUser Load (0.3ms)[0m  [1m[34mSELECT "users".* FROM "users" WHERE "users"."email" = 'daltroov777@gmail.com' LIMIT 1 /*action='import_sigaa',application='Camaar',controller='imports'*/[0m
  ↳ app/controllers/admin/imports_controller.rb:68:in 'Admin::ImportsController#create_student'
  [1m[36mTRANSACTION (0.0ms)[0m  [1m[35mSAVEPOINT active_record_1 /*action='import_sigaa',application='Camaar',controller='imports'*/[0m
  ↳ app/controllers/admin/imports_controller.rb:68:in 'Admin::ImportsController#create_student'
  [1m[36mUser Exists? (1.1ms)[0m  [1m[34mSELECT 1 AS one FROM "users" WHERE "users"."email" = 'daltroov777@gmail.com' LIMIT 1 /*action='import_sigaa',application='Camaar',controller='imports'*/[0m
  ↳ app/controllers/admin/imports_controller.rb:68:in 'Admin::ImportsController#create_student'
  [1m[36mUser Exists? (0.1ms)[0m  [1m[34mSELECT 1 AS one FROM "users" WHERE "users"."username" = '160025966' LIMIT 1 /*action='import_sigaa',application='Camaar',controller='imports'*/[0m
  ↳ app/controllers/admin/imports_controller.rb:68:in 'Admin::ImportsController#create_student'
  [1m[36mUser Create (0.2ms)[0m  [1m[32mINSERT INTO "users" ("name", "email", "hash_password", "role", "academic_background", "student_course", "student_enrolment", "professor_departament", "created_at", "updated_at", "username") VALUES ('Daltro Oliveira Vinuto', 'daltroov777@gmail.com', '$2a$12$D7QwOxH9475mmpcQXGk2YOjIQg29R9TVhH7qfx0hFf228ZkkuLOVq', 0, 0, 'CIÊNCIA DA COMPUTAÇÃO/CIC', '160025966', NULL, '2025-07-15 23:42:42.055127', '2025-07-15 23:42:42.055127', '160025966') RETURNING "id" /*action='import_sigaa',application='Camaar',controller='imports'*/[0m
  ↳ app/controllers/admin/imports_controller.rb:68:in 'Admin::ImportsController#create_student'
  [1m[36mTRANSACTION (0.2ms)[0m  [1m[35mRELEASE SAVEPOINT active_record_1 /*action='import_sigaa',application='Camaar',controller='imports'*/[0m
  ↳ app/controllers/admin/imports_controller.rb:68:in 'Admin::ImportsController#create_student'
  [1m[36mUserSubject Load (0.1ms)[0m  [1m[34mSELECT "user_subjects".* FROM "user_subjects" WHERE "user_subjects"."user_id" = 14 AND "user_subjects"."subject_id" = 4 LIMIT 1 /*action='import_sigaa',application='Camaar',controller='imports'*/[0m
  ↳ app/controllers/admin/imports_controller.rb:56:in 'block (2 levels) in Admin::ImportsController#import_participants'
  [1m[36mTRANSACTION (0.1ms)[0m  [1m[35mSAVEPOINT active_record_1 /*action='import_sigaa',application='Camaar',controller='imports'*/[0m
  ↳ app/controllers/admin/imports_controller.rb:56:in 'block (2 levels) in Admin::ImportsController#import_participants'
  [1m[36mUserSubject Create (1.7ms)[0m  [1m[32mINSERT INTO "user_subjects" ("user_id", "subject_id", "created_at", "updated_at") VALUES (14, 4, '2025-07-15 23:42:42.061307', '2025-07-15 23:42:42.061307') RETURNING "id" /*action='import_sigaa',application='Camaar',controller='imports'*/[0m
  ↳ app/controllers/admin/imports_controller.rb:56:in 'block (2 levels) in Admin::ImportsController#import_participants'
  [1m[36mTRANSACTION (0.1ms)[0m  [1m[35mRELEASE SAVEPOINT active_record_1 /*action='import_sigaa',application='Camaar',controller='imports'*/[0m
  ↳ app/controllers/admin/imports_controller.rb:56:in 'block (2 levels) in Admin::ImportsController#import_participants'
  [1m[36mUser Load (0.1ms)[0m  [1m[34mSELECT "users".* FROM "users" WHERE "users"."email" = 'davimouraamaral@gmail.com' LIMIT 1 /*action='import_sigaa',application='Camaar',controller='imports'*/[0m
  ↳ app/controllers/admin/imports_controller.rb:68:in 'Admin::ImportsController#create_student'
  [1m[36mTRANSACTION (0.0ms)[0m  [1m[35mSAVEPOINT active_record_1 /*action='import_sigaa',application='Camaar',controller='imports'*/[0m
  ↳ app/controllers/admin/imports_controller.rb:68:in 'Admin::ImportsController#create_student'
  [1m[36mUser Exists? (1.1ms)[0m  [1m[34mSELECT 1 AS one FROM "users" WHERE "users"."email" = 'davimouraamaral@gmail.com' LIMIT 1 /*action='import_sigaa',application='Camaar',controller='imports'*/[0m
  ↳ app/controllers/admin/imports_controller.rb:68:in 'Admin::ImportsController#create_student'
  [1m[36mUser Exists? (0.1ms)[0m  [1m[34mSELECT 1 AS one FROM "users" WHERE "users"."username" = '200016750' LIMIT 1 /*action='import_sigaa',application='Camaar',controller='imports'*/[0m
  ↳ app/controllers/admin/imports_controller.rb:68:in 'Admin::ImportsController#create_student'
  [1m[36mUser Create (0.3ms)[0m  [1m[32mINSERT INTO "users" ("name", "email", "hash_password", "role", "academic_background", "student_course", "student_enrolment", "professor_departament", "created_at", "updated_at", "username") VALUES ('Davi de Moura Amaral', 'davimouraamaral@gmail.com', '$2a$12$/bdU8btjbzi2TZyFgBHg2.KICBxQU2BgGjYfz24z97VRzHE04nSBm', 0, 0, 'CIÊNCIA DA COMPUTAÇÃO/CIC', '200016750', NULL, '2025-07-15 23:42:42.269430', '2025-07-15 23:42:42.269430', '200016750') RETURNING "id" /*action='import_sigaa',application='Camaar',controller='imports'*/[0m
  ↳ app/controllers/admin/imports_controller.rb:68:in 'Admin::ImportsController#create_student'
  [1m[36mTRANSACTION (0.0ms)[0m  [1m[35mRELEASE SAVEPOINT active_record_1 /*action='import_sigaa',application='Camaar',controller='imports'*/[0m
  ↳ app/controllers/admin/imports_controller.rb:68:in 'Admin::ImportsController#create_student'
  [1m[36mUserSubject Load (0.1ms)[0m  [1m[34mSELECT "user_subjects".* FROM "user_subjects" WHERE "user_subjects"."user_id" = 15 AND "user_subjects"."subject_id" = 4 LIMIT 1 /*action='import_sigaa',application='Camaar',controller='imports'*/[0m
  ↳ app/controllers/admin/imports_controller.rb:56:in 'block (2 levels) in Admin::ImportsController#import_participants'
  [1m[36mTRANSACTION (0.0ms)[0m  [1m[35mSAVEPOINT active_record_1 /*action='import_sigaa',application='Camaar',controller='imports'*/[0m
  ↳ app/controllers/admin/imports_controller.rb:56:in 'block (2 levels) in Admin::ImportsController#import_participants'
  [1m[36mUserSubject Create (1.1ms)[0m  [1m[32mINSERT INTO "user_subjects" ("user_id", "subject_id", "created_at", "updated_at") VALUES (15, 4, '2025-07-15 23:42:42.286822', '2025-07-15 23:42:42.286822') RETURNING "id" /*action='import_sigaa',application='Camaar',controller='imports'*/[0m
  ↳ app/controllers/admin/imports_controller.rb:56:in 'block (2 levels) in Admin::ImportsController#import_participants'
  [1m[36mTRANSACTION (0.0ms)[0m  [1m[35mRELEASE SAVEPOINT active_record_1 /*action='import_sigaa',application='Camaar',controller='imports'*/[0m
  ↳ app/controllers/admin/imports_controller.rb:56:in 'block (2 levels) in Admin::ImportsController#import_participants'
  [1m[36mUser Load (0.1ms)[0m  [1m[34mSELECT "users".* FROM "users" WHERE "users"."email" = 'eduardoxdantas@gmail.com' LIMIT 1 /*action='import_sigaa',application='Camaar',controller='imports'*/[0m
  ↳ app/controllers/admin/imports_controller.rb:68:in 'Admin::ImportsController#create_student'
  [1m[36mTRANSACTION (0.0ms)[0m  [1m[35mSAVEPOINT active_record_1 /*action='import_sigaa',application='Camaar',controller='imports'*/[0m
  ↳ app/controllers/admin/imports_controller.rb:68:in 'Admin::ImportsController#create_student'
  [1m[36mUser Exists? (2.3ms)[0m  [1m[34mSELECT 1 AS one FROM "users" WHERE "users"."email" = 'eduardoxdantas@gmail.com' LIMIT 1 /*action='import_sigaa',application='Camaar',controller='imports'*/[0m
  ↳ app/controllers/admin/imports_controller.rb:68:in 'Admin::ImportsController#create_student'
  [1m[36mUser Exists? (0.1ms)[0m  [1m[34mSELECT 1 AS one FROM "users" WHERE "users"."username" = '190086530' LIMIT 1 /*action='import_sigaa',application='Camaar',controller='imports'*/[0m
  ↳ app/controllers/admin/imports_controller.rb:68:in 'Admin::ImportsController#create_student'
  [1m[36mUser Create (0.1ms)[0m  [1m[32mINSERT INTO "users" ("name", "email", "hash_password", "role", "academic_background", "student_course", "student_enrolment", "professor_departament", "created_at", "updated_at", "username") VALUES ('Eduardo Xavier Dantas', 'eduardoxdantas@gmail.com', '$2a$12$/KxFqxoosi7fEAVep9jhC.oLF4TnIYFBrPnFkq0V3q1EooSVcIESe', 0, 0, 'CIÊNCIA DA COMPUTAÇÃO/CIC', '190086530', NULL, '2025-07-15 23:42:42.497180', '2025-07-15 23:42:42.497180', '190086530') RETURNING "id" /*action='import_sigaa',application='Camaar',controller='imports'*/[0m
  ↳ app/controllers/admin/imports_controller.rb:68:in 'Admin::ImportsController#create_student'
  [1m[36mTRANSACTION (0.0ms)[0m  [1m[35mRELEASE SAVEPOINT active_record_1 /*action='import_sigaa',application='Camaar',controller='imports'*/[0m
  ↳ app/controllers/admin/imports_controller.rb:68:in 'Admin::ImportsController#create_student'
  [1m[36mUserSubject Load (0.1ms)[0m  [1m[34mSELECT "user_subjects".* FROM "user_subjects" WHERE "user_subjects"."user_id" = 16 AND "user_subjects"."subject_id" = 4 LIMIT 1 /*action='import_sigaa',application='Camaar',controller='imports'*/[0m
  ↳ app/controllers/admin/imports_controller.rb:56:in 'block (2 levels) in Admin::ImportsController#import_participants'
  [1m[36mTRANSACTION (0.0ms)[0m  [1m[35mSAVEPOINT active_record_1 /*action='import_sigaa',application='Camaar',controller='imports'*/[0m
  ↳ app/controllers/admin/imports_controller.rb:56:in 'block (2 levels) in Admin::ImportsController#import_participants'
  [1m[36mUserSubject Create (2.2ms)[0m  [1m[32mINSERT INTO "user_subjects" ("user_id", "subject_id", "created_at", "updated_at") VALUES (16, 4, '2025-07-15 23:42:42.503160', '2025-07-15 23:42:42.503160') RETURNING "id" /*action='import_sigaa',application='Camaar',controller='imports'*/[0m
  ↳ app/controllers/admin/imports_controller.rb:56:in 'block (2 levels) in Admin::ImportsController#import_participants'
  [1m[36mTRANSACTION (0.0ms)[0m  [1m[35mRELEASE SAVEPOINT active_record_1 /*action='import_sigaa',application='Camaar',controller='imports'*/[0m
  ↳ app/controllers/admin/imports_controller.rb:56:in 'block (2 levels) in Admin::ImportsController#import_participants'
  [1m[36mUser Load (1.5ms)[0m  [1m[34mSELECT "users".* FROM "users" WHERE "users"."email" = 'enzonleal2016@hotmail.com' LIMIT 1 /*action='import_sigaa',application='Camaar',controller='imports'*/[0m
  ↳ app/controllers/admin/imports_controller.rb:68:in 'Admin::ImportsController#create_student'
  [1m[36mTRANSACTION (0.0ms)[0m  [1m[35mSAVEPOINT active_record_1 /*action='import_sigaa',application='Camaar',controller='imports'*/[0m
  ↳ app/controllers/admin/imports_controller.rb:68:in 'Admin::ImportsController#create_student'
  [1m[36mUser Exists? (1.5ms)[0m  [1m[34mSELECT 1 AS one FROM "users" WHERE "users"."email" = 'enzonleal2016@hotmail.com' LIMIT 1 /*action='import_sigaa',application='Camaar',controller='imports'*/[0m
  ↳ app/controllers/admin/imports_controller.rb:68:in 'Admin::ImportsController#create_student'
  [1m[36mUser Exists? (0.1ms)[0m  [1m[34mSELECT 1 AS one FROM "users" WHERE "users"."username" = '190062789' LIMIT 1 /*action='import_sigaa',application='Camaar',controller='imports'*/[0m
  ↳ app/controllers/admin/imports_controller.rb:68:in 'Admin::ImportsController#create_student'
  [1m[36mUser Create (0.1ms)[0m  [1m[32mINSERT INTO "users" ("name", "email", "hash_password", "role", "academic_background", "student_course", "student_enrolment", "professor_departament", "created_at", "updated_at", "username") VALUES ('Enzo Nunes Leal Sampaio', 'enzonleal2016@hotmail.com', '$2a$12$tyh/58NWOTYTbtfQtulrme5LHVVFalenswOW1.iFeFOciGYVXjfRK', 0, 0, 'CIÊNCIA DA COMPUTAÇÃO/CIC', '190062789', NULL, '2025-07-15 23:42:42.707715', '2025-07-15 23:42:42.707715', '190062789') RETURNING "id" /*action='import_sigaa',application='Camaar',controller='imports'*/[0m
  ↳ app/controllers/admin/imports_controller.rb:68:in 'Admin::ImportsController#create_student'
  [1m[36mTRANSACTION (0.0ms)[0m  [1m[35mRELEASE SAVEPOINT active_record_1 /*action='import_sigaa',application='Camaar',controller='imports'*/[0m
  ↳ app/controllers/admin/imports_controller.rb:68:in 'Admin::ImportsController#create_student'
  [1m[36mUserSubject Load (0.1ms)[0m  [1m[34mSELECT "user_subjects".* FROM "user_subjects" WHERE "user_subjects"."user_id" = 17 AND "user_subjects"."subject_id" = 4 LIMIT 1 /*action='import_sigaa',application='Camaar',controller='imports'*/[0m
  ↳ app/controllers/admin/imports_controller.rb:56:in 'block (2 levels) in Admin::ImportsController#import_participants'
  [1m[36mTRANSACTION (0.1ms)[0m  [1m[35mSAVEPOINT active_record_1 /*action='import_sigaa',application='Camaar',controller='imports'*/[0m
  ↳ app/controllers/admin/imports_controller.rb:56:in 'block (2 levels) in Admin::ImportsController#import_participants'
  [1m[36mUserSubject Create (1.4ms)[0m  [1m[32mINSERT INTO "user_subjects" ("user_id", "subject_id", "created_at", "updated_at") VALUES (17, 4, '2025-07-15 23:42:42.725918', '2025-07-15 23:42:42.725918') RETURNING "id" /*action='import_sigaa',application='Camaar',controller='imports'*/[0m
  ↳ app/controllers/admin/imports_controller.rb:56:in 'block (2 levels) in Admin::ImportsController#import_participants'
  [1m[36mTRANSACTION (0.0ms)[0m  [1m[35mRELEASE SAVEPOINT active_record_1 /*action='import_sigaa',application='Camaar',controller='imports'*/[0m
  ↳ app/controllers/admin/imports_controller.rb:56:in 'block (2 levels) in Admin::ImportsController#import_participants'
  [1m[36mUser Load (0.1ms)[0m  [1m[34mSELECT "users".* FROM "users" WHERE "users"."email" = 'enzoyn@hotmail.com' LIMIT 1 /*action='import_sigaa',application='Camaar',controller='imports'*/[0m
  ↳ app/controllers/admin/imports_controller.rb:68:in 'Admin::ImportsController#create_student'
  [1m[36mTRANSACTION (0.0ms)[0m  [1m[35mSAVEPOINT active_record_1 /*action='import_sigaa',application='Camaar',controller='imports'*/[0m
  ↳ app/controllers/admin/imports_controller.rb:68:in 'Admin::ImportsController#create_student'
  [1m[36mUser Exists? (1.6ms)[0m  [1m[34mSELECT 1 AS one FROM "users" WHERE "users"."email" = 'enzoyn@hotmail.com' LIMIT 1 /*action='import_sigaa',application='Camaar',controller='imports'*/[0m
  ↳ app/controllers/admin/imports_controller.rb:68:in 'Admin::ImportsController#create_student'
  [1m[36mUser Exists? (0.2ms)[0m  [1m[34mSELECT 1 AS one FROM "users" WHERE "users"."username" = '190027304' LIMIT 1 /*action='import_sigaa',application='Camaar',controller='imports'*/[0m
  ↳ app/controllers/admin/imports_controller.rb:68:in 'Admin::ImportsController#create_student'
  [1m[36mUser Create (0.1ms)[0m  [1m[32mINSERT INTO "users" ("name", "email", "hash_password", "role", "academic_background", "student_course", "student_enrolment", "professor_departament", "created_at", "updated_at", "username") VALUES ('Enzo Yoshio Niho', 'enzoyn@hotmail.com', '$2a$12$5xxLl1T54sFFiucC3fB2uOcmyvACdd8ejJ1sx9fx446mTCgP3WLb2', 0, 0, 'CIÊNCIA DA COMPUTAÇÃO/CIC', '190027304', NULL, '2025-07-15 23:42:42.928500', '2025-07-15 23:42:42.928500', '190027304') RETURNING "id" /*action='import_sigaa',application='Camaar',controller='imports'*/[0m
  ↳ app/controllers/admin/imports_controller.rb:68:in 'Admin::ImportsController#create_student'
  [1m[36mTRANSACTION (0.0ms)[0m  [1m[35mRELEASE SAVEPOINT active_record_1 /*action='import_sigaa',application='Camaar',controller='imports'*/[0m
  ↳ app/controllers/admin/imports_controller.rb:68:in 'Admin::ImportsController#create_student'
  [1m[36mUserSubject Load (0.1ms)[0m  [1m[34mSELECT "user_subjects".* FROM "user_subjects" WHERE "user_subjects"."user_id" = 18 AND "user_subjects"."subject_id" = 4 LIMIT 1 /*action='import_sigaa',application='Camaar',controller='imports'*/[0m
  ↳ app/controllers/admin/imports_controller.rb:56:in 'block (2 levels) in Admin::ImportsController#import_participants'
  [1m[36mTRANSACTION (0.0ms)[0m  [1m[35mSAVEPOINT active_record_1 /*action='import_sigaa',application='Camaar',controller='imports'*/[0m
  ↳ app/controllers/admin/imports_controller.rb:56:in 'block (2 levels) in Admin::ImportsController#import_participants'
  [1m[36mUserSubject Create (1.7ms)[0m  [1m[32mINSERT INTO "user_subjects" ("user_id", "subject_id", "created_at", "updated_at") VALUES (18, 4, '2025-07-15 23:42:42.933144', '2025-07-15 23:42:42.933144') RETURNING "id" /*action='import_sigaa',application='Camaar',controller='imports'*/[0m
  ↳ app/controllers/admin/imports_controller.rb:56:in 'block (2 levels) in Admin::ImportsController#import_participants'
  [1m[36mTRANSACTION (0.0ms)[0m  [1m[35mRELEASE SAVEPOINT active_record_1 /*action='import_sigaa',application='Camaar',controller='imports'*/[0m
  ↳ app/controllers/admin/imports_controller.rb:56:in 'block (2 levels) in Admin::ImportsController#import_participants'
  [1m[36mUser Load (0.1ms)[0m  [1m[34mSELECT "users".* FROM "users" WHERE "users"."email" = 'gabrielfaustino99@gmail.com' LIMIT 1 /*action='import_sigaa',application='Camaar',controller='imports'*/[0m
  ↳ app/controllers/admin/imports_controller.rb:68:in 'Admin::ImportsController#create_student'
  [1m[36mTRANSACTION (0.0ms)[0m  [1m[35mSAVEPOINT active_record_1 /*action='import_sigaa',application='Camaar',controller='imports'*/[0m
  ↳ app/controllers/admin/imports_controller.rb:68:in 'Admin::ImportsController#create_student'
  [1m[36mUser Exists? (1.2ms)[0m  [1m[34mSELECT 1 AS one FROM "users" WHERE "users"."email" = 'gabrielfaustino99@gmail.com' LIMIT 1 /*action='import_sigaa',application='Camaar',controller='imports'*/[0m
  ↳ app/controllers/admin/imports_controller.rb:68:in 'Admin::ImportsController#create_student'
  [1m[36mUser Exists? (0.2ms)[0m  [1m[34mSELECT 1 AS one FROM "users" WHERE "users"."username" = '190013249' LIMIT 1 /*action='import_sigaa',application='Camaar',controller='imports'*/[0m
  ↳ app/controllers/admin/imports_controller.rb:68:in 'Admin::ImportsController#create_student'
  [1m[36mUser Create (0.1ms)[0m  [1m[32mINSERT INTO "users" ("name", "email", "hash_password", "role", "academic_background", "student_course", "student_enrolment", "professor_departament", "created_at", "updated_at", "username") VALUES ('Gabriel Faustino Lima da Rocha', 'gabrielfaustino99@gmail.com', '$2a$12$PTF14seKFojyKG3vBg8iAOCEaeIcZqvvmfmVYkMVdx6kVBIZzIPau', 0, 0, 'CIÊNCIA DA COMPUTAÇÃO/CIC', '190013249', NULL, '2025-07-15 23:42:43.128811', '2025-07-15 23:42:43.128811', '190013249') RETURNING "id" /*action='import_sigaa',application='Camaar',controller='imports'*/[0m
  ↳ app/controllers/admin/imports_controller.rb:68:in 'Admin::ImportsController#create_student'
  [1m[36mTRANSACTION (0.0ms)[0m  [1m[35mRELEASE SAVEPOINT active_record_1 /*action='import_sigaa',application='Camaar',controller='imports'*/[0m
  ↳ app/controllers/admin/imports_controller.rb:68:in 'Admin::ImportsController#create_student'
  [1m[36mUserSubject Load (0.1ms)[0m  [1m[34mSELECT "user_subjects".* FROM "user_subjects" WHERE "user_subjects"."user_id" = 19 AND "user_subjects"."subject_id" = 4 LIMIT 1 /*action='import_sigaa',application='Camaar',controller='imports'*/[0m
  ↳ app/controllers/admin/imports_controller.rb:56:in 'block (2 levels) in Admin::ImportsController#import_participants'
  [1m[36mTRANSACTION (0.0ms)[0m  [1m[35mSAVEPOINT active_record_1 /*action='import_sigaa',application='Camaar',controller='imports'*/[0m
  ↳ app/controllers/admin/imports_controller.rb:56:in 'block (2 levels) in Admin::ImportsController#import_participants'
  [1m[36mUserSubject Create (1.3ms)[0m  [1m[32mINSERT INTO "user_subjects" ("user_id", "subject_id", "created_at", "updated_at") VALUES (19, 4, '2025-07-15 23:42:43.132779', '2025-07-15 23:42:43.132779') RETURNING "id" /*action='import_sigaa',application='Camaar',controller='imports'*/[0m
  ↳ app/controllers/admin/imports_controller.rb:56:in 'block (2 levels) in Admin::ImportsController#import_participants'
  [1m[36mTRANSACTION (0.1ms)[0m  [1m[35mRELEASE SAVEPOINT active_record_1 /*action='import_sigaa',application='Camaar',controller='imports'*/[0m
  ↳ app/controllers/admin/imports_controller.rb:56:in 'block (2 levels) in Admin::ImportsController#import_participants'
  [1m[36mUser Load (0.4ms)[0m  [1m[34mSELECT "users".* FROM "users" WHERE "users"."email" = 'gabriel.ligoski@gmail.com' LIMIT 1 /*action='import_sigaa',application='Camaar',controller='imports'*/[0m
  ↳ app/controllers/admin/imports_controller.rb:68:in 'Admin::ImportsController#create_student'
  [1m[36mTRANSACTION (0.0ms)[0m  [1m[35mSAVEPOINT active_record_1 /*action='import_sigaa',application='Camaar',controller='imports'*/[0m
  ↳ app/controllers/admin/imports_controller.rb:68:in 'Admin::ImportsController#create_student'
  [1m[36mUser Exists? (1.4ms)[0m  [1m[34mSELECT 1 AS one FROM "users" WHERE "users"."email" = 'gabriel.ligoski@gmail.com' LIMIT 1 /*action='import_sigaa',application='Camaar',controller='imports'*/[0m
  ↳ app/controllers/admin/imports_controller.rb:68:in 'Admin::ImportsController#create_student'
  [1m[36mUser Exists? (0.1ms)[0m  [1m[34mSELECT 1 AS one FROM "users" WHERE "users"."username" = '190087498' LIMIT 1 /*action='import_sigaa',application='Camaar',controller='imports'*/[0m
  ↳ app/controllers/admin/imports_controller.rb:68:in 'Admin::ImportsController#create_student'
  [1m[36mUser Create (2.8ms)[0m  [1m[32mINSERT INTO "users" ("name", "email", "hash_password", "role", "academic_background", "student_course", "student_enrolment", "professor_departament", "created_at", "updated_at", "username") VALUES ('Gabriel Ligoski', 'gabriel.ligoski@gmail.com', '$2a$12$/8y0pwft8cE3UxkXQ2g/helLvJquRToNdMpIZ2VYPYAF4STbmnKQy', 0, 0, 'CIÊNCIA DA COMPUTAÇÃO/CIC', '190087498', NULL, '2025-07-15 23:42:43.330105', '2025-07-15 23:42:43.330105', '190087498') RETURNING "id" /*action='import_sigaa',application='Camaar',controller='imports'*/[0m
  ↳ app/controllers/admin/imports_controller.rb:68:in 'Admin::ImportsController#create_student'
  [1m[36mTRANSACTION (0.0ms)[0m  [1m[35mRELEASE SAVEPOINT active_record_1 /*action='import_sigaa',application='Camaar',controller='imports'*/[0m
  ↳ app/controllers/admin/imports_controller.rb:68:in 'Admin::ImportsController#create_student'
  [1m[36mUserSubject Load (0.1ms)[0m  [1m[34mSELECT "user_subjects".* FROM "user_subjects" WHERE "user_subjects"."user_id" = 20 AND "user_subjects"."subject_id" = 4 LIMIT 1 /*action='import_sigaa',application='Camaar',controller='imports'*/[0m
  ↳ app/controllers/admin/imports_controller.rb:56:in 'block (2 levels) in Admin::ImportsController#import_participants'
  [1m[36mTRANSACTION (0.0ms)[0m  [1m[35mSAVEPOINT active_record_1 /*action='import_sigaa',application='Camaar',controller='imports'*/[0m
  ↳ app/controllers/admin/imports_controller.rb:56:in 'block (2 levels) in Admin::ImportsController#import_participants'
  [1m[36mUserSubject Create (1.5ms)[0m  [1m[32mINSERT INTO "user_subjects" ("user_id", "subject_id", "created_at", "updated_at") VALUES (20, 4, '2025-07-15 23:42:43.336735', '2025-07-15 23:42:43.336735') RETURNING "id" /*action='import_sigaa',application='Camaar',controller='imports'*/[0m
  ↳ app/controllers/admin/imports_controller.rb:56:in 'block (2 levels) in Admin::ImportsController#import_participants'
  [1m[36mTRANSACTION (0.1ms)[0m  [1m[35mRELEASE SAVEPOINT active_record_1 /*action='import_sigaa',application='Camaar',controller='imports'*/[0m
  ↳ app/controllers/admin/imports_controller.rb:56:in 'block (2 levels) in Admin::ImportsController#import_participants'
  [1m[36mUser Load (0.2ms)[0m  [1m[34mSELECT "users".* FROM "users" WHERE "users"."email" = 'gabrielciriatico@gmail.com' LIMIT 1 /*action='import_sigaa',application='Camaar',controller='imports'*/[0m
  ↳ app/controllers/admin/imports_controller.rb:68:in 'Admin::ImportsController#create_student'
  [1m[36mTRANSACTION (0.0ms)[0m  [1m[35mSAVEPOINT active_record_1 /*action='import_sigaa',application='Camaar',controller='imports'*/[0m
  ↳ app/controllers/admin/imports_controller.rb:68:in 'Admin::ImportsController#create_student'
  [1m[36mUser Exists? (1.3ms)[0m  [1m[34mSELECT 1 AS one FROM "users" WHERE "users"."email" = 'gabrielciriatico@gmail.com' LIMIT 1 /*action='import_sigaa',application='Camaar',controller='imports'*/[0m
  ↳ app/controllers/admin/imports_controller.rb:68:in 'Admin::ImportsController#create_student'
  [1m[36mUser Exists? (0.2ms)[0m  [1m[34mSELECT 1 AS one FROM "users" WHERE "users"."username" = '202033202' LIMIT 1 /*action='import_sigaa',application='Camaar',controller='imports'*/[0m
  ↳ app/controllers/admin/imports_controller.rb:68:in 'Admin::ImportsController#create_student'
  [1m[36mUser Create (0.2ms)[0m  [1m[32mINSERT INTO "users" ("name", "email", "hash_password", "role", "academic_background", "student_course", "student_enrolment", "professor_departament", "created_at", "updated_at", "username") VALUES ('GABRIEL MENDES CIRIATICO GUIMARÃES', 'gabrielciriatico@gmail.com', '$2a$12$wxHd7yf4AJV1NWKltTVVdON4e9.kf8dVgCYo626XfB2YflAhseUNy', 0, 0, 'CIÊNCIA DA COMPUTAÇÃO/CIC', '202033202', NULL, '2025-07-15 23:42:43.536443', '2025-07-15 23:42:43.536443', '202033202') RETURNING "id" /*action='import_sigaa',application='Camaar',controller='imports'*/[0m
  ↳ app/controllers/admin/imports_controller.rb:68:in 'Admin::ImportsController#create_student'
  [1m[36mTRANSACTION (0.0ms)[0m  [1m[35mRELEASE SAVEPOINT active_record_1 /*action='import_sigaa',application='Camaar',controller='imports'*/[0m
  ↳ app/controllers/admin/imports_controller.rb:68:in 'Admin::ImportsController#create_student'
  [1m[36mUserSubject Load (0.2ms)[0m  [1m[34mSELECT "user_subjects".* FROM "user_subjects" WHERE "user_subjects"."user_id" = 21 AND "user_subjects"."subject_id" = 4 LIMIT 1 /*action='import_sigaa',application='Camaar',controller='imports'*/[0m
  ↳ app/controllers/admin/imports_controller.rb:56:in 'block (2 levels) in Admin::ImportsController#import_participants'
  [1m[36mTRANSACTION (0.0ms)[0m  [1m[35mSAVEPOINT active_record_1 /*action='import_sigaa',application='Camaar',controller='imports'*/[0m
  ↳ app/controllers/admin/imports_controller.rb:56:in 'block (2 levels) in Admin::ImportsController#import_participants'
  [1m[36mUserSubject Create (1.5ms)[0m  [1m[32mINSERT INTO "user_subjects" ("user_id", "subject_id", "created_at", "updated_at") VALUES (21, 4, '2025-07-15 23:42:43.540087', '2025-07-15 23:42:43.540087') RETURNING "id" /*action='import_sigaa',application='Camaar',controller='imports'*/[0m
  ↳ app/controllers/admin/imports_controller.rb:56:in 'block (2 levels) in Admin::ImportsController#import_participants'
  [1m[36mTRANSACTION (0.1ms)[0m  [1m[35mRELEASE SAVEPOINT active_record_1 /*action='import_sigaa',application='Camaar',controller='imports'*/[0m
  ↳ app/controllers/admin/imports_controller.rb:56:in 'block (2 levels) in Admin::ImportsController#import_participants'
  [1m[36mUser Load (0.1ms)[0m  [1m[34mSELECT "users".* FROM "users" WHERE "users"."email" = '190014121@aluno.unb.br' LIMIT 1 /*action='import_sigaa',application='Camaar',controller='imports'*/[0m
  ↳ app/controllers/admin/imports_controller.rb:68:in 'Admin::ImportsController#create_student'
  [1m[36mTRANSACTION (0.0ms)[0m  [1m[35mSAVEPOINT active_record_1 /*action='import_sigaa',application='Camaar',controller='imports'*/[0m
  ↳ app/controllers/admin/imports_controller.rb:68:in 'Admin::ImportsController#create_student'
  [1m[36mUser Exists? (1.1ms)[0m  [1m[34mSELECT 1 AS one FROM "users" WHERE "users"."email" = '190014121@aluno.unb.br' LIMIT 1 /*action='import_sigaa',application='Camaar',controller='imports'*/[0m
  ↳ app/controllers/admin/imports_controller.rb:68:in 'Admin::ImportsController#create_student'
  [1m[36mUser Exists? (0.1ms)[0m  [1m[34mSELECT 1 AS one FROM "users" WHERE "users"."username" = '190014121' LIMIT 1 /*action='import_sigaa',application='Camaar',controller='imports'*/[0m
  ↳ app/controllers/admin/imports_controller.rb:68:in 'Admin::ImportsController#create_student'
  [1m[36mUser Create (0.1ms)[0m  [1m[32mINSERT INTO "users" ("name", "email", "hash_password", "role", "academic_background", "student_course", "student_enrolment", "professor_departament", "created_at", "updated_at", "username") VALUES ('Gustavo Rodrigues dos Santos', '190014121@aluno.unb.br', '$2a$12$Nq3c.YNHesxJsbhqZ2Qw1.ZRrFSIOLQfwGr8IH48dnU9be1V9tbRq', 0, 0, 'CIÊNCIA DA COMPUTAÇÃO/CIC', '190014121', NULL, '2025-07-15 23:42:43.733731', '2025-07-15 23:42:43.733731', '190014121') RETURNING "id" /*action='import_sigaa',application='Camaar',controller='imports'*/[0m
  ↳ app/controllers/admin/imports_controller.rb:68:in 'Admin::ImportsController#create_student'
  [1m[36mTRANSACTION (0.0ms)[0m  [1m[35mRELEASE SAVEPOINT active_record_1 /*action='import_sigaa',application='Camaar',controller='imports'*/[0m
  ↳ app/controllers/admin/imports_controller.rb:68:in 'Admin::ImportsController#create_student'
  [1m[36mUserSubject Load (0.1ms)[0m  [1m[34mSELECT "user_subjects".* FROM "user_subjects" WHERE "user_subjects"."user_id" = 22 AND "user_subjects"."subject_id" = 4 LIMIT 1 /*action='import_sigaa',application='Camaar',controller='imports'*/[0m
  ↳ app/controllers/admin/imports_controller.rb:56:in 'block (2 levels) in Admin::ImportsController#import_participants'
  [1m[36mTRANSACTION (0.0ms)[0m  [1m[35mSAVEPOINT active_record_1 /*action='import_sigaa',application='Camaar',controller='imports'*/[0m
  ↳ app/controllers/admin/imports_controller.rb:56:in 'block (2 levels) in Admin::ImportsController#import_participants'
  [1m[36mUserSubject Create (1.1ms)[0m  [1m[32mINSERT INTO "user_subjects" ("user_id", "subject_id", "created_at", "updated_at") VALUES (22, 4, '2025-07-15 23:42:43.736695', '2025-07-15 23:42:43.736695') RETURNING "id" /*action='import_sigaa',application='Camaar',controller='imports'*/[0m
  ↳ app/controllers/admin/imports_controller.rb:56:in 'block (2 levels) in Admin::ImportsController#import_participants'
  [1m[36mTRANSACTION (0.1ms)[0m  [1m[35mRELEASE SAVEPOINT active_record_1 /*action='import_sigaa',application='Camaar',controller='imports'*/[0m
  ↳ app/controllers/admin/imports_controller.rb:56:in 'block (2 levels) in Admin::ImportsController#import_participants'
  [1m[36mUser Load (0.1ms)[0m  [1m[34mSELECT "users".* FROM "users" WHERE "users"."email" = 'gustavorgualberto@gmail.com' LIMIT 1 /*action='import_sigaa',application='Camaar',controller='imports'*/[0m
  ↳ app/controllers/admin/imports_controller.rb:68:in 'Admin::ImportsController#create_student'
  [1m[36mTRANSACTION (0.0ms)[0m  [1m[35mSAVEPOINT active_record_1 /*action='import_sigaa',application='Camaar',controller='imports'*/[0m
  ↳ app/controllers/admin/imports_controller.rb:68:in 'Admin::ImportsController#create_student'
  [1m[36mUser Exists? (1.2ms)[0m  [1m[34mSELECT 1 AS one FROM "users" WHERE "users"."email" = 'gustavorgualberto@gmail.com' LIMIT 1 /*action='import_sigaa',application='Camaar',controller='imports'*/[0m
  ↳ app/controllers/admin/imports_controller.rb:68:in 'Admin::ImportsController#create_student'
  [1m[36mUser Exists? (0.2ms)[0m  [1m[34mSELECT 1 AS one FROM "users" WHERE "users"."username" = '190108266' LIMIT 1 /*action='import_sigaa',application='Camaar',controller='imports'*/[0m
  ↳ app/controllers/admin/imports_controller.rb:68:in 'Admin::ImportsController#create_student'
  [1m[36mUser Create (0.2ms)[0m  [1m[32mINSERT INTO "users" ("name", "email", "hash_password", "role", "academic_background", "student_course", "student_enrolment", "professor_departament", "created_at", "updated_at", "username") VALUES ('Gustavo Rodrigues Gualberto', 'gustavorgualberto@gmail.com', '$2a$12$uOjVAUt9ET2OEPvgnKAAz.qT4yATbsHD2v9Gwq/ZNDHbLcO.Um3.O', 0, 0, 'CIÊNCIA DA COMPUTAÇÃO/CIC', '190108266', NULL, '2025-07-15 23:42:43.937505', '2025-07-15 23:42:43.937505', '190108266') RETURNING "id" /*action='import_sigaa',application='Camaar',controller='imports'*/[0m
  ↳ app/controllers/admin/imports_controller.rb:68:in 'Admin::ImportsController#create_student'
  [1m[36mTRANSACTION (0.1ms)[0m  [1m[35mRELEASE SAVEPOINT active_record_1 /*action='import_sigaa',application='Camaar',controller='imports'*/[0m
  ↳ app/controllers/admin/imports_controller.rb:68:in 'Admin::ImportsController#create_student'
  [1m[36mUserSubject Load (0.1ms)[0m  [1m[34mSELECT "user_subjects".* FROM "user_subjects" WHERE "user_subjects"."user_id" = 23 AND "user_subjects"."subject_id" = 4 LIMIT 1 /*action='import_sigaa',application='Camaar',controller='imports'*/[0m
  ↳ app/controllers/admin/imports_controller.rb:56:in 'block (2 levels) in Admin::ImportsController#import_participants'
  [1m[36mTRANSACTION (0.0ms)[0m  [1m[35mSAVEPOINT active_record_1 /*action='import_sigaa',application='Camaar',controller='imports'*/[0m
  ↳ app/controllers/admin/imports_controller.rb:56:in 'block (2 levels) in Admin::ImportsController#import_participants'
  [1m[36mUserSubject Create (1.3ms)[0m  [1m[32mINSERT INTO "user_subjects" ("user_id", "subject_id", "created_at", "updated_at") VALUES (23, 4, '2025-07-15 23:42:43.942752', '2025-07-15 23:42:43.942752') RETURNING "id" /*action='import_sigaa',application='Camaar',controller='imports'*/[0m
  ↳ app/controllers/admin/imports_controller.rb:56:in 'block (2 levels) in Admin::ImportsController#import_participants'
  [1m[36mTRANSACTION (0.1ms)[0m  [1m[35mRELEASE SAVEPOINT active_record_1 /*action='import_sigaa',application='Camaar',controller='imports'*/[0m
  ↳ app/controllers/admin/imports_controller.rb:56:in 'block (2 levels) in Admin::ImportsController#import_participants'
  [1m[36mUser Load (0.1ms)[0m  [1m[34mSELECT "users".* FROM "users" WHERE "users"."email" = 'igordavid13@gmail.com' LIMIT 1 /*action='import_sigaa',application='Camaar',controller='imports'*/[0m
  ↳ app/controllers/admin/imports_controller.rb:68:in 'Admin::ImportsController#create_student'
  [1m[36mTRANSACTION (0.0ms)[0m  [1m[35mSAVEPOINT active_record_1 /*action='import_sigaa',application='Camaar',controller='imports'*/[0m
  ↳ app/controllers/admin/imports_controller.rb:68:in 'Admin::ImportsController#create_student'
  [1m[36mUser Exists? (1.6ms)[0m  [1m[34mSELECT 1 AS one FROM "users" WHERE "users"."email" = 'igordavid13@gmail.com' LIMIT 1 /*action='import_sigaa',application='Camaar',controller='imports'*/[0m
  ↳ app/controllers/admin/imports_controller.rb:68:in 'Admin::ImportsController#create_student'
  [1m[36mUser Exists? (0.1ms)[0m  [1m[34mSELECT 1 AS one FROM "users" WHERE "users"."username" = '180102141' LIMIT 1 /*action='import_sigaa',application='Camaar',controller='imports'*/[0m
  ↳ app/controllers/admin/imports_controller.rb:68:in 'Admin::ImportsController#create_student'
  [1m[36mUser Create (0.3ms)[0m  [1m[32mINSERT INTO "users" ("name", "email", "hash_password", "role", "academic_background", "student_course", "student_enrolment", "professor_departament", "created_at", "updated_at", "username") VALUES ('Igor David Morais', 'igordavid13@gmail.com', '$2a$12$BMGfj.kZ655YoHOz2MPSi.R35rh5VoYGsuN4BNlZpCXSY1kp5gv1G', 0, 0, 'ENGENHARIA MECATRÔNICA - CONTROLE E AUTOMAÇÃO/FTD', '180102141', NULL, '2025-07-15 23:42:44.144534', '2025-07-15 23:42:44.144534', '180102141') RETURNING "id" /*action='import_sigaa',application='Camaar',controller='imports'*/[0m
  ↳ app/controllers/admin/imports_controller.rb:68:in 'Admin::ImportsController#create_student'
  [1m[36mTRANSACTION (0.0ms)[0m  [1m[35mRELEASE SAVEPOINT active_record_1 /*action='import_sigaa',application='Camaar',controller='imports'*/[0m
  ↳ app/controllers/admin/imports_controller.rb:68:in 'Admin::ImportsController#create_student'
  [1m[36mUserSubject Load (0.1ms)[0m  [1m[34mSELECT "user_subjects".* FROM "user_subjects" WHERE "user_subjects"."user_id" = 24 AND "user_subjects"."subject_id" = 4 LIMIT 1 /*action='import_sigaa',application='Camaar',controller='imports'*/[0m
  ↳ app/controllers/admin/imports_controller.rb:56:in 'block (2 levels) in Admin::ImportsController#import_participants'
  [1m[36mTRANSACTION (0.0ms)[0m  [1m[35mSAVEPOINT active_record_1 /*action='import_sigaa',application='Camaar',controller='imports'*/[0m
  ↳ app/controllers/admin/imports_controller.rb:56:in 'block (2 levels) in Admin::ImportsController#import_participants'
  [1m[36mUserSubject Create (1.3ms)[0m  [1m[32mINSERT INTO "user_subjects" ("user_id", "subject_id", "created_at", "updated_at") VALUES (24, 4, '2025-07-15 23:42:44.148308', '2025-07-15 23:42:44.148308') RETURNING "id" /*action='import_sigaa',application='Camaar',controller='imports'*/[0m
  ↳ app/controllers/admin/imports_controller.rb:56:in 'block (2 levels) in Admin::ImportsController#import_participants'
  [1m[36mTRANSACTION (0.0ms)[0m  [1m[35mRELEASE SAVEPOINT active_record_1 /*action='import_sigaa',application='Camaar',controller='imports'*/[0m
  ↳ app/controllers/admin/imports_controller.rb:56:in 'block (2 levels) in Admin::ImportsController#import_participants'
  [1m[36mUser Load (0.1ms)[0m  [1m[34mSELECT "users".* FROM "users" WHERE "users"."email" = 'ndaffte@gmail.com' LIMIT 1 /*action='import_sigaa',application='Camaar',controller='imports'*/[0m
  ↳ app/controllers/admin/imports_controller.rb:68:in 'Admin::ImportsController#create_student'
  [1m[36mTRANSACTION (0.0ms)[0m  [1m[35mSAVEPOINT active_record_1 /*action='import_sigaa',application='Camaar',controller='imports'*/[0m
  ↳ app/controllers/admin/imports_controller.rb:68:in 'Admin::ImportsController#create_student'
  [1m[36mUser Exists? (1.5ms)[0m  [1m[34mSELECT 1 AS one FROM "users" WHERE "users"."email" = 'ndaffte@gmail.com' LIMIT 1 /*action='import_sigaa',application='Camaar',controller='imports'*/[0m
  ↳ app/controllers/admin/imports_controller.rb:68:in 'Admin::ImportsController#create_student'
  [1m[36mUser Exists? (0.2ms)[0m  [1m[34mSELECT 1 AS one FROM "users" WHERE "users"."username" = '180057570' LIMIT 1 /*action='import_sigaa',application='Camaar',controller='imports'*/[0m
  ↳ app/controllers/admin/imports_controller.rb:68:in 'Admin::ImportsController#create_student'
  [1m[36mUser Create (0.2ms)[0m  [1m[32mINSERT INTO "users" ("name", "email", "hash_password", "role", "academic_background", "student_course", "student_enrolment", "professor_departament", "created_at", "updated_at", "username") VALUES ('Jefte Augusto Gomes Batista', 'ndaffte@gmail.com', '$2a$12$Jdvgg4CtzKMzaYErKPJykuerJJkvWjEGzA961hA394m6GtkNL9hmq', 0, 0, 'CIÊNCIA DA COMPUTAÇÃO/CIC', '180057570', NULL, '2025-07-15 23:42:44.346575', '2025-07-15 23:42:44.346575', '180057570') RETURNING "id" /*action='import_sigaa',application='Camaar',controller='imports'*/[0m
  ↳ app/controllers/admin/imports_controller.rb:68:in 'Admin::ImportsController#create_student'
  [1m[36mTRANSACTION (0.0ms)[0m  [1m[35mRELEASE SAVEPOINT active_record_1 /*action='import_sigaa',application='Camaar',controller='imports'*/[0m
  ↳ app/controllers/admin/imports_controller.rb:68:in 'Admin::ImportsController#create_student'
  [1m[36mUserSubject Load (0.1ms)[0m  [1m[34mSELECT "user_subjects".* FROM "user_subjects" WHERE "user_subjects"."user_id" = 25 AND "user_subjects"."subject_id" = 4 LIMIT 1 /*action='import_sigaa',application='Camaar',controller='imports'*/[0m
  ↳ app/controllers/admin/imports_controller.rb:56:in 'block (2 levels) in Admin::ImportsController#import_participants'
  [1m[36mTRANSACTION (0.0ms)[0m  [1m[35mSAVEPOINT active_record_1 /*action='import_sigaa',application='Camaar',controller='imports'*/[0m
  ↳ app/controllers/admin/imports_controller.rb:56:in 'block (2 levels) in Admin::ImportsController#import_participants'
  [1m[36mUserSubject Create (1.4ms)[0m  [1m[32mINSERT INTO "user_subjects" ("user_id", "subject_id", "created_at", "updated_at") VALUES (25, 4, '2025-07-15 23:42:44.353235', '2025-07-15 23:42:44.353235') RETURNING "id" /*action='import_sigaa',application='Camaar',controller='imports'*/[0m
  ↳ app/controllers/admin/imports_controller.rb:56:in 'block (2 levels) in Admin::ImportsController#import_participants'
  [1m[36mTRANSACTION (0.1ms)[0m  [1m[35mRELEASE SAVEPOINT active_record_1 /*action='import_sigaa',application='Camaar',controller='imports'*/[0m
  ↳ app/controllers/admin/imports_controller.rb:56:in 'block (2 levels) in Admin::ImportsController#import_participants'
  [1m[36mUser Load (0.1ms)[0m  [1m[34mSELECT "users".* FROM "users" WHERE "users"."email" = 'karolinasouza@outlook.com' LIMIT 1 /*action='import_sigaa',application='Camaar',controller='imports'*/[0m
  ↳ app/controllers/admin/imports_controller.rb:68:in 'Admin::ImportsController#create_student'
  [1m[36mTRANSACTION (0.0ms)[0m  [1m[35mSAVEPOINT active_record_1 /*action='import_sigaa',application='Camaar',controller='imports'*/[0m
  ↳ app/controllers/admin/imports_controller.rb:68:in 'Admin::ImportsController#create_student'
  [1m[36mUser Exists? (1.2ms)[0m  [1m[34mSELECT 1 AS one FROM "users" WHERE "users"."email" = 'karolinasouza@outlook.com' LIMIT 1 /*action='import_sigaa',application='Camaar',controller='imports'*/[0m
  ↳ app/controllers/admin/imports_controller.rb:68:in 'Admin::ImportsController#create_student'
  [1m[36mUser Exists? (0.1ms)[0m  [1m[34mSELECT 1 AS one FROM "users" WHERE "users"."username" = '190046791' LIMIT 1 /*action='import_sigaa',application='Camaar',controller='imports'*/[0m
  ↳ app/controllers/admin/imports_controller.rb:68:in 'Admin::ImportsController#create_student'
  [1m[36mUser Create (0.2ms)[0m  [1m[32mINSERT INTO "users" ("name", "email", "hash_password", "role", "academic_background", "student_course", "student_enrolment", "professor_departament", "created_at", "updated_at", "username") VALUES ('Karolina de Souza Silva', 'karolinasouza@outlook.com', '$2a$12$iH0KpWqrUw84g/Yy1g5UhOPK87H3C3IqR7YLAZNhnqB0GxD07kYJ6', 0, 0, 'ENGENHARIA DE COMPUTAÇÃO/CIC', '190046791', NULL, '2025-07-15 23:42:44.549463', '2025-07-15 23:42:44.549463', '190046791') RETURNING "id" /*action='import_sigaa',application='Camaar',controller='imports'*/[0m
  ↳ app/controllers/admin/imports_controller.rb:68:in 'Admin::ImportsController#create_student'
  [1m[36mTRANSACTION (0.1ms)[0m  [1m[35mRELEASE SAVEPOINT active_record_1 /*action='import_sigaa',application='Camaar',controller='imports'*/[0m
  ↳ app/controllers/admin/imports_controller.rb:68:in 'Admin::ImportsController#create_student'
  [1m[36mUserSubject Load (0.2ms)[0m  [1m[34mSELECT "user_subjects".* FROM "user_subjects" WHERE "user_subjects"."user_id" = 26 AND "user_subjects"."subject_id" = 4 LIMIT 1 /*action='import_sigaa',application='Camaar',controller='imports'*/[0m
  ↳ app/controllers/admin/imports_controller.rb:56:in 'block (2 levels) in Admin::ImportsController#import_participants'
  [1m[36mTRANSACTION (0.0ms)[0m  [1m[35mSAVEPOINT active_record_1 /*action='import_sigaa',application='Camaar',controller='imports'*/[0m
  ↳ app/controllers/admin/imports_controller.rb:56:in 'block (2 levels) in Admin::ImportsController#import_participants'
  [1m[36mUserSubject Create (1.7ms)[0m  [1m[32mINSERT INTO "user_subjects" ("user_id", "subject_id", "created_at", "updated_at") VALUES (26, 4, '2025-07-15 23:42:44.553490', '2025-07-15 23:42:44.553490') RETURNING "id" /*action='import_sigaa',application='Camaar',controller='imports'*/[0m
  ↳ app/controllers/admin/imports_controller.rb:56:in 'block (2 levels) in Admin::ImportsController#import_participants'
  [1m[36mTRANSACTION (0.1ms)[0m  [1m[35mRELEASE SAVEPOINT active_record_1 /*action='import_sigaa',application='Camaar',controller='imports'*/[0m
  ↳ app/controllers/admin/imports_controller.rb:56:in 'block (2 levels) in Admin::ImportsController#import_participants'
  [1m[36mUser Load (0.3ms)[0m  [1m[34mSELECT "users".* FROM "users" WHERE "users"."email" = 'kleberrjr7@gmail.com' LIMIT 1 /*action='import_sigaa',application='Camaar',controller='imports'*/[0m
  ↳ app/controllers/admin/imports_controller.rb:68:in 'Admin::ImportsController#create_student'
  [1m[36mTRANSACTION (0.0ms)[0m  [1m[35mSAVEPOINT active_record_1 /*action='import_sigaa',application='Camaar',controller='imports'*/[0m
  ↳ app/controllers/admin/imports_controller.rb:68:in 'Admin::ImportsController#create_student'
  [1m[36mUser Exists? (1.1ms)[0m  [1m[34mSELECT 1 AS one FROM "users" WHERE "users"."email" = 'kleberrjr7@gmail.com' LIMIT 1 /*action='import_sigaa',application='Camaar',controller='imports'*/[0m
  ↳ app/controllers/admin/imports_controller.rb:68:in 'Admin::ImportsController#create_student'
  [1m[36mUser Exists? (0.1ms)[0m  [1m[34mSELECT 1 AS one FROM "users" WHERE "users"."username" = '200053680' LIMIT 1 /*action='import_sigaa',application='Camaar',controller='imports'*/[0m
  ↳ app/controllers/admin/imports_controller.rb:68:in 'Admin::ImportsController#create_student'
  [1m[36mUser Create (0.1ms)[0m  [1m[32mINSERT INTO "users" ("name", "email", "hash_password", "role", "academic_background", "student_course", "student_enrolment", "professor_departament", "created_at", "updated_at", "username") VALUES ('Kléber Rodrigues da Costa Júnior', 'kleberrjr7@gmail.com', '$2a$12$nclC3c7USvDOa5hkacL0HuhtuSYc6gmXubmT9VLK08YT.oC91n2Hu', 0, 0, 'CIÊNCIA DA COMPUTAÇÃO/CIC', '200053680', NULL, '2025-07-15 23:42:44.754110', '2025-07-15 23:42:44.754110', '200053680') RETURNING "id" /*action='import_sigaa',application='Camaar',controller='imports'*/[0m
  ↳ app/controllers/admin/imports_controller.rb:68:in 'Admin::ImportsController#create_student'
  [1m[36mTRANSACTION (0.1ms)[0m  [1m[35mRELEASE SAVEPOINT active_record_1 /*action='import_sigaa',application='Camaar',controller='imports'*/[0m
  ↳ app/controllers/admin/imports_controller.rb:68:in 'Admin::ImportsController#create_student'
  [1m[36mUserSubject Load (0.2ms)[0m  [1m[34mSELECT "user_subjects".* FROM "user_subjects" WHERE "user_subjects"."user_id" = 27 AND "user_subjects"."subject_id" = 4 LIMIT 1 /*action='import_sigaa',application='Camaar',controller='imports'*/[0m
  ↳ app/controllers/admin/imports_controller.rb:56:in 'block (2 levels) in Admin::ImportsController#import_participants'
  [1m[36mTRANSACTION (0.0ms)[0m  [1m[35mSAVEPOINT active_record_1 /*action='import_sigaa',application='Camaar',controller='imports'*/[0m
  ↳ app/controllers/admin/imports_controller.rb:56:in 'block (2 levels) in Admin::ImportsController#import_participants'
  [1m[36mUserSubject Create (2.0ms)[0m  [1m[32mINSERT INTO "user_subjects" ("user_id", "subject_id", "created_at", "updated_at") VALUES (27, 4, '2025-07-15 23:42:44.759258', '2025-07-15 23:42:44.759258') RETURNING "id" /*action='import_sigaa',application='Camaar',controller='imports'*/[0m
  ↳ app/controllers/admin/imports_controller.rb:56:in 'block (2 levels) in Admin::ImportsController#import_participants'
  [1m[36mTRANSACTION (0.0ms)[0m  [1m[35mRELEASE SAVEPOINT active_record_1 /*action='import_sigaa',application='Camaar',controller='imports'*/[0m
  ↳ app/controllers/admin/imports_controller.rb:56:in 'block (2 levels) in Admin::ImportsController#import_participants'
  [1m[36mUser Load (0.1ms)[0m  [1m[34mSELECT "users".* FROM "users" WHERE "users"."email" = 'barbadluca@gmail.com' LIMIT 1 /*action='import_sigaa',application='Camaar',controller='imports'*/[0m
  ↳ app/controllers/admin/imports_controller.rb:68:in 'Admin::ImportsController#create_student'
  [1m[36mTRANSACTION (0.0ms)[0m  [1m[35mSAVEPOINT active_record_1 /*action='import_sigaa',application='Camaar',controller='imports'*/[0m
  ↳ app/controllers/admin/imports_controller.rb:68:in 'Admin::ImportsController#create_student'
  [1m[36mUser Exists? (1.5ms)[0m  [1m[34mSELECT 1 AS one FROM "users" WHERE "users"."email" = 'barbadluca@gmail.com' LIMIT 1 /*action='import_sigaa',application='Camaar',controller='imports'*/[0m
  ↳ app/controllers/admin/imports_controller.rb:68:in 'Admin::ImportsController#create_student'
  [1m[36mUser Exists? (0.1ms)[0m  [1m[34mSELECT 1 AS one FROM "users" WHERE "users"."username" = '180125559' LIMIT 1 /*action='import_sigaa',application='Camaar',controller='imports'*/[0m
  ↳ app/controllers/admin/imports_controller.rb:68:in 'Admin::ImportsController#create_student'
  [1m[36mUser Create (0.2ms)[0m  [1m[32mINSERT INTO "users" ("name", "email", "hash_password", "role", "academic_background", "student_course", "student_enrolment", "professor_departament", "created_at", "updated_at", "username") VALUES ('Luca Delpino Barbabella', 'barbadluca@gmail.com', '$2a$12$ceJnHjrh3CL49/J9H40K..r6qeqQcToFmgqfK0YvNN4G1T0W37wBS', 0, 0, 'CIÊNCIA DA COMPUTAÇÃO/CIC', '180125559', NULL, '2025-07-15 23:42:44.959013', '2025-07-15 23:42:44.959013', '180125559') RETURNING "id" /*action='import_sigaa',application='Camaar',controller='imports'*/[0m
  ↳ app/controllers/admin/imports_controller.rb:68:in 'Admin::ImportsController#create_student'
  [1m[36mTRANSACTION (0.0ms)[0m  [1m[35mRELEASE SAVEPOINT active_record_1 /*action='import_sigaa',application='Camaar',controller='imports'*/[0m
  ↳ app/controllers/admin/imports_controller.rb:68:in 'Admin::ImportsController#create_student'
  [1m[36mUserSubject Load (0.1ms)[0m  [1m[34mSELECT "user_subjects".* FROM "user_subjects" WHERE "user_subjects"."user_id" = 28 AND "user_subjects"."subject_id" = 4 LIMIT 1 /*action='import_sigaa',application='Camaar',controller='imports'*/[0m
  ↳ app/controllers/admin/imports_controller.rb:56:in 'block (2 levels) in Admin::ImportsController#import_participants'
  [1m[36mTRANSACTION (0.0ms)[0m  [1m[35mSAVEPOINT active_record_1 /*action='import_sigaa',application='Camaar',controller='imports'*/[0m
  ↳ app/controllers/admin/imports_controller.rb:56:in 'block (2 levels) in Admin::ImportsController#import_participants'
  [1m[36mUserSubject Create (1.3ms)[0m  [1m[32mINSERT INTO "user_subjects" ("user_id", "subject_id", "created_at", "updated_at") VALUES (28, 4, '2025-07-15 23:42:44.962952', '2025-07-15 23:42:44.962952') RETURNING "id" /*action='import_sigaa',application='Camaar',controller='imports'*/[0m
  ↳ app/controllers/admin/imports_controller.rb:56:in 'block (2 levels) in Admin::ImportsController#import_participants'
  [1m[36mTRANSACTION (0.0ms)[0m  [1m[35mRELEASE SAVEPOINT active_record_1 /*action='import_sigaa',application='Camaar',controller='imports'*/[0m
  ↳ app/controllers/admin/imports_controller.rb:56:in 'block (2 levels) in Admin::ImportsController#import_participants'
  [1m[36mUser Load (0.1ms)[0m  [1m[34mSELECT "users".* FROM "users" WHERE "users"."email" = 'lucasaafaria@gmail.com' LIMIT 1 /*action='import_sigaa',application='Camaar',controller='imports'*/[0m
  ↳ app/controllers/admin/imports_controller.rb:68:in 'Admin::ImportsController#create_student'
  [1m[36mTRANSACTION (0.0ms)[0m  [1m[35mSAVEPOINT active_record_1 /*action='import_sigaa',application='Camaar',controller='imports'*/[0m
  ↳ app/controllers/admin/imports_controller.rb:68:in 'Admin::ImportsController#create_student'
  [1m[36mUser Exists? (1.3ms)[0m  [1m[34mSELECT 1 AS one FROM "users" WHERE "users"."email" = 'lucasaafaria@gmail.com' LIMIT 1 /*action='import_sigaa',application='Camaar',controller='imports'*/[0m
  ↳ app/controllers/admin/imports_controller.rb:68:in 'Admin::ImportsController#create_student'
  [1m[36mUser Exists? (0.1ms)[0m  [1m[34mSELECT 1 AS one FROM "users" WHERE "users"."username" = '170016668' LIMIT 1 /*action='import_sigaa',application='Camaar',controller='imports'*/[0m
  ↳ app/controllers/admin/imports_controller.rb:68:in 'Admin::ImportsController#create_student'
  [1m[36mUser Create (0.2ms)[0m  [1m[32mINSERT INTO "users" ("name", "email", "hash_password", "role", "academic_background", "student_course", "student_enrolment", "professor_departament", "created_at", "updated_at", "username") VALUES ('Lucas de Almeida Abreu Faria', 'lucasaafaria@gmail.com', '$2a$12$ocLl4usWEiy.Wo2lPT6luuLUNZYneMRe8IwfpRxHaa4Xpa2gFOyUS', 0, 0, 'CIÊNCIA DA COMPUTAÇÃO/CIC', '170016668', NULL, '2025-07-15 23:42:45.157558', '2025-07-15 23:42:45.157558', '170016668') RETURNING "id" /*action='import_sigaa',application='Camaar',controller='imports'*/[0m
  ↳ app/controllers/admin/imports_controller.rb:68:in 'Admin::ImportsController#create_student'
  [1m[36mTRANSACTION (0.1ms)[0m  [1m[35mRELEASE SAVEPOINT active_record_1 /*action='import_sigaa',application='Camaar',controller='imports'*/[0m
  ↳ app/controllers/admin/imports_controller.rb:68:in 'Admin::ImportsController#create_student'
  [1m[36mUserSubject Load (0.3ms)[0m  [1m[34mSELECT "user_subjects".* FROM "user_subjects" WHERE "user_subjects"."user_id" = 29 AND "user_subjects"."subject_id" = 4 LIMIT 1 /*action='import_sigaa',application='Camaar',controller='imports'*/[0m
  ↳ app/controllers/admin/imports_controller.rb:56:in 'block (2 levels) in Admin::ImportsController#import_participants'
  [1m[36mTRANSACTION (0.0ms)[0m  [1m[35mSAVEPOINT active_record_1 /*action='import_sigaa',application='Camaar',controller='imports'*/[0m
  ↳ app/controllers/admin/imports_controller.rb:56:in 'block (2 levels) in Admin::ImportsController#import_participants'
  [1m[36mUserSubject Create (1.5ms)[0m  [1m[32mINSERT INTO "user_subjects" ("user_id", "subject_id", "created_at", "updated_at") VALUES (29, 4, '2025-07-15 23:42:45.162471', '2025-07-15 23:42:45.162471') RETURNING "id" /*action='import_sigaa',application='Camaar',controller='imports'*/[0m
  ↳ app/controllers/admin/imports_controller.rb:56:in 'block (2 levels) in Admin::ImportsController#import_participants'
  [1m[36mTRANSACTION (0.0ms)[0m  [1m[35mRELEASE SAVEPOINT active_record_1 /*action='import_sigaa',application='Camaar',controller='imports'*/[0m
  ↳ app/controllers/admin/imports_controller.rb:56:in 'block (2 levels) in Admin::ImportsController#import_participants'
  [1m[36mUser Load (0.2ms)[0m  [1m[34mSELECT "users".* FROM "users" WHERE "users"."email" = 'lucasramalho29@gmail.com' LIMIT 1 /*action='import_sigaa',application='Camaar',controller='imports'*/[0m
  ↳ app/controllers/admin/imports_controller.rb:68:in 'Admin::ImportsController#create_student'
  [1m[36mTRANSACTION (0.0ms)[0m  [1m[35mSAVEPOINT active_record_1 /*action='import_sigaa',application='Camaar',controller='imports'*/[0m
  ↳ app/controllers/admin/imports_controller.rb:68:in 'Admin::ImportsController#create_student'
  [1m[36mUser Exists? (1.2ms)[0m  [1m[34mSELECT 1 AS one FROM "users" WHERE "users"."email" = 'lucasramalho29@gmail.com' LIMIT 1 /*action='import_sigaa',application='Camaar',controller='imports'*/[0m
  ↳ app/controllers/admin/imports_controller.rb:68:in 'Admin::ImportsController#create_student'
  [1m[36mUser Exists? (0.2ms)[0m  [1m[34mSELECT 1 AS one FROM "users" WHERE "users"."username" = '190098091' LIMIT 1 /*action='import_sigaa',application='Camaar',controller='imports'*/[0m
  ↳ app/controllers/admin/imports_controller.rb:68:in 'Admin::ImportsController#create_student'
  [1m[36mUser Create (0.2ms)[0m  [1m[32mINSERT INTO "users" ("name", "email", "hash_password", "role", "academic_background", "student_course", "student_enrolment", "professor_departament", "created_at", "updated_at", "username") VALUES ('Lucas Gonçalves Ramalho', 'lucasramalho29@gmail.com', '$2a$12$8HgWNt/WHzvXyFEsQ8C7Qu757bEgaevNojrumr.F5Zg65YB9ewH62', 0, 0, 'CIÊNCIA DA COMPUTAÇÃO/CIC', '190098091', NULL, '2025-07-15 23:42:45.362849', '2025-07-15 23:42:45.362849', '190098091') RETURNING "id" /*action='import_sigaa',application='Camaar',controller='imports'*/[0m
  ↳ app/controllers/admin/imports_controller.rb:68:in 'Admin::ImportsController#create_student'
  [1m[36mTRANSACTION (0.1ms)[0m  [1m[35mRELEASE SAVEPOINT active_record_1 /*action='import_sigaa',application='Camaar',controller='imports'*/[0m
  ↳ app/controllers/admin/imports_controller.rb:68:in 'Admin::ImportsController#create_student'
  [1m[36mUserSubject Load (0.1ms)[0m  [1m[34mSELECT "user_subjects".* FROM "user_subjects" WHERE "user_subjects"."user_id" = 30 AND "user_subjects"."subject_id" = 4 LIMIT 1 /*action='import_sigaa',application='Camaar',controller='imports'*/[0m
  ↳ app/controllers/admin/imports_controller.rb:56:in 'block (2 levels) in Admin::ImportsController#import_participants'
  [1m[36mTRANSACTION (0.0ms)[0m  [1m[35mSAVEPOINT active_record_1 /*action='import_sigaa',application='Camaar',controller='imports'*/[0m
  ↳ app/controllers/admin/imports_controller.rb:56:in 'block (2 levels) in Admin::ImportsController#import_participants'
  [1m[36mUserSubject Create (1.6ms)[0m  [1m[32mINSERT INTO "user_subjects" ("user_id", "subject_id", "created_at", "updated_at") VALUES (30, 4, '2025-07-15 23:42:45.367294', '2025-07-15 23:42:45.367294') RETURNING "id" /*action='import_sigaa',application='Camaar',controller='imports'*/[0m
  ↳ app/controllers/admin/imports_controller.rb:56:in 'block (2 levels) in Admin::ImportsController#import_participants'
  [1m[36mTRANSACTION (0.1ms)[0m  [1m[35mRELEASE SAVEPOINT active_record_1 /*action='import_sigaa',application='Camaar',controller='imports'*/[0m
  ↳ app/controllers/admin/imports_controller.rb:56:in 'block (2 levels) in Admin::ImportsController#import_participants'
  [1m[36mUser Load (0.1ms)[0m  [1m[34mSELECT "users".* FROM "users" WHERE "users"."email" = 'luquinha_miranda@hotmail.com' LIMIT 1 /*action='import_sigaa',application='Camaar',controller='imports'*/[0m
  ↳ app/controllers/admin/imports_controller.rb:68:in 'Admin::ImportsController#create_student'
  [1m[36mTRANSACTION (0.0ms)[0m  [1m[35mSAVEPOINT active_record_1 /*action='import_sigaa',application='Camaar',controller='imports'*/[0m
  ↳ app/controllers/admin/imports_controller.rb:68:in 'Admin::ImportsController#create_student'
  [1m[36mUser Exists? (1.6ms)[0m  [1m[34mSELECT 1 AS one FROM "users" WHERE "users"."email" = 'luquinha_miranda@hotmail.com' LIMIT 1 /*action='import_sigaa',application='Camaar',controller='imports'*/[0m
  ↳ app/controllers/admin/imports_controller.rb:68:in 'Admin::ImportsController#create_student'
  [1m[36mUser Exists? (0.2ms)[0m  [1m[34mSELECT 1 AS one FROM "users" WHERE "users"."username" = '170149684' LIMIT 1 /*action='import_sigaa',application='Camaar',controller='imports'*/[0m
  ↳ app/controllers/admin/imports_controller.rb:68:in 'Admin::ImportsController#create_student'
  [1m[36mUser Create (0.3ms)[0m  [1m[32mINSERT INTO "users" ("name", "email", "hash_password", "role", "academic_background", "student_course", "student_enrolment", "professor_departament", "created_at", "updated_at", "username") VALUES ('Lucas Monteiro Miranda', 'luquinha_miranda@hotmail.com', '$2a$12$d2rxS7xSfx.gzybitKMz9uf1hutl.AQFsGqjginfYvvWLQRutXsvi', 0, 0, 'ENGENHARIA MECATRÔNICA - CONTROLE E AUTOMAÇÃO/FTD', '170149684', NULL, '2025-07-15 23:42:45.568501', '2025-07-15 23:42:45.568501', '170149684') RETURNING "id" /*action='import_sigaa',application='Camaar',controller='imports'*/[0m
  ↳ app/controllers/admin/imports_controller.rb:68:in 'Admin::ImportsController#create_student'
  [1m[36mTRANSACTION (0.1ms)[0m  [1m[35mRELEASE SAVEPOINT active_record_1 /*action='import_sigaa',application='Camaar',controller='imports'*/[0m
  ↳ app/controllers/admin/imports_controller.rb:68:in 'Admin::ImportsController#create_student'
  [1m[36mUserSubject Load (0.1ms)[0m  [1m[34mSELECT "user_subjects".* FROM "user_subjects" WHERE "user_subjects"."user_id" = 31 AND "user_subjects"."subject_id" = 4 LIMIT 1 /*action='import_sigaa',application='Camaar',controller='imports'*/[0m
  ↳ app/controllers/admin/imports_controller.rb:56:in 'block (2 levels) in Admin::ImportsController#import_participants'
  [1m[36mTRANSACTION (0.0ms)[0m  [1m[35mSAVEPOINT active_record_1 /*action='import_sigaa',application='Camaar',controller='imports'*/[0m
  ↳ app/controllers/admin/imports_controller.rb:56:in 'block (2 levels) in Admin::ImportsController#import_participants'
  [1m[36mUserSubject Create (1.5ms)[0m  [1m[32mINSERT INTO "user_subjects" ("user_id", "subject_id", "created_at", "updated_at") VALUES (31, 4, '2025-07-15 23:42:45.572131', '2025-07-15 23:42:45.572131') RETURNING "id" /*action='import_sigaa',application='Camaar',controller='imports'*/[0m
  ↳ app/controllers/admin/imports_controller.rb:56:in 'block (2 levels) in Admin::ImportsController#import_participants'
  [1m[36mTRANSACTION (0.1ms)[0m  [1m[35mRELEASE SAVEPOINT active_record_1 /*action='import_sigaa',application='Camaar',controller='imports'*/[0m
  ↳ app/controllers/admin/imports_controller.rb:56:in 'block (2 levels) in Admin::ImportsController#import_participants'
  [1m[36mUser Load (0.1ms)[0m  [1m[34mSELECT "users".* FROM "users" WHERE "users"."email" = '180144421@aluno.unb.br' LIMIT 1 /*action='import_sigaa',application='Camaar',controller='imports'*/[0m
  ↳ app/controllers/admin/imports_controller.rb:68:in 'Admin::ImportsController#create_student'
  [1m[36mTRANSACTION (0.1ms)[0m  [1m[35mSAVEPOINT active_record_1 /*action='import_sigaa',application='Camaar',controller='imports'*/[0m
  ↳ app/controllers/admin/imports_controller.rb:68:in 'Admin::ImportsController#create_student'
  [1m[36mUser Exists? (1.5ms)[0m  [1m[34mSELECT 1 AS one FROM "users" WHERE "users"."email" = '180144421@aluno.unb.br' LIMIT 1 /*action='import_sigaa',application='Camaar',controller='imports'*/[0m
  ↳ app/controllers/admin/imports_controller.rb:68:in 'Admin::ImportsController#create_student'
  [1m[36mUser Exists? (0.1ms)[0m  [1m[34mSELECT 1 AS one FROM "users" WHERE "users"."username" = '180144421' LIMIT 1 /*action='import_sigaa',application='Camaar',controller='imports'*/[0m
  ↳ app/controllers/admin/imports_controller.rb:68:in 'Admin::ImportsController#create_student'
  [1m[36mUser Create (0.2ms)[0m  [1m[32mINSERT INTO "users" ("name", "email", "hash_password", "role", "academic_background", "student_course", "student_enrolment", "professor_departament", "created_at", "updated_at", "username") VALUES ('Lucas Resende Silveira Reis', '180144421@aluno.unb.br', '$2a$12$thUDTjNYMVX61/6etgtTYuTwuC3GWTjuSFn.q9u.z8YFberJAXhjO', 0, 0, 'CIÊNCIA DA COMPUTAÇÃO/CIC', '180144421', NULL, '2025-07-15 23:42:45.783031', '2025-07-15 23:42:45.783031', '180144421') RETURNING "id" /*action='import_sigaa',application='Camaar',controller='imports'*/[0m
  ↳ app/controllers/admin/imports_controller.rb:68:in 'Admin::ImportsController#create_student'
  [1m[36mTRANSACTION (0.0ms)[0m  [1m[35mRELEASE SAVEPOINT active_record_1 /*action='import_sigaa',application='Camaar',controller='imports'*/[0m
  ↳ app/controllers/admin/imports_controller.rb:68:in 'Admin::ImportsController#create_student'
  [1m[36mUserSubject Load (0.2ms)[0m  [1m[34mSELECT "user_subjects".* FROM "user_subjects" WHERE "user_subjects"."user_id" = 32 AND "user_subjects"."subject_id" = 4 LIMIT 1 /*action='import_sigaa',application='Camaar',controller='imports'*/[0m
  ↳ app/controllers/admin/imports_controller.rb:56:in 'block (2 levels) in Admin::ImportsController#import_participants'
  [1m[36mTRANSACTION (0.0ms)[0m  [1m[35mSAVEPOINT active_record_1 /*action='import_sigaa',application='Camaar',controller='imports'*/[0m
  ↳ app/controllers/admin/imports_controller.rb:56:in 'block (2 levels) in Admin::ImportsController#import_participants'
  [1m[36mUserSubject Create (1.6ms)[0m  [1m[32mINSERT INTO "user_subjects" ("user_id", "subject_id", "created_at", "updated_at") VALUES (32, 4, '2025-07-15 23:42:45.786843', '2025-07-15 23:42:45.786843') RETURNING "id" /*action='import_sigaa',application='Camaar',controller='imports'*/[0m
  ↳ app/controllers/admin/imports_controller.rb:56:in 'block (2 levels) in Admin::ImportsController#import_participants'
  [1m[36mTRANSACTION (0.1ms)[0m  [1m[35mRELEASE SAVEPOINT active_record_1 /*action='import_sigaa',application='Camaar',controller='imports'*/[0m
  ↳ app/controllers/admin/imports_controller.rb:56:in 'block (2 levels) in Admin::ImportsController#import_participants'
  [1m[36mUser Load (0.1ms)[0m  [1m[34mSELECT "users".* FROM "users" WHERE "users"."email" = 'lflamellas@icloud.com' LIMIT 1 /*action='import_sigaa',application='Camaar',controller='imports'*/[0m
  ↳ app/controllers/admin/imports_controller.rb:68:in 'Admin::ImportsController#create_student'
  [1m[36mTRANSACTION (0.0ms)[0m  [1m[35mSAVEPOINT active_record_1 /*action='import_sigaa',application='Camaar',controller='imports'*/[0m
  ↳ app/controllers/admin/imports_controller.rb:68:in 'Admin::ImportsController#create_student'
  [1m[36mUser Exists? (1.1ms)[0m  [1m[34mSELECT 1 AS one FROM "users" WHERE "users"."email" = 'lflamellas@icloud.com' LIMIT 1 /*action='import_sigaa',application='Camaar',controller='imports'*/[0m
  ↳ app/controllers/admin/imports_controller.rb:68:in 'Admin::ImportsController#create_student'
  [1m[36mUser Exists? (0.0ms)[0m  [1m[34mSELECT 1 AS one FROM "users" WHERE "users"."username" = '190016841' LIMIT 1 /*action='import_sigaa',application='Camaar',controller='imports'*/[0m
  ↳ app/controllers/admin/imports_controller.rb:68:in 'Admin::ImportsController#create_student'
  [1m[36mUser Create (0.3ms)[0m  [1m[32mINSERT INTO "users" ("name", "email", "hash_password", "role", "academic_background", "student_course", "student_enrolment", "professor_departament", "created_at", "updated_at", "username") VALUES ('Luis Fernando Freitas Lamellas', 'lflamellas@icloud.com', '$2a$12$CeUOKNirEPCRvfD6mwfMjuREeujnkErGKeWH5p6v3dtFcDd6jMyCO', 0, 0, 'CIÊNCIA DA COMPUTAÇÃO/CIC', '190016841', NULL, '2025-07-15 23:42:45.997751', '2025-07-15 23:42:45.997751', '190016841') RETURNING "id" /*action='import_sigaa',application='Camaar',controller='imports'*/[0m
  ↳ app/controllers/admin/imports_controller.rb:68:in 'Admin::ImportsController#create_student'
  [1m[36mTRANSACTION (0.0ms)[0m  [1m[35mRELEASE SAVEPOINT active_record_1 /*action='import_sigaa',application='Camaar',controller='imports'*/[0m
  ↳ app/controllers/admin/imports_controller.rb:68:in 'Admin::ImportsController#create_student'
  [1m[36mUserSubject Load (0.1ms)[0m  [1m[34mSELECT "user_subjects".* FROM "user_subjects" WHERE "user_subjects"."user_id" = 33 AND "user_subjects"."subject_id" = 4 LIMIT 1 /*action='import_sigaa',application='Camaar',controller='imports'*/[0m
  ↳ app/controllers/admin/imports_controller.rb:56:in 'block (2 levels) in Admin::ImportsController#import_participants'
  [1m[36mTRANSACTION (0.0ms)[0m  [1m[35mSAVEPOINT active_record_1 /*action='import_sigaa',application='Camaar',controller='imports'*/[0m
  ↳ app/controllers/admin/imports_controller.rb:56:in 'block (2 levels) in Admin::ImportsController#import_participants'
  [1m[36mUserSubject Create (1.1ms)[0m  [1m[32mINSERT INTO "user_subjects" ("user_id", "subject_id", "created_at", "updated_at") VALUES (33, 4, '2025-07-15 23:42:46.000844', '2025-07-15 23:42:46.000844') RETURNING "id" /*action='import_sigaa',application='Camaar',controller='imports'*/[0m
  ↳ app/controllers/admin/imports_controller.rb:56:in 'block (2 levels) in Admin::ImportsController#import_participants'
  [1m[36mTRANSACTION (0.0ms)[0m  [1m[35mRELEASE SAVEPOINT active_record_1 /*action='import_sigaa',application='Camaar',controller='imports'*/[0m
  ↳ app/controllers/admin/imports_controller.rb:56:in 'block (2 levels) in Admin::ImportsController#import_participants'
  [1m[36mUser Load (0.1ms)[0m  [1m[34mSELECT "users".* FROM "users" WHERE "users"."email" = 'luizangomes@outlook.com' LIMIT 1 /*action='import_sigaa',application='Camaar',controller='imports'*/[0m
  ↳ app/controllers/admin/imports_controller.rb:68:in 'Admin::ImportsController#create_student'
  [1m[36mTRANSACTION (0.0ms)[0m  [1m[35mSAVEPOINT active_record_1 /*action='import_sigaa',application='Camaar',controller='imports'*/[0m
  ↳ app/controllers/admin/imports_controller.rb:68:in 'Admin::ImportsController#create_student'
  [1m[36mUser Exists? (1.3ms)[0m  [1m[34mSELECT 1 AS one FROM "users" WHERE "users"."email" = 'luizangomes@outlook.com' LIMIT 1 /*action='import_sigaa',application='Camaar',controller='imports'*/[0m
  ↳ app/controllers/admin/imports_controller.rb:68:in 'Admin::ImportsController#create_student'
  [1m[36mUser Exists? (0.0ms)[0m  [1m[34mSELECT 1 AS one FROM "users" WHERE "users"."username" = '190112794' LIMIT 1 /*action='import_sigaa',application='Camaar',controller='imports'*/[0m
  ↳ app/controllers/admin/imports_controller.rb:68:in 'Admin::ImportsController#create_student'
  [1m[36mUser Create (0.2ms)[0m  [1m[32mINSERT INTO "users" ("name", "email", "hash_password", "role", "academic_background", "student_course", "student_enrolment", "professor_departament", "created_at", "updated_at", "username") VALUES ('Luiza de Araujo Nunes Gomes', 'luizangomes@outlook.com', '$2a$12$Ur2Uo4KXYj3Q/aU/m6cfkepiTggenENLNFOEyd/TdmfxmpiB/zzce', 0, 0, 'CIÊNCIA DA COMPUTAÇÃO/CIC', '190112794', NULL, '2025-07-15 23:42:46.200755', '2025-07-15 23:42:46.200755', '190112794') RETURNING "id" /*action='import_sigaa',application='Camaar',controller='imports'*/[0m
  ↳ app/controllers/admin/imports_controller.rb:68:in 'Admin::ImportsController#create_student'
  [1m[36mTRANSACTION (0.0ms)[0m  [1m[35mRELEASE SAVEPOINT active_record_1 /*action='import_sigaa',application='Camaar',controller='imports'*/[0m
  ↳ app/controllers/admin/imports_controller.rb:68:in 'Admin::ImportsController#create_student'
  [1m[36mUserSubject Load (0.1ms)[0m  [1m[34mSELECT "user_subjects".* FROM "user_subjects" WHERE "user_subjects"."user_id" = 34 AND "user_subjects"."subject_id" = 4 LIMIT 1 /*action='import_sigaa',application='Camaar',controller='imports'*/[0m
  ↳ app/controllers/admin/imports_controller.rb:56:in 'block (2 levels) in Admin::ImportsController#import_participants'
  [1m[36mTRANSACTION (0.0ms)[0m  [1m[35mSAVEPOINT active_record_1 /*action='import_sigaa',application='Camaar',controller='imports'*/[0m
  ↳ app/controllers/admin/imports_controller.rb:56:in 'block (2 levels) in Admin::ImportsController#import_participants'
  [1m[36mUserSubject Create (1.3ms)[0m  [1m[32mINSERT INTO "user_subjects" ("user_id", "subject_id", "created_at", "updated_at") VALUES (34, 4, '2025-07-15 23:42:46.203395', '2025-07-15 23:42:46.203395') RETURNING "id" /*action='import_sigaa',application='Camaar',controller='imports'*/[0m
  ↳ app/controllers/admin/imports_controller.rb:56:in 'block (2 levels) in Admin::ImportsController#import_participants'
  [1m[36mTRANSACTION (0.1ms)[0m  [1m[35mRELEASE SAVEPOINT active_record_1 /*action='import_sigaa',application='Camaar',controller='imports'*/[0m
  ↳ app/controllers/admin/imports_controller.rb:56:in 'block (2 levels) in Admin::ImportsController#import_participants'
  [1m[36mUser Load (0.3ms)[0m  [1m[34mSELECT "users".* FROM "users" WHERE "users"."email" = '180126652@aluno.unb.br' LIMIT 1 /*action='import_sigaa',application='Camaar',controller='imports'*/[0m
  ↳ app/controllers/admin/imports_controller.rb:68:in 'Admin::ImportsController#create_student'
  [1m[36mTRANSACTION (0.0ms)[0m  [1m[35mSAVEPOINT active_record_1 /*action='import_sigaa',application='Camaar',controller='imports'*/[0m
  ↳ app/controllers/admin/imports_controller.rb:68:in 'Admin::ImportsController#create_student'
  [1m[36mUser Exists? (1.4ms)[0m  [1m[34mSELECT 1 AS one FROM "users" WHERE "users"."email" = '180126652@aluno.unb.br' LIMIT 1 /*action='import_sigaa',application='Camaar',controller='imports'*/[0m
  ↳ app/controllers/admin/imports_controller.rb:68:in 'Admin::ImportsController#create_student'
  [1m[36mUser Exists? (0.1ms)[0m  [1m[34mSELECT 1 AS one FROM "users" WHERE "users"."username" = '180126652' LIMIT 1 /*action='import_sigaa',application='Camaar',controller='imports'*/[0m
  ↳ app/controllers/admin/imports_controller.rb:68:in 'Admin::ImportsController#create_student'
  [1m[36mUser Create (0.2ms)[0m  [1m[32mINSERT INTO "users" ("name", "email", "hash_password", "role", "academic_background", "student_course", "student_enrolment", "professor_departament", "created_at", "updated_at", "username") VALUES ('Marcelo Aiache Postiglione', '180126652@aluno.unb.br', '$2a$12$4nXHKYz2rKyS4IrV3w/8OeQRBfPGaGIjBI/eAX5O8qAl3FpEJCG6W', 0, 0, 'CIÊNCIA DA COMPUTAÇÃO/CIC', '180126652', NULL, '2025-07-15 23:42:46.410709', '2025-07-15 23:42:46.410709', '180126652') RETURNING "id" /*action='import_sigaa',application='Camaar',controller='imports'*/[0m
  ↳ app/controllers/admin/imports_controller.rb:68:in 'Admin::ImportsController#create_student'
  [1m[36mTRANSACTION (0.1ms)[0m  [1m[35mRELEASE SAVEPOINT active_record_1 /*action='import_sigaa',application='Camaar',controller='imports'*/[0m
  ↳ app/controllers/admin/imports_controller.rb:68:in 'Admin::ImportsController#create_student'
  [1m[36mUserSubject Load (0.1ms)[0m  [1m[34mSELECT "user_subjects".* FROM "user_subjects" WHERE "user_subjects"."user_id" = 35 AND "user_subjects"."subject_id" = 4 LIMIT 1 /*action='import_sigaa',application='Camaar',controller='imports'*/[0m
  ↳ app/controllers/admin/imports_controller.rb:56:in 'block (2 levels) in Admin::ImportsController#import_participants'
  [1m[36mTRANSACTION (0.0ms)[0m  [1m[35mSAVEPOINT active_record_1 /*action='import_sigaa',application='Camaar',controller='imports'*/[0m
  ↳ app/controllers/admin/imports_controller.rb:56:in 'block (2 levels) in Admin::ImportsController#import_participants'
  [1m[36mUserSubject Create (1.0ms)[0m  [1m[32mINSERT INTO "user_subjects" ("user_id", "subject_id", "created_at", "updated_at") VALUES (35, 4, '2025-07-15 23:42:46.415337', '2025-07-15 23:42:46.415337') RETURNING "id" /*action='import_sigaa',application='Camaar',controller='imports'*/[0m
  ↳ app/controllers/admin/imports_controller.rb:56:in 'block (2 levels) in Admin::ImportsController#import_participants'
  [1m[36mTRANSACTION (0.0ms)[0m  [1m[35mRELEASE SAVEPOINT active_record_1 /*action='import_sigaa',application='Camaar',controller='imports'*/[0m
  ↳ app/controllers/admin/imports_controller.rb:56:in 'block (2 levels) in Admin::ImportsController#import_participants'
  [1m[36mUser Load (0.1ms)[0m  [1m[34mSELECT "users".* FROM "users" WHERE "users"."email" = 'marcelojunqueiraf@gmail.com' LIMIT 1 /*action='import_sigaa',application='Camaar',controller='imports'*/[0m
  ↳ app/controllers/admin/imports_controller.rb:68:in 'Admin::ImportsController#create_student'
  [1m[36mTRANSACTION (0.0ms)[0m  [1m[35mSAVEPOINT active_record_1 /*action='import_sigaa',application='Camaar',controller='imports'*/[0m
  ↳ app/controllers/admin/imports_controller.rb:68:in 'Admin::ImportsController#create_student'
  [1m[36mUser Exists? (1.0ms)[0m  [1m[34mSELECT 1 AS one FROM "users" WHERE "users"."email" = 'marcelojunqueiraf@gmail.com' LIMIT 1 /*action='import_sigaa',application='Camaar',controller='imports'*/[0m
  ↳ app/controllers/admin/imports_controller.rb:68:in 'Admin::ImportsController#create_student'
  [1m[36mUser Exists? (0.1ms)[0m  [1m[34mSELECT 1 AS one FROM "users" WHERE "users"."username" = '200023624' LIMIT 1 /*action='import_sigaa',application='Camaar',controller='imports'*/[0m
  ↳ app/controllers/admin/imports_controller.rb:68:in 'Admin::ImportsController#create_student'
  [1m[36mUser Create (0.2ms)[0m  [1m[32mINSERT INTO "users" ("name", "email", "hash_password", "role", "academic_background", "student_course", "student_enrolment", "professor_departament", "created_at", "updated_at", "username") VALUES ('Marcelo Junqueira Ferreira', 'marcelojunqueiraf@gmail.com', '$2a$12$infTDJyg081Lx/p.Nm8JZukNWdlnSsCeMi6rp/Y4.Tlh./8b/DoOK', 0, 0, 'CIÊNCIA DA COMPUTAÇÃO/CIC', '200023624', NULL, '2025-07-15 23:42:46.621601', '2025-07-15 23:42:46.621601', '200023624') RETURNING "id" /*action='import_sigaa',application='Camaar',controller='imports'*/[0m
  ↳ app/controllers/admin/imports_controller.rb:68:in 'Admin::ImportsController#create_student'
  [1m[36mTRANSACTION (0.1ms)[0m  [1m[35mRELEASE SAVEPOINT active_record_1 /*action='import_sigaa',application='Camaar',controller='imports'*/[0m
  ↳ app/controllers/admin/imports_controller.rb:68:in 'Admin::ImportsController#create_student'
  [1m[36mUserSubject Load (0.3ms)[0m  [1m[34mSELECT "user_subjects".* FROM "user_subjects" WHERE "user_subjects"."user_id" = 36 AND "user_subjects"."subject_id" = 4 LIMIT 1 /*action='import_sigaa',application='Camaar',controller='imports'*/[0m
  ↳ app/controllers/admin/imports_controller.rb:56:in 'block (2 levels) in Admin::ImportsController#import_participants'
  [1m[36mTRANSACTION (0.0ms)[0m  [1m[35mSAVEPOINT active_record_1 /*action='import_sigaa',application='Camaar',controller='imports'*/[0m
  ↳ app/controllers/admin/imports_controller.rb:56:in 'block (2 levels) in Admin::ImportsController#import_participants'
  [1m[36mUserSubject Create (1.0ms)[0m  [1m[32mINSERT INTO "user_subjects" ("user_id", "subject_id", "created_at", "updated_at") VALUES (36, 4, '2025-07-15 23:42:46.626521', '2025-07-15 23:42:46.626521') RETURNING "id" /*action='import_sigaa',application='Camaar',controller='imports'*/[0m
  ↳ app/controllers/admin/imports_controller.rb:56:in 'block (2 levels) in Admin::ImportsController#import_participants'
  [1m[36mTRANSACTION (0.0ms)[0m  [1m[35mRELEASE SAVEPOINT active_record_1 /*action='import_sigaa',application='Camaar',controller='imports'*/[0m
  ↳ app/controllers/admin/imports_controller.rb:56:in 'block (2 levels) in Admin::ImportsController#import_participants'
  [1m[36mUser Load (0.1ms)[0m  [1m[34mSELECT "users".* FROM "users" WHERE "users"."email" = 'auntduda@gmail.com' LIMIT 1 /*action='import_sigaa',application='Camaar',controller='imports'*/[0m
  ↳ app/controllers/admin/imports_controller.rb:68:in 'Admin::ImportsController#create_student'
  [1m[36mTRANSACTION (0.0ms)[0m  [1m[35mSAVEPOINT active_record_1 /*action='import_sigaa',application='Camaar',controller='imports'*/[0m
  ↳ app/controllers/admin/imports_controller.rb:68:in 'Admin::ImportsController#create_student'
  [1m[36mUser Exists? (1.2ms)[0m  [1m[34mSELECT 1 AS one FROM "users" WHERE "users"."email" = 'auntduda@gmail.com' LIMIT 1 /*action='import_sigaa',application='Camaar',controller='imports'*/[0m
  ↳ app/controllers/admin/imports_controller.rb:68:in 'Admin::ImportsController#create_student'
  [1m[36mUser Exists? (0.2ms)[0m  [1m[34mSELECT 1 AS one FROM "users" WHERE "users"."username" = '190092556' LIMIT 1 /*action='import_sigaa',application='Camaar',controller='imports'*/[0m
  ↳ app/controllers/admin/imports_controller.rb:68:in 'Admin::ImportsController#create_student'
  [1m[36mUser Create (0.1ms)[0m  [1m[32mINSERT INTO "users" ("name", "email", "hash_password", "role", "academic_background", "student_course", "student_enrolment", "professor_departament", "created_at", "updated_at", "username") VALUES ('MARIA EDUARDA CARVALHO SANTOS', 'auntduda@gmail.com', '$2a$12$a/uPZbWcI/YD5IJLkqKZ3.UkDU7Fx5QgK3EdNtgTDyMnDoHJWI0Aq', 0, 0, 'CIÊNCIA DA COMPUTAÇÃO/CIC', '190092556', NULL, '2025-07-15 23:42:46.830772', '2025-07-15 23:42:46.830772', '190092556') RETURNING "id" /*action='import_sigaa',application='Camaar',controller='imports'*/[0m
  ↳ app/controllers/admin/imports_controller.rb:68:in 'Admin::ImportsController#create_student'
  [1m[36mTRANSACTION (0.0ms)[0m  [1m[35mRELEASE SAVEPOINT active_record_1 /*action='import_sigaa',application='Camaar',controller='imports'*/[0m
  ↳ app/controllers/admin/imports_controller.rb:68:in 'Admin::ImportsController#create_student'
  [1m[36mUserSubject Load (0.1ms)[0m  [1m[34mSELECT "user_subjects".* FROM "user_subjects" WHERE "user_subjects"."user_id" = 37 AND "user_subjects"."subject_id" = 4 LIMIT 1 /*action='import_sigaa',application='Camaar',controller='imports'*/[0m
  ↳ app/controllers/admin/imports_controller.rb:56:in 'block (2 levels) in Admin::ImportsController#import_participants'
  [1m[36mTRANSACTION (0.0ms)[0m  [1m[35mSAVEPOINT active_record_1 /*action='import_sigaa',application='Camaar',controller='imports'*/[0m
  ↳ app/controllers/admin/imports_controller.rb:56:in 'block (2 levels) in Admin::ImportsController#import_participants'
  [1m[36mUserSubject Create (1.0ms)[0m  [1m[32mINSERT INTO "user_subjects" ("user_id", "subject_id", "created_at", "updated_at") VALUES (37, 4, '2025-07-15 23:42:46.832986', '2025-07-15 23:42:46.832986') RETURNING "id" /*action='import_sigaa',application='Camaar',controller='imports'*/[0m
  ↳ app/controllers/admin/imports_controller.rb:56:in 'block (2 levels) in Admin::ImportsController#import_participants'
  [1m[36mTRANSACTION (0.0ms)[0m  [1m[35mRELEASE SAVEPOINT active_record_1 /*action='import_sigaa',application='Camaar',controller='imports'*/[0m
  ↳ app/controllers/admin/imports_controller.rb:56:in 'block (2 levels) in Admin::ImportsController#import_participants'
  [1m[36mUser Load (0.1ms)[0m  [1m[34mSELECT "users".* FROM "users" WHERE "users"."email" = 'lacwerda@gmail.com' LIMIT 1 /*action='import_sigaa',application='Camaar',controller='imports'*/[0m
  ↳ app/controllers/admin/imports_controller.rb:68:in 'Admin::ImportsController#create_student'
  [1m[36mTRANSACTION (0.0ms)[0m  [1m[35mSAVEPOINT active_record_1 /*action='import_sigaa',application='Camaar',controller='imports'*/[0m
  ↳ app/controllers/admin/imports_controller.rb:68:in 'Admin::ImportsController#create_student'
  [1m[36mUser Exists? (1.3ms)[0m  [1m[34mSELECT 1 AS one FROM "users" WHERE "users"."email" = 'lacwerda@gmail.com' LIMIT 1 /*action='import_sigaa',application='Camaar',controller='imports'*/[0m
  ↳ app/controllers/admin/imports_controller.rb:68:in 'Admin::ImportsController#create_student'
  [1m[36mUser Exists? (0.0ms)[0m  [1m[34mSELECT 1 AS one FROM "users" WHERE "users"."username" = '200067184' LIMIT 1 /*action='import_sigaa',application='Camaar',controller='imports'*/[0m
  ↳ app/controllers/admin/imports_controller.rb:68:in 'Admin::ImportsController#create_student'
  [1m[36mUser Create (0.1ms)[0m  [1m[32mINSERT INTO "users" ("name", "email", "hash_password", "role", "academic_background", "student_course", "student_enrolment", "professor_departament", "created_at", "updated_at", "username") VALUES ('Maria Eduarda Lacerda Dantas', 'lacwerda@gmail.com', '$2a$12$uDfX//UVFji/kvDY8PPPuepREFGtqmQTDbMKA8PvFACwBZV0z/W8m', 0, 0, 'CIÊNCIA DA COMPUTAÇÃO/CIC', '200067184', NULL, '2025-07-15 23:42:47.031235', '2025-07-15 23:42:47.031235', '200067184') RETURNING "id" /*action='import_sigaa',application='Camaar',controller='imports'*/[0m
  ↳ app/controllers/admin/imports_controller.rb:68:in 'Admin::ImportsController#create_student'
  [1m[36mTRANSACTION (0.0ms)[0m  [1m[35mRELEASE SAVEPOINT active_record_1 /*action='import_sigaa',application='Camaar',controller='imports'*/[0m
  ↳ app/controllers/admin/imports_controller.rb:68:in 'Admin::ImportsController#create_student'
  [1m[36mUserSubject Load (0.1ms)[0m  [1m[34mSELECT "user_subjects".* FROM "user_subjects" WHERE "user_subjects"."user_id" = 38 AND "user_subjects"."subject_id" = 4 LIMIT 1 /*action='import_sigaa',application='Camaar',controller='imports'*/[0m
  ↳ app/controllers/admin/imports_controller.rb:56:in 'block (2 levels) in Admin::ImportsController#import_participants'
  [1m[36mTRANSACTION (0.0ms)[0m  [1m[35mSAVEPOINT active_record_1 /*action='import_sigaa',application='Camaar',controller='imports'*/[0m
  ↳ app/controllers/admin/imports_controller.rb:56:in 'block (2 levels) in Admin::ImportsController#import_participants'
  [1m[36mUserSubject Create (1.0ms)[0m  [1m[32mINSERT INTO "user_subjects" ("user_id", "subject_id", "created_at", "updated_at") VALUES (38, 4, '2025-07-15 23:42:47.033916', '2025-07-15 23:42:47.033916') RETURNING "id" /*action='import_sigaa',application='Camaar',controller='imports'*/[0m
  ↳ app/controllers/admin/imports_controller.rb:56:in 'block (2 levels) in Admin::ImportsController#import_participants'
  [1m[36mTRANSACTION (0.0ms)[0m  [1m[35mRELEASE SAVEPOINT active_record_1 /*action='import_sigaa',application='Camaar',controller='imports'*/[0m
  ↳ app/controllers/admin/imports_controller.rb:56:in 'block (2 levels) in Admin::ImportsController#import_participants'
  [1m[36mUser Load (0.1ms)[0m  [1m[34mSELECT "users".* FROM "users" WHERE "users"."email" = 'mayllak@hotmail.com' LIMIT 1 /*action='import_sigaa',application='Camaar',controller='imports'*/[0m
  ↳ app/controllers/admin/imports_controller.rb:68:in 'Admin::ImportsController#create_student'
  [1m[36mTRANSACTION (0.0ms)[0m  [1m[35mSAVEPOINT active_record_1 /*action='import_sigaa',application='Camaar',controller='imports'*/[0m
  ↳ app/controllers/admin/imports_controller.rb:68:in 'Admin::ImportsController#create_student'
  [1m[36mUser Exists? (1.1ms)[0m  [1m[34mSELECT 1 AS one FROM "users" WHERE "users"."email" = 'mayllak@hotmail.com' LIMIT 1 /*action='import_sigaa',application='Camaar',controller='imports'*/[0m
  ↳ app/controllers/admin/imports_controller.rb:68:in 'Admin::ImportsController#create_student'
  [1m[36mUser Exists? (0.0ms)[0m  [1m[34mSELECT 1 AS one FROM "users" WHERE "users"."username" = '190043873' LIMIT 1 /*action='import_sigaa',application='Camaar',controller='imports'*/[0m
  ↳ app/controllers/admin/imports_controller.rb:68:in 'Admin::ImportsController#create_student'
  [1m[36mUser Create (0.4ms)[0m  [1m[32mINSERT INTO "users" ("name", "email", "hash_password", "role", "academic_background", "student_course", "student_enrolment", "professor_departament", "created_at", "updated_at", "username") VALUES ('Maylla Krislainy de Sousa Silva', 'mayllak@hotmail.com', '$2a$12$FsnHDPTCTc43e3kcz56YeO1vfqCE5tSmsHdKL5ZKMiRYxSk9LNJl2', 0, 0, 'CIÊNCIA DA COMPUTAÇÃO/CIC', '190043873', NULL, '2025-07-15 23:42:47.240404', '2025-07-15 23:42:47.240404', '190043873') RETURNING "id" /*action='import_sigaa',application='Camaar',controller='imports'*/[0m
  ↳ app/controllers/admin/imports_controller.rb:68:in 'Admin::ImportsController#create_student'
  [1m[36mTRANSACTION (0.0ms)[0m  [1m[35mRELEASE SAVEPOINT active_record_1 /*action='import_sigaa',application='Camaar',controller='imports'*/[0m
  ↳ app/controllers/admin/imports_controller.rb:68:in 'Admin::ImportsController#create_student'
  [1m[36mUserSubject Load (0.2ms)[0m  [1m[34mSELECT "user_subjects".* FROM "user_subjects" WHERE "user_subjects"."user_id" = 39 AND "user_subjects"."subject_id" = 4 LIMIT 1 /*action='import_sigaa',application='Camaar',controller='imports'*/[0m
  ↳ app/controllers/admin/imports_controller.rb:56:in 'block (2 levels) in Admin::ImportsController#import_participants'
  [1m[36mTRANSACTION (0.0ms)[0m  [1m[35mSAVEPOINT active_record_1 /*action='import_sigaa',application='Camaar',controller='imports'*/[0m
  ↳ app/controllers/admin/imports_controller.rb:56:in 'block (2 levels) in Admin::ImportsController#import_participants'
  [1m[36mUserSubject Create (0.9ms)[0m  [1m[32mINSERT INTO "user_subjects" ("user_id", "subject_id", "created_at", "updated_at") VALUES (39, 4, '2025-07-15 23:42:47.245249', '2025-07-15 23:42:47.245249') RETURNING "id" /*action='import_sigaa',application='Camaar',controller='imports'*/[0m
  ↳ app/controllers/admin/imports_controller.rb:56:in 'block (2 levels) in Admin::ImportsController#import_participants'
  [1m[36mTRANSACTION (0.0ms)[0m  [1m[35mRELEASE SAVEPOINT active_record_1 /*action='import_sigaa',application='Camaar',controller='imports'*/[0m
  ↳ app/controllers/admin/imports_controller.rb:56:in 'block (2 levels) in Admin::ImportsController#import_participants'
  [1m[36mUser Load (0.1ms)[0m  [1m[34mSELECT "users".* FROM "users" WHERE "users"."email" = 'pedrocesarribeiro2013@gmail.com' LIMIT 1 /*action='import_sigaa',application='Camaar',controller='imports'*/[0m
  ↳ app/controllers/admin/imports_controller.rb:68:in 'Admin::ImportsController#create_student'
  [1m[36mTRANSACTION (0.0ms)[0m  [1m[35mSAVEPOINT active_record_1 /*action='import_sigaa',application='Camaar',controller='imports'*/[0m
  ↳ app/controllers/admin/imports_controller.rb:68:in 'Admin::ImportsController#create_student'
  [1m[36mUser Exists? (1.5ms)[0m  [1m[34mSELECT 1 AS one FROM "users" WHERE "users"."email" = 'pedrocesarribeiro2013@gmail.com' LIMIT 1 /*action='import_sigaa',application='Camaar',controller='imports'*/[0m
  ↳ app/controllers/admin/imports_controller.rb:68:in 'Admin::ImportsController#create_student'
  [1m[36mUser Exists? (0.2ms)[0m  [1m[34mSELECT 1 AS one FROM "users" WHERE "users"."username" = '180139312' LIMIT 1 /*action='import_sigaa',application='Camaar',controller='imports'*/[0m
  ↳ app/controllers/admin/imports_controller.rb:68:in 'Admin::ImportsController#create_student'
  [1m[36mUser Create (0.2ms)[0m  [1m[32mINSERT INTO "users" ("name", "email", "hash_password", "role", "academic_background", "student_course", "student_enrolment", "professor_departament", "created_at", "updated_at", "username") VALUES ('Pedro Cesar Ribeiro Passos', 'pedrocesarribeiro2013@gmail.com', '$2a$12$8.QEG4u9TdqiWaew7YvxAOr3jbl3DrHollQK6WMNWVuyZa4Fp6khi', 0, 0, 'ENGENHARIA MECATRÔNICA - CONTROLE E AUTOMAÇÃO/FTD', '180139312', NULL, '2025-07-15 23:42:47.454719', '2025-07-15 23:42:47.454719', '180139312') RETURNING "id" /*action='import_sigaa',application='Camaar',controller='imports'*/[0m
  ↳ app/controllers/admin/imports_controller.rb:68:in 'Admin::ImportsController#create_student'
  [1m[36mTRANSACTION (0.1ms)[0m  [1m[35mRELEASE SAVEPOINT active_record_1 /*action='import_sigaa',application='Camaar',controller='imports'*/[0m
  ↳ app/controllers/admin/imports_controller.rb:68:in 'Admin::ImportsController#create_student'
  [1m[36mUserSubject Load (0.1ms)[0m  [1m[34mSELECT "user_subjects".* FROM "user_subjects" WHERE "user_subjects"."user_id" = 40 AND "user_subjects"."subject_id" = 4 LIMIT 1 /*action='import_sigaa',application='Camaar',controller='imports'*/[0m
  ↳ app/controllers/admin/imports_controller.rb:56:in 'block (2 levels) in Admin::ImportsController#import_participants'
  [1m[36mTRANSACTION (0.0ms)[0m  [1m[35mSAVEPOINT active_record_1 /*action='import_sigaa',application='Camaar',controller='imports'*/[0m
  ↳ app/controllers/admin/imports_controller.rb:56:in 'block (2 levels) in Admin::ImportsController#import_participants'
  [1m[36mUserSubject Create (1.3ms)[0m  [1m[32mINSERT INTO "user_subjects" ("user_id", "subject_id", "created_at", "updated_at") VALUES (40, 4, '2025-07-15 23:42:47.459574', '2025-07-15 23:42:47.459574') RETURNING "id" /*action='import_sigaa',application='Camaar',controller='imports'*/[0m
  ↳ app/controllers/admin/imports_controller.rb:56:in 'block (2 levels) in Admin::ImportsController#import_participants'
  [1m[36mTRANSACTION (0.1ms)[0m  [1m[35mRELEASE SAVEPOINT active_record_1 /*action='import_sigaa',application='Camaar',controller='imports'*/[0m
  ↳ app/controllers/admin/imports_controller.rb:56:in 'block (2 levels) in Admin::ImportsController#import_participants'
  [1m[36mUser Load (0.2ms)[0m  [1m[34mSELECT "users".* FROM "users" WHERE "users"."email" = '170021041@aluno.unb.br' LIMIT 1 /*action='import_sigaa',application='Camaar',controller='imports'*/[0m
  ↳ app/controllers/admin/imports_controller.rb:68:in 'Admin::ImportsController#create_student'
  [1m[36mTRANSACTION (0.0ms)[0m  [1m[35mSAVEPOINT active_record_1 /*action='import_sigaa',application='Camaar',controller='imports'*/[0m
  ↳ app/controllers/admin/imports_controller.rb:68:in 'Admin::ImportsController#create_student'
  [1m[36mUser Exists? (1.4ms)[0m  [1m[34mSELECT 1 AS one FROM "users" WHERE "users"."email" = '170021041@aluno.unb.br' LIMIT 1 /*action='import_sigaa',application='Camaar',controller='imports'*/[0m
  ↳ app/controllers/admin/imports_controller.rb:68:in 'Admin::ImportsController#create_student'
  [1m[36mUser Exists? (0.1ms)[0m  [1m[34mSELECT 1 AS one FROM "users" WHERE "users"."username" = '170021041' LIMIT 1 /*action='import_sigaa',application='Camaar',controller='imports'*/[0m
  ↳ app/controllers/admin/imports_controller.rb:68:in 'Admin::ImportsController#create_student'
  [1m[36mUser Create (0.2ms)[0m  [1m[32mINSERT INTO "users" ("name", "email", "hash_password", "role", "academic_background", "student_course", "student_enrolment", "professor_departament", "created_at", "updated_at", "username") VALUES ('Rafael Mascarenhas Dal Moro', '170021041@aluno.unb.br', '$2a$12$1iPrsERqoeeyEQ/MTUYNGuSqDyJkKZz/IFhlnEMK9ZvvZmM/KI9pi', 0, 0, 'ENGENHARIA DE COMPUTAÇÃO/CIC', '170021041', NULL, '2025-07-15 23:42:47.660052', '2025-07-15 23:42:47.660052', '170021041') RETURNING "id" /*action='import_sigaa',application='Camaar',controller='imports'*/[0m
  ↳ app/controllers/admin/imports_controller.rb:68:in 'Admin::ImportsController#create_student'
  [1m[36mTRANSACTION (0.1ms)[0m  [1m[35mRELEASE SAVEPOINT active_record_1 /*action='import_sigaa',application='Camaar',controller='imports'*/[0m
  ↳ app/controllers/admin/imports_controller.rb:68:in 'Admin::ImportsController#create_student'
  [1m[36mUserSubject Load (0.1ms)[0m  [1m[34mSELECT "user_subjects".* FROM "user_subjects" WHERE "user_subjects"."user_id" = 41 AND "user_subjects"."subject_id" = 4 LIMIT 1 /*action='import_sigaa',application='Camaar',controller='imports'*/[0m
  ↳ app/controllers/admin/imports_controller.rb:56:in 'block (2 levels) in Admin::ImportsController#import_participants'
  [1m[36mTRANSACTION (0.0ms)[0m  [1m[35mSAVEPOINT active_record_1 /*action='import_sigaa',application='Camaar',controller='imports'*/[0m
  ↳ app/controllers/admin/imports_controller.rb:56:in 'block (2 levels) in Admin::ImportsController#import_participants'
  [1m[36mUserSubject Create (1.7ms)[0m  [1m[32mINSERT INTO "user_subjects" ("user_id", "subject_id", "created_at", "updated_at") VALUES (41, 4, '2025-07-15 23:42:47.664164', '2025-07-15 23:42:47.664164') RETURNING "id" /*action='import_sigaa',application='Camaar',controller='imports'*/[0m
  ↳ app/controllers/admin/imports_controller.rb:56:in 'block (2 levels) in Admin::ImportsController#import_participants'
  [1m[36mTRANSACTION (0.1ms)[0m  [1m[35mRELEASE SAVEPOINT active_record_1 /*action='import_sigaa',application='Camaar',controller='imports'*/[0m
  ↳ app/controllers/admin/imports_controller.rb:56:in 'block (2 levels) in Admin::ImportsController#import_participants'
  [1m[36mUser Load (0.4ms)[0m  [1m[34mSELECT "users".* FROM "users" WHERE "users"."email" = 'arrelaro1@hotmail.com' LIMIT 1 /*action='import_sigaa',application='Camaar',controller='imports'*/[0m
  ↳ app/controllers/admin/imports_controller.rb:68:in 'Admin::ImportsController#create_student'
  [1m[36mTRANSACTION (0.0ms)[0m  [1m[35mSAVEPOINT active_record_1 /*action='import_sigaa',application='Camaar',controller='imports'*/[0m
  ↳ app/controllers/admin/imports_controller.rb:68:in 'Admin::ImportsController#create_student'
  [1m[36mUser Exists? (1.3ms)[0m  [1m[34mSELECT 1 AS one FROM "users" WHERE "users"."email" = 'arrelaro1@hotmail.com' LIMIT 1 /*action='import_sigaa',application='Camaar',controller='imports'*/[0m
  ↳ app/controllers/admin/imports_controller.rb:68:in 'Admin::ImportsController#create_student'
  [1m[36mUser Exists? (0.2ms)[0m  [1m[34mSELECT 1 AS one FROM "users" WHERE "users"."username" = '190095164' LIMIT 1 /*action='import_sigaa',application='Camaar',controller='imports'*/[0m
  ↳ app/controllers/admin/imports_controller.rb:68:in 'Admin::ImportsController#create_student'
  [1m[36mUser Create (0.3ms)[0m  [1m[32mINSERT INTO "users" ("name", "email", "hash_password", "role", "academic_background", "student_course", "student_enrolment", "professor_departament", "created_at", "updated_at", "username") VALUES ('Rodrigo Mamedio Arrelaro', 'arrelaro1@hotmail.com', '$2a$12$IVZgdGXbQxl38/CBi1NZL.QzpCwtZn1K5C8OfATLmgxGpT1VUWnUC', 0, 0, 'CIÊNCIA DA COMPUTAÇÃO/CIC', '190095164', NULL, '2025-07-15 23:42:47.867192', '2025-07-15 23:42:47.867192', '190095164') RETURNING "id" /*action='import_sigaa',application='Camaar',controller='imports'*/[0m
  ↳ app/controllers/admin/imports_controller.rb:68:in 'Admin::ImportsController#create_student'
  [1m[36mTRANSACTION (0.0ms)[0m  [1m[35mRELEASE SAVEPOINT active_record_1 /*action='import_sigaa',application='Camaar',controller='imports'*/[0m
  ↳ app/controllers/admin/imports_controller.rb:68:in 'Admin::ImportsController#create_student'
  [1m[36mUserSubject Load (0.1ms)[0m  [1m[34mSELECT "user_subjects".* FROM "user_subjects" WHERE "user_subjects"."user_id" = 42 AND "user_subjects"."subject_id" = 4 LIMIT 1 /*action='import_sigaa',application='Camaar',controller='imports'*/[0m
  ↳ app/controllers/admin/imports_controller.rb:56:in 'block (2 levels) in Admin::ImportsController#import_participants'
  [1m[36mTRANSACTION (0.0ms)[0m  [1m[35mSAVEPOINT active_record_1 /*action='import_sigaa',application='Camaar',controller='imports'*/[0m
  ↳ app/controllers/admin/imports_controller.rb:56:in 'block (2 levels) in Admin::ImportsController#import_participants'
  [1m[36mUserSubject Create (1.0ms)[0m  [1m[32mINSERT INTO "user_subjects" ("user_id", "subject_id", "created_at", "updated_at") VALUES (42, 4, '2025-07-15 23:42:47.870257', '2025-07-15 23:42:47.870257') RETURNING "id" /*action='import_sigaa',application='Camaar',controller='imports'*/[0m
  ↳ app/controllers/admin/imports_controller.rb:56:in 'block (2 levels) in Admin::ImportsController#import_participants'
  [1m[36mTRANSACTION (0.0ms)[0m  [1m[35mRELEASE SAVEPOINT active_record_1 /*action='import_sigaa',application='Camaar',controller='imports'*/[0m
  ↳ app/controllers/admin/imports_controller.rb:56:in 'block (2 levels) in Admin::ImportsController#import_participants'
  [1m[36mUser Load (0.1ms)[0m  [1m[34mSELECT "users".* FROM "users" WHERE "users"."email" = 'thiago.work.ti@outlook.com' LIMIT 1 /*action='import_sigaa',application='Camaar',controller='imports'*/[0m
  ↳ app/controllers/admin/imports_controller.rb:68:in 'Admin::ImportsController#create_student'
  [1m[36mTRANSACTION (0.0ms)[0m  [1m[35mSAVEPOINT active_record_1 /*action='import_sigaa',application='Camaar',controller='imports'*/[0m
  ↳ app/controllers/admin/imports_controller.rb:68:in 'Admin::ImportsController#create_student'
  [1m[36mUser Exists? (1.2ms)[0m  [1m[34mSELECT 1 AS one FROM "users" WHERE "users"."email" = 'thiago.work.ti@outlook.com' LIMIT 1 /*action='import_sigaa',application='Camaar',controller='imports'*/[0m
  ↳ app/controllers/admin/imports_controller.rb:68:in 'Admin::ImportsController#create_student'
  [1m[36mUser Exists? (0.2ms)[0m  [1m[34mSELECT 1 AS one FROM "users" WHERE "users"."username" = '140177442' LIMIT 1 /*action='import_sigaa',application='Camaar',controller='imports'*/[0m
  ↳ app/controllers/admin/imports_controller.rb:68:in 'Admin::ImportsController#create_student'
  [1m[36mUser Create (0.1ms)[0m  [1m[32mINSERT INTO "users" ("name", "email", "hash_password", "role", "academic_background", "student_course", "student_enrolment", "professor_departament", "created_at", "updated_at", "username") VALUES ('Thiago de Oliveira Albuquerque', 'thiago.work.ti@outlook.com', '$2a$12$0qxeB5hELWonXZjBrgKIwewxGjT9G6wyP.sWJGR9DLCATS.90Acqq', 0, 0, 'ENGENHARIA DE COMPUTAÇÃO/CIC', '140177442', NULL, '2025-07-15 23:42:48.072009', '2025-07-15 23:42:48.072009', '140177442') RETURNING "id" /*action='import_sigaa',application='Camaar',controller='imports'*/[0m
  ↳ app/controllers/admin/imports_controller.rb:68:in 'Admin::ImportsController#create_student'
  [1m[36mTRANSACTION (0.1ms)[0m  [1m[35mRELEASE SAVEPOINT active_record_1 /*action='import_sigaa',application='Camaar',controller='imports'*/[0m
  ↳ app/controllers/admin/imports_controller.rb:68:in 'Admin::ImportsController#create_student'
  [1m[36mUserSubject Load (0.2ms)[0m  [1m[34mSELECT "user_subjects".* FROM "user_subjects" WHERE "user_subjects"."user_id" = 43 AND "user_subjects"."subject_id" = 4 LIMIT 1 /*action='import_sigaa',application='Camaar',controller='imports'*/[0m
  ↳ app/controllers/admin/imports_controller.rb:56:in 'block (2 levels) in Admin::ImportsController#import_participants'
  [1m[36mTRANSACTION (0.0ms)[0m  [1m[35mSAVEPOINT active_record_1 /*action='import_sigaa',application='Camaar',controller='imports'*/[0m
  ↳ app/controllers/admin/imports_controller.rb:56:in 'block (2 levels) in Admin::ImportsController#import_participants'
  [1m[36mUserSubject Create (1.0ms)[0m  [1m[32mINSERT INTO "user_subjects" ("user_id", "subject_id", "created_at", "updated_at") VALUES (43, 4, '2025-07-15 23:42:48.075448', '2025-07-15 23:42:48.075448') RETURNING "id" /*action='import_sigaa',application='Camaar',controller='imports'*/[0m
  ↳ app/controllers/admin/imports_controller.rb:56:in 'block (2 levels) in Admin::ImportsController#import_participants'
  [1m[36mTRANSACTION (0.0ms)[0m  [1m[35mRELEASE SAVEPOINT active_record_1 /*action='import_sigaa',application='Camaar',controller='imports'*/[0m
  ↳ app/controllers/admin/imports_controller.rb:56:in 'block (2 levels) in Admin::ImportsController#import_participants'
  [1m[36mUser Load (0.1ms)[0m  [1m[34mSELECT "users".* FROM "users" WHERE "users"."email" = 'thiagoeliasdosreis01@gmail.com' LIMIT 1 /*action='import_sigaa',application='Camaar',controller='imports'*/[0m
  ↳ app/controllers/admin/imports_controller.rb:68:in 'Admin::ImportsController#create_student'
  [1m[36mTRANSACTION (0.0ms)[0m  [1m[35mSAVEPOINT active_record_1 /*action='import_sigaa',application='Camaar',controller='imports'*/[0m
  ↳ app/controllers/admin/imports_controller.rb:68:in 'Admin::ImportsController#create_student'
  [1m[36mUser Exists? (1.3ms)[0m  [1m[34mSELECT 1 AS one FROM "users" WHERE "users"."email" = 'thiagoeliasdosreis01@gmail.com' LIMIT 1 /*action='import_sigaa',application='Camaar',controller='imports'*/[0m
  ↳ app/controllers/admin/imports_controller.rb:68:in 'Admin::ImportsController#create_student'
  [1m[36mUser Exists? (0.1ms)[0m  [1m[34mSELECT 1 AS one FROM "users" WHERE "users"."username" = '190126892' LIMIT 1 /*action='import_sigaa',application='Camaar',controller='imports'*/[0m
  ↳ app/controllers/admin/imports_controller.rb:68:in 'Admin::ImportsController#create_student'
  [1m[36mUser Create (0.2ms)[0m  [1m[32mINSERT INTO "users" ("name", "email", "hash_password", "role", "academic_background", "student_course", "student_enrolment", "professor_departament", "created_at", "updated_at", "username") VALUES ('Thiago Elias dos Reis', 'thiagoeliasdosreis01@gmail.com', '$2a$12$7wqaDtiA5NVhdgxaxSoDb.3rQfcQpPM/0Aa5gxPrFs5hg05o8Vw6K', 0, 0, 'CIÊNCIA DA COMPUTAÇÃO/CIC', '190126892', NULL, '2025-07-15 23:42:48.281840', '2025-07-15 23:42:48.281840', '190126892') RETURNING "id" /*action='import_sigaa',application='Camaar',controller='imports'*/[0m
  ↳ app/controllers/admin/imports_controller.rb:68:in 'Admin::ImportsController#create_student'
  [1m[36mTRANSACTION (0.0ms)[0m  [1m[35mRELEASE SAVEPOINT active_record_1 /*action='import_sigaa',application='Camaar',controller='imports'*/[0m
  ↳ app/controllers/admin/imports_controller.rb:68:in 'Admin::ImportsController#create_student'
  [1m[36mUserSubject Load (0.2ms)[0m  [1m[34mSELECT "user_subjects".* FROM "user_subjects" WHERE "user_subjects"."user_id" = 44 AND "user_subjects"."subject_id" = 4 LIMIT 1 /*action='import_sigaa',application='Camaar',controller='imports'*/[0m
  ↳ app/controllers/admin/imports_controller.rb:56:in 'block (2 levels) in Admin::ImportsController#import_participants'
  [1m[36mTRANSACTION (0.0ms)[0m  [1m[35mSAVEPOINT active_record_1 /*action='import_sigaa',application='Camaar',controller='imports'*/[0m
  ↳ app/controllers/admin/imports_controller.rb:56:in 'block (2 levels) in Admin::ImportsController#import_participants'
  [1m[36mUserSubject Create (1.1ms)[0m  [1m[32mINSERT INTO "user_subjects" ("user_id", "subject_id", "created_at", "updated_at") VALUES (44, 4, '2025-07-15 23:42:48.285842', '2025-07-15 23:42:48.285842') RETURNING "id" /*action='import_sigaa',application='Camaar',controller='imports'*/[0m
  ↳ app/controllers/admin/imports_controller.rb:56:in 'block (2 levels) in Admin::ImportsController#import_participants'
  [1m[36mTRANSACTION (0.0ms)[0m  [1m[35mRELEASE SAVEPOINT active_record_1 /*action='import_sigaa',application='Camaar',controller='imports'*/[0m
  ↳ app/controllers/admin/imports_controller.rb:56:in 'block (2 levels) in Admin::ImportsController#import_participants'
  [1m[36mUser Load (0.1ms)[0m  [1m[34mSELECT "users".* FROM "users" WHERE "users"."email" = 'aluno0sem.luz@gmail.com' LIMIT 1 /*action='import_sigaa',application='Camaar',controller='imports'*/[0m
  ↳ app/controllers/admin/imports_controller.rb:68:in 'Admin::ImportsController#create_student'
  [1m[36mTRANSACTION (0.0ms)[0m  [1m[35mSAVEPOINT active_record_1 /*action='import_sigaa',application='Camaar',controller='imports'*/[0m
  ↳ app/controllers/admin/imports_controller.rb:68:in 'Admin::ImportsController#create_student'
  [1m[36mUser Exists? (1.1ms)[0m  [1m[34mSELECT 1 AS one FROM "users" WHERE "users"."email" = 'aluno0sem.luz@gmail.com' LIMIT 1 /*action='import_sigaa',application='Camaar',controller='imports'*/[0m
  ↳ app/controllers/admin/imports_controller.rb:68:in 'Admin::ImportsController#create_student'
  [1m[36mUser Exists? (0.1ms)[0m  [1m[34mSELECT 1 AS one FROM "users" WHERE "users"."username" = '180132041' LIMIT 1 /*action='import_sigaa',application='Camaar',controller='imports'*/[0m
  ↳ app/controllers/admin/imports_controller.rb:68:in 'Admin::ImportsController#create_student'
  [1m[36mUser Create (0.2ms)[0m  [1m[32mINSERT INTO "users" ("name", "email", "hash_password", "role", "academic_background", "student_course", "student_enrolment", "professor_departament", "created_at", "updated_at", "username") VALUES ('Victor Hugo Rodrigues Fernandes', 'aluno0sem.luz@gmail.com', '$2a$12$HYQUfPaC611CZlhctRghG.4fpnseqiAYbBU2hmMaPSHiowjixQANe', 0, 0, 'CIÊNCIA DA COMPUTAÇÃO/CIC', '180132041', NULL, '2025-07-15 23:42:48.491083', '2025-07-15 23:42:48.491083', '180132041') RETURNING "id" /*action='import_sigaa',application='Camaar',controller='imports'*/[0m
  ↳ app/controllers/admin/imports_controller.rb:68:in 'Admin::ImportsController#create_student'
  [1m[36mTRANSACTION (0.1ms)[0m  [1m[35mRELEASE SAVEPOINT active_record_1 /*action='import_sigaa',application='Camaar',controller='imports'*/[0m
  ↳ app/controllers/admin/imports_controller.rb:68:in 'Admin::ImportsController#create_student'
  [1m[36mUserSubject Load (0.1ms)[0m  [1m[34mSELECT "user_subjects".* FROM "user_subjects" WHERE "user_subjects"."user_id" = 45 AND "user_subjects"."subject_id" = 4 LIMIT 1 /*action='import_sigaa',application='Camaar',controller='imports'*/[0m
  ↳ app/controllers/admin/imports_controller.rb:56:in 'block (2 levels) in Admin::ImportsController#import_participants'
  [1m[36mTRANSACTION (0.0ms)[0m  [1m[35mSAVEPOINT active_record_1 /*action='import_sigaa',application='Camaar',controller='imports'*/[0m
  ↳ app/controllers/admin/imports_controller.rb:56:in 'block (2 levels) in Admin::ImportsController#import_participants'
  [1m[36mUserSubject Create (1.3ms)[0m  [1m[32mINSERT INTO "user_subjects" ("user_id", "subject_id", "created_at", "updated_at") VALUES (45, 4, '2025-07-15 23:42:48.494577', '2025-07-15 23:42:48.494577') RETURNING "id" /*action='import_sigaa',application='Camaar',controller='imports'*/[0m
  ↳ app/controllers/admin/imports_controller.rb:56:in 'block (2 levels) in Admin::ImportsController#import_participants'
  [1m[36mTRANSACTION (0.0ms)[0m  [1m[35mRELEASE SAVEPOINT active_record_1 /*action='import_sigaa',application='Camaar',controller='imports'*/[0m
  ↳ app/controllers/admin/imports_controller.rb:56:in 'block (2 levels) in Admin::ImportsController#import_participants'
  [1m[36mUser Load (0.1ms)[0m  [1m[34mSELECT "users".* FROM "users" WHERE "users"."email" = 'viniciuslimapassos@gmail.com' LIMIT 1 /*action='import_sigaa',application='Camaar',controller='imports'*/[0m
  ↳ app/controllers/admin/imports_controller.rb:68:in 'Admin::ImportsController#create_student'
  [1m[36mTRANSACTION (0.0ms)[0m  [1m[35mSAVEPOINT active_record_1 /*action='import_sigaa',application='Camaar',controller='imports'*/[0m
  ↳ app/controllers/admin/imports_controller.rb:68:in 'Admin::ImportsController#create_student'
  [1m[36mUser Exists? (1.4ms)[0m  [1m[34mSELECT 1 AS one FROM "users" WHERE "users"."email" = 'viniciuslimapassos@gmail.com' LIMIT 1 /*action='import_sigaa',application='Camaar',controller='imports'*/[0m
  ↳ app/controllers/admin/imports_controller.rb:68:in 'Admin::ImportsController#create_student'
  [1m[36mUser Exists? (0.3ms)[0m  [1m[34mSELECT 1 AS one FROM "users" WHERE "users"."username" = '200028545' LIMIT 1 /*action='import_sigaa',application='Camaar',controller='imports'*/[0m
  ↳ app/controllers/admin/imports_controller.rb:68:in 'Admin::ImportsController#create_student'
  [1m[36mUser Create (0.2ms)[0m  [1m[32mINSERT INTO "users" ("name", "email", "hash_password", "role", "academic_background", "student_course", "student_enrolment", "professor_departament", "created_at", "updated_at", "username") VALUES ('Vinicius Lima Passos', 'viniciuslimapassos@gmail.com', '$2a$12$/PAiSrEdj9t2sOsecXAM8.1IHrQYO1Dco.3eu3xfvBbV61zNXGuY2', 0, 0, 'CIÊNCIA DA COMPUTAÇÃO/CIC', '200028545', NULL, '2025-07-15 23:42:48.701477', '2025-07-15 23:42:48.701477', '200028545') RETURNING "id" /*action='import_sigaa',application='Camaar',controller='imports'*/[0m
  ↳ app/controllers/admin/imports_controller.rb:68:in 'Admin::ImportsController#create_student'
  [1m[36mTRANSACTION (0.1ms)[0m  [1m[35mRELEASE SAVEPOINT active_record_1 /*action='import_sigaa',application='Camaar',controller='imports'*/[0m
  ↳ app/controllers/admin/imports_controller.rb:68:in 'Admin::ImportsController#create_student'
  [1m[36mUserSubject Load (0.1ms)[0m  [1m[34mSELECT "user_subjects".* FROM "user_subjects" WHERE "user_subjects"."user_id" = 46 AND "user_subjects"."subject_id" = 4 LIMIT 1 /*action='import_sigaa',application='Camaar',controller='imports'*/[0m
  ↳ app/controllers/admin/imports_controller.rb:56:in 'block (2 levels) in Admin::ImportsController#import_participants'
  [1m[36mTRANSACTION (0.0ms)[0m  [1m[35mSAVEPOINT active_record_1 /*action='import_sigaa',application='Camaar',controller='imports'*/[0m
  ↳ app/controllers/admin/imports_controller.rb:56:in 'block (2 levels) in Admin::ImportsController#import_participants'
  [1m[36mUserSubject Create (1.2ms)[0m  [1m[32mINSERT INTO "user_subjects" ("user_id", "subject_id", "created_at", "updated_at") VALUES (46, 4, '2025-07-15 23:42:48.705623', '2025-07-15 23:42:48.705623') RETURNING "id" /*action='import_sigaa',application='Camaar',controller='imports'*/[0m
  ↳ app/controllers/admin/imports_controller.rb:56:in 'block (2 levels) in Admin::ImportsController#import_participants'
  [1m[36mTRANSACTION (0.1ms)[0m  [1m[35mRELEASE SAVEPOINT active_record_1 /*action='import_sigaa',application='Camaar',controller='imports'*/[0m
  ↳ app/controllers/admin/imports_controller.rb:56:in 'block (2 levels) in Admin::ImportsController#import_participants'
  [1m[36mUser Load (0.1ms)[0m  [1m[34mSELECT "users".* FROM "users" WHERE "users"."email" = 'wilxavier@me.com' LIMIT 1 /*action='import_sigaa',application='Camaar',controller='imports'*/[0m
  ↳ app/controllers/admin/imports_controller.rb:68:in 'Admin::ImportsController#create_student'
  [1m[36mTRANSACTION (0.0ms)[0m  [1m[35mSAVEPOINT active_record_1 /*action='import_sigaa',application='Camaar',controller='imports'*/[0m
  ↳ app/controllers/admin/imports_controller.rb:68:in 'Admin::ImportsController#create_student'
  [1m[36mUser Exists? (1.3ms)[0m  [1m[34mSELECT 1 AS one FROM "users" WHERE "users"."email" = 'wilxavier@me.com' LIMIT 1 /*action='import_sigaa',application='Camaar',controller='imports'*/[0m
  ↳ app/controllers/admin/imports_controller.rb:68:in 'Admin::ImportsController#create_student'
  [1m[36mUser Exists? (0.1ms)[0m  [1m[34mSELECT 1 AS one FROM "users" WHERE "users"."username" = '190075384' LIMIT 1 /*action='import_sigaa',application='Camaar',controller='imports'*/[0m
  ↳ app/controllers/admin/imports_controller.rb:68:in 'Admin::ImportsController#create_student'
  [1m[36mUser Create (0.2ms)[0m  [1m[32mINSERT INTO "users" ("name", "email", "hash_password", "role", "academic_background", "student_course", "student_enrolment", "professor_departament", "created_at", "updated_at", "username") VALUES ('William Xavier dos Santos', 'wilxavier@me.com', '$2a$12$erf2.Zlh/Dh5Y1wYq3nHou4EXW1NtE5kw1NhpLrFm4rnnKJgLbDbm', 0, 0, 'CIÊNCIA DA COMPUTAÇÃO/CIC', '190075384', NULL, '2025-07-15 23:42:48.910300', '2025-07-15 23:42:48.910300', '190075384') RETURNING "id" /*action='import_sigaa',application='Camaar',controller='imports'*/[0m
  ↳ app/controllers/admin/imports_controller.rb:68:in 'Admin::ImportsController#create_student'
  [1m[36mTRANSACTION (0.0ms)[0m  [1m[35mRELEASE SAVEPOINT active_record_1 /*action='import_sigaa',application='Camaar',controller='imports'*/[0m
  ↳ app/controllers/admin/imports_controller.rb:68:in 'Admin::ImportsController#create_student'
  [1m[36mUserSubject Load (0.1ms)[0m  [1m[34mSELECT "user_subjects".* FROM "user_subjects" WHERE "user_subjects"."user_id" = 47 AND "user_subjects"."subject_id" = 4 LIMIT 1 /*action='import_sigaa',application='Camaar',controller='imports'*/[0m
  ↳ app/controllers/admin/imports_controller.rb:56:in 'block (2 levels) in Admin::ImportsController#import_participants'
  [1m[36mTRANSACTION (0.0ms)[0m  [1m[35mSAVEPOINT active_record_1 /*action='import_sigaa',application='Camaar',controller='imports'*/[0m
  ↳ app/controllers/admin/imports_controller.rb:56:in 'block (2 levels) in Admin::ImportsController#import_participants'
  [1m[36mUserSubject Create (1.4ms)[0m  [1m[32mINSERT INTO "user_subjects" ("user_id", "subject_id", "created_at", "updated_at") VALUES (47, 4, '2025-07-15 23:42:48.914470', '2025-07-15 23:42:48.914470') RETURNING "id" /*action='import_sigaa',application='Camaar',controller='imports'*/[0m
  ↳ app/controllers/admin/imports_controller.rb:56:in 'block (2 levels) in Admin::ImportsController#import_participants'
  [1m[36mTRANSACTION (0.1ms)[0m  [1m[35mRELEASE SAVEPOINT active_record_1 /*action='import_sigaa',application='Camaar',controller='imports'*/[0m
  ↳ app/controllers/admin/imports_controller.rb:56:in 'block (2 levels) in Admin::ImportsController#import_participants'
  [1m[36mUser Load (0.1ms)[0m  [1m[34mSELECT "users".* FROM "users" WHERE "users"."email" = 'mholanda@unb.br' LIMIT 1 /*action='import_sigaa',application='Camaar',controller='imports'*/[0m
  ↳ app/controllers/admin/imports_controller.rb:81:in 'Admin::ImportsController#create_professor'
  [1m[36mTRANSACTION (0.0ms)[0m  [1m[35mSAVEPOINT active_record_1 /*action='import_sigaa',application='Camaar',controller='imports'*/[0m
  ↳ app/controllers/admin/imports_controller.rb:81:in 'Admin::ImportsController#create_professor'
  [1m[36mUser Exists? (1.3ms)[0m  [1m[34mSELECT 1 AS one FROM "users" WHERE "users"."email" = 'mholanda@unb.br' LIMIT 1 /*action='import_sigaa',application='Camaar',controller='imports'*/[0m
  ↳ app/controllers/admin/imports_controller.rb:81:in 'Admin::ImportsController#create_professor'
  [1m[36mUser Exists? (0.1ms)[0m  [1m[34mSELECT 1 AS one FROM "users" WHERE "users"."username" = '83807519491' LIMIT 1 /*action='import_sigaa',application='Camaar',controller='imports'*/[0m
  ↳ app/controllers/admin/imports_controller.rb:81:in 'Admin::ImportsController#create_professor'
  [1m[36mUser Create (0.2ms)[0m  [1m[32mINSERT INTO "users" ("name", "email", "hash_password", "role", "academic_background", "student_course", "student_enrolment", "professor_departament", "created_at", "updated_at", "username") VALUES ('MARISTELA TERTO DE HOLANDA', 'mholanda@unb.br', '$2a$12$O5oFB6cnqM0ZLTNvxmxHb.27Yrf65Xd2lNZq9BUxyKnDtmohbW5bK', 1, 0, NULL, NULL, 'DEPTO CIÊNCIAS DA COMPUTAÇÃO', '2025-07-15 23:42:49.121215', '2025-07-15 23:42:49.121215', '83807519491') RETURNING "id" /*action='import_sigaa',application='Camaar',controller='imports'*/[0m
  ↳ app/controllers/admin/imports_controller.rb:81:in 'Admin::ImportsController#create_professor'
  [1m[36mTRANSACTION (0.0ms)[0m  [1m[35mRELEASE SAVEPOINT active_record_1 /*action='import_sigaa',application='Camaar',controller='imports'*/[0m
  ↳ app/controllers/admin/imports_controller.rb:81:in 'Admin::ImportsController#create_professor'
  [1m[36mUserSubject Load (0.1ms)[0m  [1m[34mSELECT "user_subjects".* FROM "user_subjects" WHERE "user_subjects"."user_id" = 48 AND "user_subjects"."subject_id" = 4 LIMIT 1 /*action='import_sigaa',application='Camaar',controller='imports'*/[0m
  ↳ app/controllers/admin/imports_controller.rb:62:in 'block in Admin::ImportsController#import_participants'
  [1m[36mTRANSACTION (0.1ms)[0m  [1m[35mSAVEPOINT active_record_1 /*action='import_sigaa',application='Camaar',controller='imports'*/[0m
  ↳ app/controllers/admin/imports_controller.rb:62:in 'block in Admin::ImportsController#import_participants'
  [1m[36mUserSubject Create (1.6ms)[0m  [1m[32mINSERT INTO "user_subjects" ("user_id", "subject_id", "created_at", "updated_at") VALUES (48, 4, '2025-07-15 23:42:49.125004', '2025-07-15 23:42:49.125004') RETURNING "id" /*action='import_sigaa',application='Camaar',controller='imports'*/[0m
  ↳ app/controllers/admin/imports_controller.rb:62:in 'block in Admin::ImportsController#import_participants'
  [1m[36mTRANSACTION (0.1ms)[0m  [1m[35mRELEASE SAVEPOINT active_record_1 /*action='import_sigaa',application='Camaar',controller='imports'*/[0m
  ↳ app/controllers/admin/imports_controller.rb:62:in 'block in Admin::ImportsController#import_participants'
  [1m[36mTRANSACTION (6.1ms)[0m  [1m[35mCOMMIT TRANSACTION /*action='import_sigaa',application='Camaar',controller='imports'*/[0m
  ↳ app/controllers/admin/imports_controller.rb:12:in 'Admin::ImportsController#import_sigaa'
Redirected to http://localhost:3000/admin/dashboard
Completed 302 Found in 9787ms (ActiveRecord: 200.6ms (289 queries, 0 cached) | GC: 40.7ms)


Started GET "/admin/dashboard" for 127.0.0.1 at 2025-07-15 20:42:49 -0300
Processing by Admin::DashboardController#index as TURBO_STREAM
  Rendering text template
  Rendered text template (Duration: 0.4ms | GC: 0.0ms)
Completed 200 OK in 14ms (Views: 1.9ms | ActiveRecord: 0.0ms (0 queries, 0 cached) | GC: 0.0ms)


  [1m[36mUser Count (3.0ms)[0m  [1m[34mSELECT COUNT(*) FROM "users" /*application='Camaar'*/[0m
  [1m[36mCourse Count (1.2ms)[0m  [1m[34mSELECT COUNT(*) FROM "courses" /*application='Camaar'*/[0m
  [1m[36mSubject Count (1.5ms)[0m  [1m[34mSELECT COUNT(*) FROM "subjects" /*application='Camaar'*/[0m
  [1m[36mUserSubject Count (0.1ms)[0m  [1m[34mSELECT COUNT(*) FROM "user_subjects" /*application='Camaar'*/[0m
  [1m[36mCourse Load (0.1ms)[0m  [1m[34mSELECT "courses".* FROM "courses" /*application='Camaar'*/[0m
  [1m[36mSubject Load (0.2ms)[0m  [1m[34mSELECT "subjects".* FROM "subjects" /*application='Camaar'*/[0m
  [1m[36mCourse Load (0.7ms)[0m  [1m[34mSELECT "courses".* FROM "courses" WHERE "courses"."id" = 1 LIMIT 1 /*application='Camaar'*/[0m
  [1m[36mCourse Load (0.1ms)[0m  [1m[34mSELECT "courses".* FROM "courses" WHERE "courses"."id" = 1 LIMIT 1 /*application='Camaar'*/[0m
  [1m[36mCourse Load (0.1ms)[0m  [1m[34mSELECT "courses".* FROM "courses" WHERE "courses"."id" = 1 LIMIT 1 /*application='Camaar'*/[0m
  [1m[36mCourse Load (0.1ms)[0m  [1m[34mSELECT "courses".* FROM "courses" WHERE "courses"."id" = 2 LIMIT 1 /*application='Camaar'*/[0m
  [1m[36mCourse Load (0.2ms)[0m  [1m[34mSELECT "courses".* FROM "courses" WHERE "courses"."id" = 3 LIMIT 1 /*application='Camaar'*/[0m
  [1m[36mCourse Load (0.1ms)[0m  [1m[34mSELECT "courses".* FROM "courses" WHERE "courses"."id" = 4 LIMIT 1 /*application='Camaar'*/[0m
  [1m[36mSubject Count (1.4ms)[0m  [1m[34mSELECT COUNT(*) AS "count_all", "subjects"."class_name" AS "subjects_class_name", "subjects"."semester" AS "subjects_semester" FROM "subjects" GROUP BY "subjects"."class_name", "subjects"."semester" HAVING (COUNT(*) > 1) /*application='Camaar'*/[0m
  [1m[36mUserSubject Delete All (0.9ms)[0m  [1m[31mDELETE FROM "user_subjects" /*application='Camaar'*/[0m
  [1m[36mSubject Delete All (1.4ms)[0m  [1m[31mDELETE FROM "subjects" /*application='Camaar'*/[0m
  [1m[36mCourse Delete All (0.8ms)[0m  [1m[31mDELETE FROM "courses" /*application='Camaar'*/[0m
  [1m[36mUser Count (0.4ms)[0m  [1m[34mSELECT COUNT(*) FROM "users" /*application='Camaar'*/[0m
  [1m[36mCourse Count (1.7ms)[0m  [1m[34mSELECT COUNT(*) FROM "courses" /*application='Camaar'*/[0m
  [1m[36mSubject Count (0.1ms)[0m  [1m[34mSELECT COUNT(*) FROM "subjects" /*application='Camaar'*/[0m
  [1m[36mUserSubject Count (1.0ms)[0m  [1m[34mSELECT COUNT(*) FROM "user_subjects" /*application='Camaar'*/[0m
  [1m[36mUserSubject Load (0.3ms)[0m  [1m[34mSELECT "user_subjects".* FROM "user_subjects" /*application='Camaar'*/[0m
  [1m[36mSubject Load (0.2ms)[0m  [1m[34mSELECT "subjects".* FROM "subjects" /*application='Camaar'*/[0m
  [1m[36mTRANSACTION (0.2ms)[0m  [1m[35mBEGIN immediate TRANSACTION /*application='Camaar'*/[0m
  [1m[36mUserSubject Load (0.1ms)[0m  [1m[34mSELECT "user_subjects".* FROM "user_subjects" WHERE "user_subjects"."subject_id" = 1 /*application='Camaar'*/[0m
  [1m[36mSubject Destroy (0.4ms)[0m  [1m[31mDELETE FROM "subjects" WHERE "subjects"."id" = 1 /*application='Camaar'*/[0m
  [1m[36mTRANSACTION (0.1ms)[0m  [1m[31mROLLBACK TRANSACTION /*application='Camaar'*/[0m
  [1m[36mCourse Load (0.2ms)[0m  [1m[34mSELECT "courses".* FROM "courses" /*application='Camaar'*/[0m
  [1m[36mTRANSACTION (0.1ms)[0m  [1m[35mBEGIN immediate TRANSACTION /*application='Camaar'*/[0m
  [1m[36mCourse Destroy (0.8ms)[0m  [1m[31mDELETE FROM "courses" WHERE "courses"."id" = 1 /*application='Camaar'*/[0m
  [1m[36mTRANSACTION (0.1ms)[0m  [1m[31mROLLBACK TRANSACTION /*application='Camaar'*/[0m
  [1m[36mUser Count (0.1ms)[0m  [1m[34mSELECT COUNT(*) FROM "users" /*application='Camaar'*/[0m
  [1m[36mCourse Count (0.1ms)[0m  [1m[34mSELECT COUNT(*) FROM "courses" /*application='Camaar'*/[0m
  [1m[35m (0.1ms)[0m  [1m[35mPRAGMA foreign_keys = OFF /*application='Camaar'*/[0m
  [1m[36mSubject Delete All (0.3ms)[0m  [1m[31mDELETE FROM "subjects" /*application='Camaar'*/[0m
  [1m[36mCourse Delete All (0.1ms)[0m  [1m[31mDELETE FROM "courses" /*application='Camaar'*/[0m
  [1m[36mUser Delete All (0.2ms)[0m  [1m[31mDELETE FROM "users" /*application='Camaar'*/[0m
  [1m[36mUser Count (0.2ms)[0m  [1m[34mSELECT COUNT(*) FROM "users" /*application='Camaar'*/[0m
  [1m[36mCourse Count (0.1ms)[0m  [1m[34mSELECT COUNT(*) FROM "courses" /*application='Camaar'*/[0m
  [1m[36mSubject Count (0.1ms)[0m  [1m[34mSELECT COUNT(*) FROM "subjects" /*application='Camaar'*/[0m
  [1m[35m (0.1ms)[0m  [1m[35mPRAGMA foreign_keys = ON /*application='Camaar'*/[0m
Started POST "/admin/import/sigaa" for 127.0.0.1 at 2025-07-15 21:31:47 -0300
Processing by Admin::ImportsController#import_sigaa as TURBO_STREAM
  Parameters: {"authenticity_token" => "[FILTERED]", "commit" => "Importar Agora"}
  [1m[36mTRANSACTION (1.2ms)[0m  [1m[35mBEGIN immediate TRANSACTION /*action='import_sigaa',application='Camaar',controller='imports'*/[0m
  ↳ app/controllers/admin/imports_controller.rb:27:in 'block in Admin::ImportsController#import_courses'
  [1m[36mCourse Load (37.6ms)[0m  [1m[34mSELECT "courses".* FROM "courses" WHERE "courses"."code" = 'CIC0097' LIMIT 1 /*action='import_sigaa',application='Camaar',controller='imports'*/[0m
  ↳ app/controllers/admin/imports_controller.rb:27:in 'block in Admin::ImportsController#import_courses'
  [1m[36mTRANSACTION (0.0ms)[0m  [1m[35mSAVEPOINT active_record_1 /*action='import_sigaa',application='Camaar',controller='imports'*/[0m
  ↳ app/controllers/admin/imports_controller.rb:27:in 'block in Admin::ImportsController#import_courses'
  [1m[36mCourse Exists? (4.9ms)[0m  [1m[34mSELECT 1 AS one FROM "courses" WHERE "courses"."code" = 'CIC0097' LIMIT 1 /*action='import_sigaa',application='Camaar',controller='imports'*/[0m
  ↳ app/controllers/admin/imports_controller.rb:27:in 'block in Admin::ImportsController#import_courses'
  [1m[36mCourse Exists? (0.1ms)[0m  [1m[34mSELECT 1 AS one FROM "courses" WHERE "courses"."name" = 'BANCOS DE DADOS' LIMIT 1 /*action='import_sigaa',application='Camaar',controller='imports'*/[0m
  ↳ app/controllers/admin/imports_controller.rb:27:in 'block in Admin::ImportsController#import_courses'
  [1m[36mCourse Create (0.3ms)[0m  [1m[32mINSERT INTO "courses" ("code", "name", "created_at", "updated_at") VALUES ('CIC0097', 'BANCOS DE DADOS', '2025-07-16 00:31:48.300530', '2025-07-16 00:31:48.300530') RETURNING "id" /*action='import_sigaa',application='Camaar',controller='imports'*/[0m
  ↳ app/controllers/admin/imports_controller.rb:27:in 'block in Admin::ImportsController#import_courses'
  [1m[36mTRANSACTION (0.0ms)[0m  [1m[35mRELEASE SAVEPOINT active_record_1 /*action='import_sigaa',application='Camaar',controller='imports'*/[0m
  ↳ app/controllers/admin/imports_controller.rb:27:in 'block in Admin::ImportsController#import_courses'
  [1m[36mSubject Load (0.7ms)[0m  [1m[34mSELECT "subjects".* FROM "subjects" WHERE "subjects"."course_id" = 5 AND "subjects"."class_name" = 'TA' AND "subjects"."semester" = '2021.2' LIMIT 1 /*action='import_sigaa',application='Camaar',controller='imports'*/[0m
  ↳ app/controllers/admin/imports_controller.rb:33:in 'block in Admin::ImportsController#import_courses'
  [1m[36mTRANSACTION (0.0ms)[0m  [1m[35mSAVEPOINT active_record_1 /*action='import_sigaa',application='Camaar',controller='imports'*/[0m
  ↳ app/controllers/admin/imports_controller.rb:33:in 'block in Admin::ImportsController#import_courses'
  [1m[36mSubject Create (92.0ms)[0m  [1m[32mINSERT INTO "subjects" ("class_name", "schedule", "semester", "course_id", "created_at", "updated_at") VALUES ('TA', '35T45', '2021.2', 5, '2025-07-16 00:31:48.681838', '2025-07-16 00:31:48.681838') RETURNING "id" /*action='import_sigaa',application='Camaar',controller='imports'*/[0m
  ↳ app/controllers/admin/imports_controller.rb:33:in 'block in Admin::ImportsController#import_courses'
  [1m[36mTRANSACTION (0.0ms)[0m  [1m[35mRELEASE SAVEPOINT active_record_1 /*action='import_sigaa',application='Camaar',controller='imports'*/[0m
  ↳ app/controllers/admin/imports_controller.rb:33:in 'block in Admin::ImportsController#import_courses'
  [1m[36mCourse Load (0.1ms)[0m  [1m[34mSELECT "courses".* FROM "courses" WHERE "courses"."code" = 'CIC0105' LIMIT 1 /*action='import_sigaa',application='Camaar',controller='imports'*/[0m
  ↳ app/controllers/admin/imports_controller.rb:27:in 'block in Admin::ImportsController#import_courses'
  [1m[36mTRANSACTION (0.1ms)[0m  [1m[35mSAVEPOINT active_record_1 /*action='import_sigaa',application='Camaar',controller='imports'*/[0m
  ↳ app/controllers/admin/imports_controller.rb:27:in 'block in Admin::ImportsController#import_courses'
  [1m[36mCourse Exists? (53.8ms)[0m  [1m[34mSELECT 1 AS one FROM "courses" WHERE "courses"."code" = 'CIC0105' LIMIT 1 /*action='import_sigaa',application='Camaar',controller='imports'*/[0m
  ↳ app/controllers/admin/imports_controller.rb:27:in 'block in Admin::ImportsController#import_courses'
  [1m[36mCourse Exists? (0.1ms)[0m  [1m[34mSELECT 1 AS one FROM "courses" WHERE "courses"."name" = 'ENGENHARIA DE SOFTWARE' LIMIT 1 /*action='import_sigaa',application='Camaar',controller='imports'*/[0m
  ↳ app/controllers/admin/imports_controller.rb:27:in 'block in Admin::ImportsController#import_courses'
  [1m[36mCourse Create (0.2ms)[0m  [1m[32mINSERT INTO "courses" ("code", "name", "created_at", "updated_at") VALUES ('CIC0105', 'ENGENHARIA DE SOFTWARE', '2025-07-16 00:31:48.910300', '2025-07-16 00:31:48.910300') RETURNING "id" /*action='import_sigaa',application='Camaar',controller='imports'*/[0m
  ↳ app/controllers/admin/imports_controller.rb:27:in 'block in Admin::ImportsController#import_courses'
  [1m[36mTRANSACTION (0.1ms)[0m  [1m[35mRELEASE SAVEPOINT active_record_1 /*action='import_sigaa',application='Camaar',controller='imports'*/[0m
  ↳ app/controllers/admin/imports_controller.rb:27:in 'block in Admin::ImportsController#import_courses'
  [1m[36mSubject Load (0.1ms)[0m  [1m[34mSELECT "subjects".* FROM "subjects" WHERE "subjects"."course_id" = 6 AND "subjects"."class_name" = 'TA' AND "subjects"."semester" = '2021.2' LIMIT 1 /*action='import_sigaa',application='Camaar',controller='imports'*/[0m
  ↳ app/controllers/admin/imports_controller.rb:33:in 'block in Admin::ImportsController#import_courses'
  [1m[36mTRANSACTION (0.0ms)[0m  [1m[35mSAVEPOINT active_record_1 /*action='import_sigaa',application='Camaar',controller='imports'*/[0m
  ↳ app/controllers/admin/imports_controller.rb:33:in 'block in Admin::ImportsController#import_courses'
  [1m[36mSubject Create (13.4ms)[0m  [1m[32mINSERT INTO "subjects" ("class_name", "schedule", "semester", "course_id", "created_at", "updated_at") VALUES ('TA', '35M12', '2021.2', 6, '2025-07-16 00:31:48.928873', '2025-07-16 00:31:48.928873') RETURNING "id" /*action='import_sigaa',application='Camaar',controller='imports'*/[0m
  ↳ app/controllers/admin/imports_controller.rb:33:in 'block in Admin::ImportsController#import_courses'
  [1m[36mTRANSACTION (0.1ms)[0m  [1m[35mRELEASE SAVEPOINT active_record_1 /*action='import_sigaa',application='Camaar',controller='imports'*/[0m
  ↳ app/controllers/admin/imports_controller.rb:33:in 'block in Admin::ImportsController#import_courses'
  [1m[36mCourse Load (0.1ms)[0m  [1m[34mSELECT "courses".* FROM "courses" WHERE "courses"."code" = 'CIC0202' LIMIT 1 /*action='import_sigaa',application='Camaar',controller='imports'*/[0m
  ↳ app/controllers/admin/imports_controller.rb:27:in 'block in Admin::ImportsController#import_courses'
  [1m[36mTRANSACTION (0.1ms)[0m  [1m[35mSAVEPOINT active_record_1 /*action='import_sigaa',application='Camaar',controller='imports'*/[0m
  ↳ app/controllers/admin/imports_controller.rb:27:in 'block in Admin::ImportsController#import_courses'
  [1m[36mCourse Exists? (9.2ms)[0m  [1m[34mSELECT 1 AS one FROM "courses" WHERE "courses"."code" = 'CIC0202' LIMIT 1 /*action='import_sigaa',application='Camaar',controller='imports'*/[0m
  ↳ app/controllers/admin/imports_controller.rb:27:in 'block in Admin::ImportsController#import_courses'
  [1m[36mCourse Exists? (0.1ms)[0m  [1m[34mSELECT 1 AS one FROM "courses" WHERE "courses"."name" = 'PROGRAMAÇÃO CONCORRENTE' LIMIT 1 /*action='import_sigaa',application='Camaar',controller='imports'*/[0m
  ↳ app/controllers/admin/imports_controller.rb:27:in 'block in Admin::ImportsController#import_courses'
  [1m[36mCourse Create (0.7ms)[0m  [1m[32mINSERT INTO "courses" ("code", "name", "created_at", "updated_at") VALUES ('CIC0202', 'PROGRAMAÇÃO CONCORRENTE', '2025-07-16 00:31:49.044168', '2025-07-16 00:31:49.044168') RETURNING "id" /*action='import_sigaa',application='Camaar',controller='imports'*/[0m
  ↳ app/controllers/admin/imports_controller.rb:27:in 'block in Admin::ImportsController#import_courses'
  [1m[36mTRANSACTION (0.0ms)[0m  [1m[35mRELEASE SAVEPOINT active_record_1 /*action='import_sigaa',application='Camaar',controller='imports'*/[0m
  ↳ app/controllers/admin/imports_controller.rb:27:in 'block in Admin::ImportsController#import_courses'
  [1m[36mSubject Load (0.1ms)[0m  [1m[34mSELECT "subjects".* FROM "subjects" WHERE "subjects"."course_id" = 7 AND "subjects"."class_name" = 'TA' AND "subjects"."semester" = '2021.2' LIMIT 1 /*action='import_sigaa',application='Camaar',controller='imports'*/[0m
  ↳ app/controllers/admin/imports_controller.rb:33:in 'block in Admin::ImportsController#import_courses'
  [1m[36mTRANSACTION (0.0ms)[0m  [1m[35mSAVEPOINT active_record_1 /*action='import_sigaa',application='Camaar',controller='imports'*/[0m
  ↳ app/controllers/admin/imports_controller.rb:33:in 'block in Admin::ImportsController#import_courses'
  [1m[36mSubject Create (18.2ms)[0m  [1m[32mINSERT INTO "subjects" ("class_name", "schedule", "semester", "course_id", "created_at", "updated_at") VALUES ('TA', '35M34', '2021.2', 7, '2025-07-16 00:31:49.094436', '2025-07-16 00:31:49.094436') RETURNING "id" /*action='import_sigaa',application='Camaar',controller='imports'*/[0m
  ↳ app/controllers/admin/imports_controller.rb:33:in 'block in Admin::ImportsController#import_courses'
  [1m[36mTRANSACTION (0.0ms)[0m  [1m[35mRELEASE SAVEPOINT active_record_1 /*action='import_sigaa',application='Camaar',controller='imports'*/[0m
  ↳ app/controllers/admin/imports_controller.rb:33:in 'block in Admin::ImportsController#import_courses'
  [1m[36mSubject Load (0.2ms)[0m  [1m[34mSELECT "subjects".* FROM "subjects" INNER JOIN "courses" ON "courses"."id" = "subjects"."course_id" WHERE "courses"."code" = 'CIC0097' AND "subjects"."class_name" = 'TA' AND "subjects"."semester" = '2021.2' LIMIT 1 /*action='import_sigaa',application='Camaar',controller='imports'*/[0m
  ↳ app/controllers/admin/imports_controller.rb:47:in 'block in Admin::ImportsController#import_participants'
  [1m[36mUser Load (2.5ms)[0m  [1m[34mSELECT "users".* FROM "users" WHERE "users"."email" = 'acjpjvjp@gmail.com' LIMIT 1 /*action='import_sigaa',application='Camaar',controller='imports'*/[0m
  ↳ app/controllers/admin/imports_controller.rb:68:in 'Admin::ImportsController#create_student'
  [1m[36mTRANSACTION (0.0ms)[0m  [1m[35mSAVEPOINT active_record_1 /*action='import_sigaa',application='Camaar',controller='imports'*/[0m
  ↳ app/controllers/admin/imports_controller.rb:68:in 'Admin::ImportsController#create_student'
  [1m[36mUser Exists? (19.6ms)[0m  [1m[34mSELECT 1 AS one FROM "users" WHERE "users"."email" = 'acjpjvjp@gmail.com' LIMIT 1 /*action='import_sigaa',application='Camaar',controller='imports'*/[0m
  ↳ app/controllers/admin/imports_controller.rb:68:in 'Admin::ImportsController#create_student'
  [1m[36mUser Exists? (0.2ms)[0m  [1m[34mSELECT 1 AS one FROM "users" WHERE "users"."username" = '190084006' LIMIT 1 /*action='import_sigaa',application='Camaar',controller='imports'*/[0m
  ↳ app/controllers/admin/imports_controller.rb:68:in 'Admin::ImportsController#create_student'
  [1m[36mUser Create (0.3ms)[0m  [1m[32mINSERT INTO "users" ("name", "email", "hash_password", "role", "academic_background", "student_course", "student_enrolment", "professor_departament", "created_at", "updated_at", "username") VALUES ('Ana Clara Jordao Perna', 'acjpjvjp@gmail.com', '$2a$12$GVHfTcTF1Afdec14Yu7yXu2MxnMy8FSKRBD6eOH4bSvmFodwoSJI2', 0, 0, 'CIÊNCIA DA COMPUTAÇÃO/CIC', '190084006', NULL, '2025-07-16 00:31:49.404899', '2025-07-16 00:31:49.404899', '190084006') RETURNING "id" /*action='import_sigaa',application='Camaar',controller='imports'*/[0m
  ↳ app/controllers/admin/imports_controller.rb:68:in 'Admin::ImportsController#create_student'
  [1m[36mTRANSACTION (0.1ms)[0m  [1m[35mRELEASE SAVEPOINT active_record_1 /*action='import_sigaa',application='Camaar',controller='imports'*/[0m
  ↳ app/controllers/admin/imports_controller.rb:68:in 'Admin::ImportsController#create_student'
  [1m[36mUserSubject Load (0.5ms)[0m  [1m[34mSELECT "user_subjects".* FROM "user_subjects" WHERE "user_subjects"."user_id" = 49 AND "user_subjects"."subject_id" = 7 LIMIT 1 /*action='import_sigaa',application='Camaar',controller='imports'*/[0m
  ↳ app/controllers/admin/imports_controller.rb:56:in 'block (2 levels) in Admin::ImportsController#import_participants'
  [1m[36mTRANSACTION (0.0ms)[0m  [1m[35mSAVEPOINT active_record_1 /*action='import_sigaa',application='Camaar',controller='imports'*/[0m
  ↳ app/controllers/admin/imports_controller.rb:56:in 'block (2 levels) in Admin::ImportsController#import_participants'
  [1m[36mUserSubject Create (1.2ms)[0m  [1m[32mINSERT INTO "user_subjects" ("user_id", "subject_id", "created_at", "updated_at") VALUES (49, 7, '2025-07-16 00:31:49.410213', '2025-07-16 00:31:49.410213') RETURNING "id" /*action='import_sigaa',application='Camaar',controller='imports'*/[0m
  ↳ app/controllers/admin/imports_controller.rb:56:in 'block (2 levels) in Admin::ImportsController#import_participants'
  [1m[36mTRANSACTION (0.0ms)[0m  [1m[35mRELEASE SAVEPOINT active_record_1 /*action='import_sigaa',application='Camaar',controller='imports'*/[0m
  ↳ app/controllers/admin/imports_controller.rb:56:in 'block (2 levels) in Admin::ImportsController#import_participants'
  [1m[36mUser Load (0.1ms)[0m  [1m[34mSELECT "users".* FROM "users" WHERE "users"."email" = 'andreCarvalhoroure@gmail.com' LIMIT 1 /*action='import_sigaa',application='Camaar',controller='imports'*/[0m
  ↳ app/controllers/admin/imports_controller.rb:68:in 'Admin::ImportsController#create_student'
  [1m[36mTRANSACTION (0.0ms)[0m  [1m[35mSAVEPOINT active_record_1 /*action='import_sigaa',application='Camaar',controller='imports'*/[0m
  ↳ app/controllers/admin/imports_controller.rb:68:in 'Admin::ImportsController#create_student'
  [1m[36mUser Exists? (1.2ms)[0m  [1m[34mSELECT 1 AS one FROM "users" WHERE "users"."email" = 'andreCarvalhoroure@gmail.com' LIMIT 1 /*action='import_sigaa',application='Camaar',controller='imports'*/[0m
  ↳ app/controllers/admin/imports_controller.rb:68:in 'Admin::ImportsController#create_student'
  [1m[36mUser Exists? (0.1ms)[0m  [1m[34mSELECT 1 AS one FROM "users" WHERE "users"."username" = '200033522' LIMIT 1 /*action='import_sigaa',application='Camaar',controller='imports'*/[0m
  ↳ app/controllers/admin/imports_controller.rb:68:in 'Admin::ImportsController#create_student'
  [1m[36mUser Create (0.3ms)[0m  [1m[32mINSERT INTO "users" ("name", "email", "hash_password", "role", "academic_background", "student_course", "student_enrolment", "professor_departament", "created_at", "updated_at", "username") VALUES ('Andre Carvalho de Roure', 'andreCarvalhoroure@gmail.com', '$2a$12$IOYBRxt4I/VFJTQLzandnutBkGrqu4l4f3pcAgpqc5eM7grWcqw7y', 0, 0, 'CIÊNCIA DA COMPUTAÇÃO/CIC', '200033522', NULL, '2025-07-16 00:31:49.626709', '2025-07-16 00:31:49.626709', '200033522') RETURNING "id" /*action='import_sigaa',application='Camaar',controller='imports'*/[0m
  ↳ app/controllers/admin/imports_controller.rb:68:in 'Admin::ImportsController#create_student'
  [1m[36mTRANSACTION (0.0ms)[0m  [1m[35mRELEASE SAVEPOINT active_record_1 /*action='import_sigaa',application='Camaar',controller='imports'*/[0m
  ↳ app/controllers/admin/imports_controller.rb:68:in 'Admin::ImportsController#create_student'
  [1m[36mUserSubject Load (0.1ms)[0m  [1m[34mSELECT "user_subjects".* FROM "user_subjects" WHERE "user_subjects"."user_id" = 50 AND "user_subjects"."subject_id" = 7 LIMIT 1 /*action='import_sigaa',application='Camaar',controller='imports'*/[0m
  ↳ app/controllers/admin/imports_controller.rb:56:in 'block (2 levels) in Admin::ImportsController#import_participants'
  [1m[36mTRANSACTION (0.0ms)[0m  [1m[35mSAVEPOINT active_record_1 /*action='import_sigaa',application='Camaar',controller='imports'*/[0m
  ↳ app/controllers/admin/imports_controller.rb:56:in 'block (2 levels) in Admin::ImportsController#import_participants'
  [1m[36mUserSubject Create (1.2ms)[0m  [1m[32mINSERT INTO "user_subjects" ("user_id", "subject_id", "created_at", "updated_at") VALUES (50, 7, '2025-07-16 00:31:49.629730', '2025-07-16 00:31:49.629730') RETURNING "id" /*action='import_sigaa',application='Camaar',controller='imports'*/[0m
  ↳ app/controllers/admin/imports_controller.rb:56:in 'block (2 levels) in Admin::ImportsController#import_participants'
  [1m[36mTRANSACTION (0.0ms)[0m  [1m[35mRELEASE SAVEPOINT active_record_1 /*action='import_sigaa',application='Camaar',controller='imports'*/[0m
  ↳ app/controllers/admin/imports_controller.rb:56:in 'block (2 levels) in Admin::ImportsController#import_participants'
  [1m[36mUser Load (0.2ms)[0m  [1m[34mSELECT "users".* FROM "users" WHERE "users"."email" = 'andre.acm97@outlook.com' LIMIT 1 /*action='import_sigaa',application='Camaar',controller='imports'*/[0m
  ↳ app/controllers/admin/imports_controller.rb:68:in 'Admin::ImportsController#create_student'
  [1m[36mTRANSACTION (0.0ms)[0m  [1m[35mSAVEPOINT active_record_1 /*action='import_sigaa',application='Camaar',controller='imports'*/[0m
  ↳ app/controllers/admin/imports_controller.rb:68:in 'Admin::ImportsController#create_student'
  [1m[36mUser Exists? (1.1ms)[0m  [1m[34mSELECT 1 AS one FROM "users" WHERE "users"."email" = 'andre.acm97@outlook.com' LIMIT 1 /*action='import_sigaa',application='Camaar',controller='imports'*/[0m
  ↳ app/controllers/admin/imports_controller.rb:68:in 'Admin::ImportsController#create_student'
  [1m[36mUser Exists? (0.1ms)[0m  [1m[34mSELECT 1 AS one FROM "users" WHERE "users"."username" = '150005491' LIMIT 1 /*action='import_sigaa',application='Camaar',controller='imports'*/[0m
  ↳ app/controllers/admin/imports_controller.rb:68:in 'Admin::ImportsController#create_student'
  [1m[36mUser Create (0.2ms)[0m  [1m[32mINSERT INTO "users" ("name", "email", "hash_password", "role", "academic_background", "student_course", "student_enrolment", "professor_departament", "created_at", "updated_at", "username") VALUES ('André Carvalho Marques', 'andre.acm97@outlook.com', '$2a$12$m/i4edtuBvofkPwyhRFdIu/iHPq.Re3FWl1CJNXEH.GCSVPNnm6RG', 0, 0, 'CIÊNCIA DA COMPUTAÇÃO/CIC', '150005491', NULL, '2025-07-16 00:31:49.830658', '2025-07-16 00:31:49.830658', '150005491') RETURNING "id" /*action='import_sigaa',application='Camaar',controller='imports'*/[0m
  ↳ app/controllers/admin/imports_controller.rb:68:in 'Admin::ImportsController#create_student'
  [1m[36mTRANSACTION (0.0ms)[0m  [1m[35mRELEASE SAVEPOINT active_record_1 /*action='import_sigaa',application='Camaar',controller='imports'*/[0m
  ↳ app/controllers/admin/imports_controller.rb:68:in 'Admin::ImportsController#create_student'
  [1m[36mUserSubject Load (0.1ms)[0m  [1m[34mSELECT "user_subjects".* FROM "user_subjects" WHERE "user_subjects"."user_id" = 51 AND "user_subjects"."subject_id" = 7 LIMIT 1 /*action='import_sigaa',application='Camaar',controller='imports'*/[0m
  ↳ app/controllers/admin/imports_controller.rb:56:in 'block (2 levels) in Admin::ImportsController#import_participants'
  [1m[36mTRANSACTION (0.1ms)[0m  [1m[35mSAVEPOINT active_record_1 /*action='import_sigaa',application='Camaar',controller='imports'*/[0m
  ↳ app/controllers/admin/imports_controller.rb:56:in 'block (2 levels) in Admin::ImportsController#import_participants'
  [1m[36mUserSubject Create (1.7ms)[0m  [1m[32mINSERT INTO "user_subjects" ("user_id", "subject_id", "created_at", "updated_at") VALUES (51, 7, '2025-07-16 00:31:49.851508', '2025-07-16 00:31:49.851508') RETURNING "id" /*action='import_sigaa',application='Camaar',controller='imports'*/[0m
  ↳ app/controllers/admin/imports_controller.rb:56:in 'block (2 levels) in Admin::ImportsController#import_participants'
  [1m[36mTRANSACTION (0.0ms)[0m  [1m[35mRELEASE SAVEPOINT active_record_1 /*action='import_sigaa',application='Camaar',controller='imports'*/[0m
  ↳ app/controllers/admin/imports_controller.rb:56:in 'block (2 levels) in Admin::ImportsController#import_participants'
  [1m[36mUser Load (0.1ms)[0m  [1m[34mSELECT "users".* FROM "users" WHERE "users"."email" = 'antoniovmoura.r@gmail.com' LIMIT 1 /*action='import_sigaa',application='Camaar',controller='imports'*/[0m
  ↳ app/controllers/admin/imports_controller.rb:68:in 'Admin::ImportsController#create_student'
  [1m[36mTRANSACTION (0.1ms)[0m  [1m[35mSAVEPOINT active_record_1 /*action='import_sigaa',application='Camaar',controller='imports'*/[0m
  ↳ app/controllers/admin/imports_controller.rb:68:in 'Admin::ImportsController#create_student'
  [1m[36mUser Exists? (1.9ms)[0m  [1m[34mSELECT 1 AS one FROM "users" WHERE "users"."email" = 'antoniovmoura.r@gmail.com' LIMIT 1 /*action='import_sigaa',application='Camaar',controller='imports'*/[0m
  ↳ app/controllers/admin/imports_controller.rb:68:in 'Admin::ImportsController#create_student'
  [1m[36mUser Exists? (0.1ms)[0m  [1m[34mSELECT 1 AS one FROM "users" WHERE "users"."username" = '190084502' LIMIT 1 /*action='import_sigaa',application='Camaar',controller='imports'*/[0m
  ↳ app/controllers/admin/imports_controller.rb:68:in 'Admin::ImportsController#create_student'
  [1m[36mUser Create (0.4ms)[0m  [1m[32mINSERT INTO "users" ("name", "email", "hash_password", "role", "academic_background", "student_course", "student_enrolment", "professor_departament", "created_at", "updated_at", "username") VALUES ('Antonio Vinicius de Moura Rodrigues', 'antoniovmoura.r@gmail.com', '$2a$12$iAMI5s6M9OQHEpYQcwkjNuOqCyyXApt5Mc9BguhBKlPAQzN/9uy1q', 0, 0, 'CIÊNCIA DA COMPUTAÇÃO/CIC', '190084502', NULL, '2025-07-16 00:31:50.050811', '2025-07-16 00:31:50.050811', '190084502') RETURNING "id" /*action='import_sigaa',application='Camaar',controller='imports'*/[0m
  ↳ app/controllers/admin/imports_controller.rb:68:in 'Admin::ImportsController#create_student'
  [1m[36mTRANSACTION (0.0ms)[0m  [1m[35mRELEASE SAVEPOINT active_record_1 /*action='import_sigaa',application='Camaar',controller='imports'*/[0m
  ↳ app/controllers/admin/imports_controller.rb:68:in 'Admin::ImportsController#create_student'
  [1m[36mUserSubject Load (0.2ms)[0m  [1m[34mSELECT "user_subjects".* FROM "user_subjects" WHERE "user_subjects"."user_id" = 52 AND "user_subjects"."subject_id" = 7 LIMIT 1 /*action='import_sigaa',application='Camaar',controller='imports'*/[0m
  ↳ app/controllers/admin/imports_controller.rb:56:in 'block (2 levels) in Admin::ImportsController#import_participants'
  [1m[36mTRANSACTION (0.0ms)[0m  [1m[35mSAVEPOINT active_record_1 /*action='import_sigaa',application='Camaar',controller='imports'*/[0m
  ↳ app/controllers/admin/imports_controller.rb:56:in 'block (2 levels) in Admin::ImportsController#import_participants'
  [1m[36mUserSubject Create (1.7ms)[0m  [1m[32mINSERT INTO "user_subjects" ("user_id", "subject_id", "created_at", "updated_at") VALUES (52, 7, '2025-07-16 00:31:50.068548', '2025-07-16 00:31:50.068548') RETURNING "id" /*action='import_sigaa',application='Camaar',controller='imports'*/[0m
  ↳ app/controllers/admin/imports_controller.rb:56:in 'block (2 levels) in Admin::ImportsController#import_participants'
  [1m[36mTRANSACTION (0.0ms)[0m  [1m[35mRELEASE SAVEPOINT active_record_1 /*action='import_sigaa',application='Camaar',controller='imports'*/[0m
  ↳ app/controllers/admin/imports_controller.rb:56:in 'block (2 levels) in Admin::ImportsController#import_participants'
  [1m[36mUser Load (0.1ms)[0m  [1m[34mSELECT "users".* FROM "users" WHERE "users"."email" = 'arthurbarreirosmota@gmail.com' LIMIT 1 /*action='import_sigaa',application='Camaar',controller='imports'*/[0m
  ↳ app/controllers/admin/imports_controller.rb:68:in 'Admin::ImportsController#create_student'
  [1m[36mTRANSACTION (0.0ms)[0m  [1m[35mSAVEPOINT active_record_1 /*action='import_sigaa',application='Camaar',controller='imports'*/[0m
  ↳ app/controllers/admin/imports_controller.rb:68:in 'Admin::ImportsController#create_student'
  [1m[36mUser Exists? (1.7ms)[0m  [1m[34mSELECT 1 AS one FROM "users" WHERE "users"."email" = 'arthurbarreirosmota@gmail.com' LIMIT 1 /*action='import_sigaa',application='Camaar',controller='imports'*/[0m
  ↳ app/controllers/admin/imports_controller.rb:68:in 'Admin::ImportsController#create_student'
  [1m[36mUser Exists? (0.1ms)[0m  [1m[34mSELECT 1 AS one FROM "users" WHERE "users"."username" = '190102829' LIMIT 1 /*action='import_sigaa',application='Camaar',controller='imports'*/[0m
  ↳ app/controllers/admin/imports_controller.rb:68:in 'Admin::ImportsController#create_student'
  [1m[36mUser Create (0.2ms)[0m  [1m[32mINSERT INTO "users" ("name", "email", "hash_password", "role", "academic_background", "student_course", "student_enrolment", "professor_departament", "created_at", "updated_at", "username") VALUES ('Arthur Barreiros de Oliveira Mota', 'arthurbarreirosmota@gmail.com', '$2a$12$P8ECjIAt.R6eO/yyl2b.9ubjJ1wj2ys6dpEakFu.xHEhTGATygBtG', 0, 0, 'CIÊNCIA DA COMPUTAÇÃO/CIC', '190102829', NULL, '2025-07-16 00:31:50.274495', '2025-07-16 00:31:50.274495', '190102829') RETURNING "id" /*action='import_sigaa',application='Camaar',controller='imports'*/[0m
  ↳ app/controllers/admin/imports_controller.rb:68:in 'Admin::ImportsController#create_student'
  [1m[36mTRANSACTION (0.0ms)[0m  [1m[35mRELEASE SAVEPOINT active_record_1 /*action='import_sigaa',application='Camaar',controller='imports'*/[0m
  ↳ app/controllers/admin/imports_controller.rb:68:in 'Admin::ImportsController#create_student'
  [1m[36mUserSubject Load (0.1ms)[0m  [1m[34mSELECT "user_subjects".* FROM "user_subjects" WHERE "user_subjects"."user_id" = 53 AND "user_subjects"."subject_id" = 7 LIMIT 1 /*action='import_sigaa',application='Camaar',controller='imports'*/[0m
  ↳ app/controllers/admin/imports_controller.rb:56:in 'block (2 levels) in Admin::ImportsController#import_participants'
  [1m[36mTRANSACTION (0.1ms)[0m  [1m[35mSAVEPOINT active_record_1 /*action='import_sigaa',application='Camaar',controller='imports'*/[0m
  ↳ app/controllers/admin/imports_controller.rb:56:in 'block (2 levels) in Admin::ImportsController#import_participants'
  [1m[36mUserSubject Create (1.8ms)[0m  [1m[32mINSERT INTO "user_subjects" ("user_id", "subject_id", "created_at", "updated_at") VALUES (53, 7, '2025-07-16 00:31:50.292565', '2025-07-16 00:31:50.292565') RETURNING "id" /*action='import_sigaa',application='Camaar',controller='imports'*/[0m
  ↳ app/controllers/admin/imports_controller.rb:56:in 'block (2 levels) in Admin::ImportsController#import_participants'
  [1m[36mTRANSACTION (0.1ms)[0m  [1m[35mRELEASE SAVEPOINT active_record_1 /*action='import_sigaa',application='Camaar',controller='imports'*/[0m
  ↳ app/controllers/admin/imports_controller.rb:56:in 'block (2 levels) in Admin::ImportsController#import_participants'
  [1m[36mUser Load (0.2ms)[0m  [1m[34mSELECT "users".* FROM "users" WHERE "users"."email" = 'arthurcontroleambiental@gmail.com' LIMIT 1 /*action='import_sigaa',application='Camaar',controller='imports'*/[0m
  ↳ app/controllers/admin/imports_controller.rb:68:in 'Admin::ImportsController#create_student'
  [1m[36mTRANSACTION (0.0ms)[0m  [1m[35mSAVEPOINT active_record_1 /*action='import_sigaa',application='Camaar',controller='imports'*/[0m
  ↳ app/controllers/admin/imports_controller.rb:68:in 'Admin::ImportsController#create_student'
  [1m[36mUser Exists? (1.4ms)[0m  [1m[34mSELECT 1 AS one FROM "users" WHERE "users"."email" = 'arthurcontroleambiental@gmail.com' LIMIT 1 /*action='import_sigaa',application='Camaar',controller='imports'*/[0m
  ↳ app/controllers/admin/imports_controller.rb:68:in 'Admin::ImportsController#create_student'
  [1m[36mUser Exists? (0.1ms)[0m  [1m[34mSELECT 1 AS one FROM "users" WHERE "users"."username" = '202014403' LIMIT 1 /*action='import_sigaa',application='Camaar',controller='imports'*/[0m
  ↳ app/controllers/admin/imports_controller.rb:68:in 'Admin::ImportsController#create_student'
  [1m[36mUser Create (0.2ms)[0m  [1m[32mINSERT INTO "users" ("name", "email", "hash_password", "role", "academic_background", "student_course", "student_enrolment", "professor_departament", "created_at", "updated_at", "username") VALUES ('ARTHUR RODRIGUES NEVES', 'arthurcontroleambiental@gmail.com', '$2a$12$Aq/ldXuwYds2PAouWmtyH.11L/k3RDsPRymzt4wghEgRW.37Txf3W', 0, 0, 'ENGENHARIA DE COMPUTAÇÃO/CIC', '202014403', NULL, '2025-07-16 00:31:50.498243', '2025-07-16 00:31:50.498243', '202014403') RETURNING "id" /*action='import_sigaa',application='Camaar',controller='imports'*/[0m
  ↳ app/controllers/admin/imports_controller.rb:68:in 'Admin::ImportsController#create_student'
  [1m[36mTRANSACTION (0.0ms)[0m  [1m[35mRELEASE SAVEPOINT active_record_1 /*action='import_sigaa',application='Camaar',controller='imports'*/[0m
  ↳ app/controllers/admin/imports_controller.rb:68:in 'Admin::ImportsController#create_student'
  [1m[36mUserSubject Load (0.1ms)[0m  [1m[34mSELECT "user_subjects".* FROM "user_subjects" WHERE "user_subjects"."user_id" = 54 AND "user_subjects"."subject_id" = 7 LIMIT 1 /*action='import_sigaa',application='Camaar',controller='imports'*/[0m
  ↳ app/controllers/admin/imports_controller.rb:56:in 'block (2 levels) in Admin::ImportsController#import_participants'
  [1m[36mTRANSACTION (0.1ms)[0m  [1m[35mSAVEPOINT active_record_1 /*action='import_sigaa',application='Camaar',controller='imports'*/[0m
  ↳ app/controllers/admin/imports_controller.rb:56:in 'block (2 levels) in Admin::ImportsController#import_participants'
  [1m[36mUserSubject Create (18.6ms)[0m  [1m[32mINSERT INTO "user_subjects" ("user_id", "subject_id", "created_at", "updated_at") VALUES (54, 7, '2025-07-16 00:31:50.502379', '2025-07-16 00:31:50.502379') RETURNING "id" /*action='import_sigaa',application='Camaar',controller='imports'*/[0m
  ↳ app/controllers/admin/imports_controller.rb:56:in 'block (2 levels) in Admin::ImportsController#import_participants'
  [1m[36mTRANSACTION (0.1ms)[0m  [1m[35mRELEASE SAVEPOINT active_record_1 /*action='import_sigaa',application='Camaar',controller='imports'*/[0m
  ↳ app/controllers/admin/imports_controller.rb:56:in 'block (2 levels) in Admin::ImportsController#import_participants'
  [1m[36mUser Load (0.1ms)[0m  [1m[34mSELECT "users".* FROM "users" WHERE "users"."email" = 'biancaglyciaboueri@gmail.com' LIMIT 1 /*action='import_sigaa',application='Camaar',controller='imports'*/[0m
  ↳ app/controllers/admin/imports_controller.rb:68:in 'Admin::ImportsController#create_student'
  [1m[36mTRANSACTION (0.0ms)[0m  [1m[35mSAVEPOINT active_record_1 /*action='import_sigaa',application='Camaar',controller='imports'*/[0m
  ↳ app/controllers/admin/imports_controller.rb:68:in 'Admin::ImportsController#create_student'
  [1m[36mUser Exists? (2.0ms)[0m  [1m[34mSELECT 1 AS one FROM "users" WHERE "users"."email" = 'biancaglyciaboueri@gmail.com' LIMIT 1 /*action='import_sigaa',application='Camaar',controller='imports'*/[0m
  ↳ app/controllers/admin/imports_controller.rb:68:in 'Admin::ImportsController#create_student'
  [1m[36mUser Exists? (0.1ms)[0m  [1m[34mSELECT 1 AS one FROM "users" WHERE "users"."username" = '170161561' LIMIT 1 /*action='import_sigaa',application='Camaar',controller='imports'*/[0m
  ↳ app/controllers/admin/imports_controller.rb:68:in 'Admin::ImportsController#create_student'
  [1m[36mUser Create (0.2ms)[0m  [1m[32mINSERT INTO "users" ("name", "email", "hash_password", "role", "academic_background", "student_course", "student_enrolment", "professor_departament", "created_at", "updated_at", "username") VALUES ('Bianca Glycia Boueri', 'biancaglyciaboueri@gmail.com', '$2a$12$0fGThO0FGYz1IPYVq0B2ROADmzusdRDddv1SIwer/E7ZRfhK/fWwy', 0, 0, 'ENGENHARIA MECATRÔNICA - CONTROLE E AUTOMAÇÃO/FTD', '170161561', NULL, '2025-07-16 00:31:50.723534', '2025-07-16 00:31:50.723534', '170161561') RETURNING "id" /*action='import_sigaa',application='Camaar',controller='imports'*/[0m
  ↳ app/controllers/admin/imports_controller.rb:68:in 'Admin::ImportsController#create_student'
  [1m[36mTRANSACTION (0.1ms)[0m  [1m[35mRELEASE SAVEPOINT active_record_1 /*action='import_sigaa',application='Camaar',controller='imports'*/[0m
  ↳ app/controllers/admin/imports_controller.rb:68:in 'Admin::ImportsController#create_student'
  [1m[36mUserSubject Load (0.1ms)[0m  [1m[34mSELECT "user_subjects".* FROM "user_subjects" WHERE "user_subjects"."user_id" = 55 AND "user_subjects"."subject_id" = 7 LIMIT 1 /*action='import_sigaa',application='Camaar',controller='imports'*/[0m
  ↳ app/controllers/admin/imports_controller.rb:56:in 'block (2 levels) in Admin::ImportsController#import_participants'
  [1m[36mTRANSACTION (0.0ms)[0m  [1m[35mSAVEPOINT active_record_1 /*action='import_sigaa',application='Camaar',controller='imports'*/[0m
  ↳ app/controllers/admin/imports_controller.rb:56:in 'block (2 levels) in Admin::ImportsController#import_participants'
  [1m[36mUserSubject Create (1.4ms)[0m  [1m[32mINSERT INTO "user_subjects" ("user_id", "subject_id", "created_at", "updated_at") VALUES (55, 7, '2025-07-16 00:31:50.740478', '2025-07-16 00:31:50.740478') RETURNING "id" /*action='import_sigaa',application='Camaar',controller='imports'*/[0m
  ↳ app/controllers/admin/imports_controller.rb:56:in 'block (2 levels) in Admin::ImportsController#import_participants'
  [1m[36mTRANSACTION (0.0ms)[0m  [1m[35mRELEASE SAVEPOINT active_record_1 /*action='import_sigaa',application='Camaar',controller='imports'*/[0m
  ↳ app/controllers/admin/imports_controller.rb:56:in 'block (2 levels) in Admin::ImportsController#import_participants'
  [1m[36mUser Load (0.1ms)[0m  [1m[34mSELECT "users".* FROM "users" WHERE "users"."email" = 'peluticaio@gmail.com' LIMIT 1 /*action='import_sigaa',application='Camaar',controller='imports'*/[0m
  ↳ app/controllers/admin/imports_controller.rb:68:in 'Admin::ImportsController#create_student'
  [1m[36mTRANSACTION (0.0ms)[0m  [1m[35mSAVEPOINT active_record_1 /*action='import_sigaa',application='Camaar',controller='imports'*/[0m
  ↳ app/controllers/admin/imports_controller.rb:68:in 'Admin::ImportsController#create_student'
  [1m[36mUser Exists? (1.5ms)[0m  [1m[34mSELECT 1 AS one FROM "users" WHERE "users"."email" = 'peluticaio@gmail.com' LIMIT 1 /*action='import_sigaa',application='Camaar',controller='imports'*/[0m
  ↳ app/controllers/admin/imports_controller.rb:68:in 'Admin::ImportsController#create_student'
  [1m[36mUser Exists? (0.1ms)[0m  [1m[34mSELECT 1 AS one FROM "users" WHERE "users"."username" = '190085312' LIMIT 1 /*action='import_sigaa',application='Camaar',controller='imports'*/[0m
  ↳ app/controllers/admin/imports_controller.rb:68:in 'Admin::ImportsController#create_student'
  [1m[36mUser Create (0.2ms)[0m  [1m[32mINSERT INTO "users" ("name", "email", "hash_password", "role", "academic_background", "student_course", "student_enrolment", "professor_departament", "created_at", "updated_at", "username") VALUES ('Caio Otávio Peluti Alencar', 'peluticaio@gmail.com', '$2a$12$509t7C4NNZDCgfGfY/dTj.EgFo4NfVz0.dR9hB60j3QoeqWNBPBxW', 0, 0, 'CIÊNCIA DA COMPUTAÇÃO/CIC', '190085312', NULL, '2025-07-16 00:31:50.939505', '2025-07-16 00:31:50.939505', '190085312') RETURNING "id" /*action='import_sigaa',application='Camaar',controller='imports'*/[0m
  ↳ app/controllers/admin/imports_controller.rb:68:in 'Admin::ImportsController#create_student'
  [1m[36mTRANSACTION (0.1ms)[0m  [1m[35mRELEASE SAVEPOINT active_record_1 /*action='import_sigaa',application='Camaar',controller='imports'*/[0m
  ↳ app/controllers/admin/imports_controller.rb:68:in 'Admin::ImportsController#create_student'
  [1m[36mUserSubject Load (0.1ms)[0m  [1m[34mSELECT "user_subjects".* FROM "user_subjects" WHERE "user_subjects"."user_id" = 56 AND "user_subjects"."subject_id" = 7 LIMIT 1 /*action='import_sigaa',application='Camaar',controller='imports'*/[0m
  ↳ app/controllers/admin/imports_controller.rb:56:in 'block (2 levels) in Admin::ImportsController#import_participants'
  [1m[36mTRANSACTION (0.0ms)[0m  [1m[35mSAVEPOINT active_record_1 /*action='import_sigaa',application='Camaar',controller='imports'*/[0m
  ↳ app/controllers/admin/imports_controller.rb:56:in 'block (2 levels) in Admin::ImportsController#import_participants'
  [1m[36mUserSubject Create (2.1ms)[0m  [1m[32mINSERT INTO "user_subjects" ("user_id", "subject_id", "created_at", "updated_at") VALUES (56, 7, '2025-07-16 00:31:50.943600', '2025-07-16 00:31:50.943600') RETURNING "id" /*action='import_sigaa',application='Camaar',controller='imports'*/[0m
  ↳ app/controllers/admin/imports_controller.rb:56:in 'block (2 levels) in Admin::ImportsController#import_participants'
  [1m[36mTRANSACTION (0.0ms)[0m  [1m[35mRELEASE SAVEPOINT active_record_1 /*action='import_sigaa',application='Camaar',controller='imports'*/[0m
  ↳ app/controllers/admin/imports_controller.rb:56:in 'block (2 levels) in Admin::ImportsController#import_participants'
  [1m[36mUser Load (0.1ms)[0m  [1m[34mSELECT "users".* FROM "users" WHERE "users"."email" = 'camilizx2021@gmail.com' LIMIT 1 /*action='import_sigaa',application='Camaar',controller='imports'*/[0m
  ↳ app/controllers/admin/imports_controller.rb:68:in 'Admin::ImportsController#create_student'
  [1m[36mTRANSACTION (0.0ms)[0m  [1m[35mSAVEPOINT active_record_1 /*action='import_sigaa',application='Camaar',controller='imports'*/[0m
  ↳ app/controllers/admin/imports_controller.rb:68:in 'Admin::ImportsController#create_student'
  [1m[36mUser Exists? (1.5ms)[0m  [1m[34mSELECT 1 AS one FROM "users" WHERE "users"."email" = 'camilizx2021@gmail.com' LIMIT 1 /*action='import_sigaa',application='Camaar',controller='imports'*/[0m
  ↳ app/controllers/admin/imports_controller.rb:68:in 'Admin::ImportsController#create_student'
  [1m[36mUser Exists? (0.2ms)[0m  [1m[34mSELECT 1 AS one FROM "users" WHERE "users"."username" = '170007561' LIMIT 1 /*action='import_sigaa',application='Camaar',controller='imports'*/[0m
  ↳ app/controllers/admin/imports_controller.rb:68:in 'Admin::ImportsController#create_student'
  [1m[36mUser Create (0.2ms)[0m  [1m[32mINSERT INTO "users" ("name", "email", "hash_password", "role", "academic_background", "student_course", "student_enrolment", "professor_departament", "created_at", "updated_at", "username") VALUES ('Camila Frealdo Fraga', 'camilizx2021@gmail.com', '$2a$12$/h5KcSAPNowYx3J32mU1EuJZtX0VPTEH7CrpTuOOlkrVn1Hlr.My.', 0, 0, 'CIÊNCIA DA COMPUTAÇÃO/CIC', '170007561', NULL, '2025-07-16 00:31:51.169773', '2025-07-16 00:31:51.169773', '170007561') RETURNING "id" /*action='import_sigaa',application='Camaar',controller='imports'*/[0m
  ↳ app/controllers/admin/imports_controller.rb:68:in 'Admin::ImportsController#create_student'
  [1m[36mTRANSACTION (0.1ms)[0m  [1m[35mRELEASE SAVEPOINT active_record_1 /*action='import_sigaa',application='Camaar',controller='imports'*/[0m
  ↳ app/controllers/admin/imports_controller.rb:68:in 'Admin::ImportsController#create_student'
  [1m[36mUserSubject Load (0.2ms)[0m  [1m[34mSELECT "user_subjects".* FROM "user_subjects" WHERE "user_subjects"."user_id" = 57 AND "user_subjects"."subject_id" = 7 LIMIT 1 /*action='import_sigaa',application='Camaar',controller='imports'*/[0m
  ↳ app/controllers/admin/imports_controller.rb:56:in 'block (2 levels) in Admin::ImportsController#import_participants'
  [1m[36mTRANSACTION (0.0ms)[0m  [1m[35mSAVEPOINT active_record_1 /*action='import_sigaa',application='Camaar',controller='imports'*/[0m
  ↳ app/controllers/admin/imports_controller.rb:56:in 'block (2 levels) in Admin::ImportsController#import_participants'
  [1m[36mUserSubject Create (1.2ms)[0m  [1m[32mINSERT INTO "user_subjects" ("user_id", "subject_id", "created_at", "updated_at") VALUES (57, 7, '2025-07-16 00:31:51.193841', '2025-07-16 00:31:51.193841') RETURNING "id" /*action='import_sigaa',application='Camaar',controller='imports'*/[0m
  ↳ app/controllers/admin/imports_controller.rb:56:in 'block (2 levels) in Admin::ImportsController#import_participants'
  [1m[36mTRANSACTION (0.0ms)[0m  [1m[35mRELEASE SAVEPOINT active_record_1 /*action='import_sigaa',application='Camaar',controller='imports'*/[0m
  ↳ app/controllers/admin/imports_controller.rb:56:in 'block (2 levels) in Admin::ImportsController#import_participants'
  [1m[36mUser Load (0.1ms)[0m  [1m[34mSELECT "users".* FROM "users" WHERE "users"."email" = 'dinhobarros15@gmail.com' LIMIT 1 /*action='import_sigaa',application='Camaar',controller='imports'*/[0m
  ↳ app/controllers/admin/imports_controller.rb:68:in 'Admin::ImportsController#create_student'
  [1m[36mTRANSACTION (0.0ms)[0m  [1m[35mSAVEPOINT active_record_1 /*action='import_sigaa',application='Camaar',controller='imports'*/[0m
  ↳ app/controllers/admin/imports_controller.rb:68:in 'Admin::ImportsController#create_student'
  [1m[36mUser Exists? (1.2ms)[0m  [1m[34mSELECT 1 AS one FROM "users" WHERE "users"."email" = 'dinhobarros15@gmail.com' LIMIT 1 /*action='import_sigaa',application='Camaar',controller='imports'*/[0m
  ↳ app/controllers/admin/imports_controller.rb:68:in 'Admin::ImportsController#create_student'
  [1m[36mUser Exists? (0.1ms)[0m  [1m[34mSELECT 1 AS one FROM "users" WHERE "users"."username" = '190097591' LIMIT 1 /*action='import_sigaa',application='Camaar',controller='imports'*/[0m
  ↳ app/controllers/admin/imports_controller.rb:68:in 'Admin::ImportsController#create_student'
  [1m[36mUser Create (0.2ms)[0m  [1m[32mINSERT INTO "users" ("name", "email", "hash_password", "role", "academic_background", "student_course", "student_enrolment", "professor_departament", "created_at", "updated_at", "username") VALUES ('Claudio Roberto Oliveira Peres de Barros', 'dinhobarros15@gmail.com', '$2a$12$AijS3O.Hz/T8ZsCNWbd9l.Tr30F6pohYyMFrSH7xpXLePwu/gVl0m', 0, 0, 'CIÊNCIA DA COMPUTAÇÃO/CIC', '190097591', NULL, '2025-07-16 00:31:51.395776', '2025-07-16 00:31:51.395776', '190097591') RETURNING "id" /*action='import_sigaa',application='Camaar',controller='imports'*/[0m
  ↳ app/controllers/admin/imports_controller.rb:68:in 'Admin::ImportsController#create_student'
  [1m[36mTRANSACTION (0.1ms)[0m  [1m[35mRELEASE SAVEPOINT active_record_1 /*action='import_sigaa',application='Camaar',controller='imports'*/[0m
  ↳ app/controllers/admin/imports_controller.rb:68:in 'Admin::ImportsController#create_student'
  [1m[36mUserSubject Load (0.1ms)[0m  [1m[34mSELECT "user_subjects".* FROM "user_subjects" WHERE "user_subjects"."user_id" = 58 AND "user_subjects"."subject_id" = 7 LIMIT 1 /*action='import_sigaa',application='Camaar',controller='imports'*/[0m
  ↳ app/controllers/admin/imports_controller.rb:56:in 'block (2 levels) in Admin::ImportsController#import_participants'
  [1m[36mTRANSACTION (0.0ms)[0m  [1m[35mSAVEPOINT active_record_1 /*action='import_sigaa',application='Camaar',controller='imports'*/[0m
  ↳ app/controllers/admin/imports_controller.rb:56:in 'block (2 levels) in Admin::ImportsController#import_participants'
  [1m[36mUserSubject Create (1.3ms)[0m  [1m[32mINSERT INTO "user_subjects" ("user_id", "subject_id", "created_at", "updated_at") VALUES (58, 7, '2025-07-16 00:31:51.426257', '2025-07-16 00:31:51.426257') RETURNING "id" /*action='import_sigaa',application='Camaar',controller='imports'*/[0m
  ↳ app/controllers/admin/imports_controller.rb:56:in 'block (2 levels) in Admin::ImportsController#import_participants'
  [1m[36mTRANSACTION (0.0ms)[0m  [1m[35mRELEASE SAVEPOINT active_record_1 /*action='import_sigaa',application='Camaar',controller='imports'*/[0m
  ↳ app/controllers/admin/imports_controller.rb:56:in 'block (2 levels) in Admin::ImportsController#import_participants'
  [1m[36mUser Load (0.1ms)[0m  [1m[34mSELECT "users".* FROM "users" WHERE "users"."email" = 'daltroov777@gmail.com' LIMIT 1 /*action='import_sigaa',application='Camaar',controller='imports'*/[0m
  ↳ app/controllers/admin/imports_controller.rb:68:in 'Admin::ImportsController#create_student'
  [1m[36mTRANSACTION (0.0ms)[0m  [1m[35mSAVEPOINT active_record_1 /*action='import_sigaa',application='Camaar',controller='imports'*/[0m
  ↳ app/controllers/admin/imports_controller.rb:68:in 'Admin::ImportsController#create_student'
  [1m[36mUser Exists? (1.5ms)[0m  [1m[34mSELECT 1 AS one FROM "users" WHERE "users"."email" = 'daltroov777@gmail.com' LIMIT 1 /*action='import_sigaa',application='Camaar',controller='imports'*/[0m
  ↳ app/controllers/admin/imports_controller.rb:68:in 'Admin::ImportsController#create_student'
  [1m[36mUser Exists? (0.1ms)[0m  [1m[34mSELECT 1 AS one FROM "users" WHERE "users"."username" = '160025966' LIMIT 1 /*action='import_sigaa',application='Camaar',controller='imports'*/[0m
  ↳ app/controllers/admin/imports_controller.rb:68:in 'Admin::ImportsController#create_student'
  [1m[36mUser Create (0.2ms)[0m  [1m[32mINSERT INTO "users" ("name", "email", "hash_password", "role", "academic_background", "student_course", "student_enrolment", "professor_departament", "created_at", "updated_at", "username") VALUES ('Daltro Oliveira Vinuto', 'daltroov777@gmail.com', '$2a$12$BvvKkP/rlJn9YrDhVN5tJ.Hv3NcEDbk2oQoLSTcROY.fv2MNQ.na.', 0, 0, 'CIÊNCIA DA COMPUTAÇÃO/CIC', '160025966', NULL, '2025-07-16 00:31:51.625840', '2025-07-16 00:31:51.625840', '160025966') RETURNING "id" /*action='import_sigaa',application='Camaar',controller='imports'*/[0m
  ↳ app/controllers/admin/imports_controller.rb:68:in 'Admin::ImportsController#create_student'
  [1m[36mTRANSACTION (0.0ms)[0m  [1m[35mRELEASE SAVEPOINT active_record_1 /*action='import_sigaa',application='Camaar',controller='imports'*/[0m
  ↳ app/controllers/admin/imports_controller.rb:68:in 'Admin::ImportsController#create_student'
  [1m[36mUserSubject Load (0.1ms)[0m  [1m[34mSELECT "user_subjects".* FROM "user_subjects" WHERE "user_subjects"."user_id" = 59 AND "user_subjects"."subject_id" = 7 LIMIT 1 /*action='import_sigaa',application='Camaar',controller='imports'*/[0m
  ↳ app/controllers/admin/imports_controller.rb:56:in 'block (2 levels) in Admin::ImportsController#import_participants'
  [1m[36mTRANSACTION (0.0ms)[0m  [1m[35mSAVEPOINT active_record_1 /*action='import_sigaa',application='Camaar',controller='imports'*/[0m
  ↳ app/controllers/admin/imports_controller.rb:56:in 'block (2 levels) in Admin::ImportsController#import_participants'
  [1m[36mUserSubject Create (26.7ms)[0m  [1m[32mINSERT INTO "user_subjects" ("user_id", "subject_id", "created_at", "updated_at") VALUES (59, 7, '2025-07-16 00:31:51.629133', '2025-07-16 00:31:51.629133') RETURNING "id" /*action='import_sigaa',application='Camaar',controller='imports'*/[0m
  ↳ app/controllers/admin/imports_controller.rb:56:in 'block (2 levels) in Admin::ImportsController#import_participants'
  [1m[36mTRANSACTION (0.1ms)[0m  [1m[35mRELEASE SAVEPOINT active_record_1 /*action='import_sigaa',application='Camaar',controller='imports'*/[0m
  ↳ app/controllers/admin/imports_controller.rb:56:in 'block (2 levels) in Admin::ImportsController#import_participants'
  [1m[36mUser Load (0.1ms)[0m  [1m[34mSELECT "users".* FROM "users" WHERE "users"."email" = 'davimouraamaral@gmail.com' LIMIT 1 /*action='import_sigaa',application='Camaar',controller='imports'*/[0m
  ↳ app/controllers/admin/imports_controller.rb:68:in 'Admin::ImportsController#create_student'
  [1m[36mTRANSACTION (0.1ms)[0m  [1m[35mSAVEPOINT active_record_1 /*action='import_sigaa',application='Camaar',controller='imports'*/[0m
  ↳ app/controllers/admin/imports_controller.rb:68:in 'Admin::ImportsController#create_student'
  [1m[36mUser Exists? (1.7ms)[0m  [1m[34mSELECT 1 AS one FROM "users" WHERE "users"."email" = 'davimouraamaral@gmail.com' LIMIT 1 /*action='import_sigaa',application='Camaar',controller='imports'*/[0m
  ↳ app/controllers/admin/imports_controller.rb:68:in 'Admin::ImportsController#create_student'
  [1m[36mUser Exists? (0.1ms)[0m  [1m[34mSELECT 1 AS one FROM "users" WHERE "users"."username" = '200016750' LIMIT 1 /*action='import_sigaa',application='Camaar',controller='imports'*/[0m
  ↳ app/controllers/admin/imports_controller.rb:68:in 'Admin::ImportsController#create_student'
  [1m[36mUser Create (0.4ms)[0m  [1m[32mINSERT INTO "users" ("name", "email", "hash_password", "role", "academic_background", "student_course", "student_enrolment", "professor_departament", "created_at", "updated_at", "username") VALUES ('Davi de Moura Amaral', 'davimouraamaral@gmail.com', '$2a$12$4sjqkyet1MXFoASmwehEfehdl.FIIWb6AlD4PMlfpwT4IufDK.nBK', 0, 0, 'CIÊNCIA DA COMPUTAÇÃO/CIC', '200016750', NULL, '2025-07-16 00:31:51.853817', '2025-07-16 00:31:51.853817', '200016750') RETURNING "id" /*action='import_sigaa',application='Camaar',controller='imports'*/[0m
  ↳ app/controllers/admin/imports_controller.rb:68:in 'Admin::ImportsController#create_student'
  [1m[36mTRANSACTION (0.1ms)[0m  [1m[35mRELEASE SAVEPOINT active_record_1 /*action='import_sigaa',application='Camaar',controller='imports'*/[0m
  ↳ app/controllers/admin/imports_controller.rb:68:in 'Admin::ImportsController#create_student'
  [1m[36mUserSubject Load (0.2ms)[0m  [1m[34mSELECT "user_subjects".* FROM "user_subjects" WHERE "user_subjects"."user_id" = 60 AND "user_subjects"."subject_id" = 7 LIMIT 1 /*action='import_sigaa',application='Camaar',controller='imports'*/[0m
  ↳ app/controllers/admin/imports_controller.rb:56:in 'block (2 levels) in Admin::ImportsController#import_participants'
  [1m[36mTRANSACTION (0.0ms)[0m  [1m[35mSAVEPOINT active_record_1 /*action='import_sigaa',application='Camaar',controller='imports'*/[0m
  ↳ app/controllers/admin/imports_controller.rb:56:in 'block (2 levels) in Admin::ImportsController#import_participants'
  [1m[36mUserSubject Create (1.5ms)[0m  [1m[32mINSERT INTO "user_subjects" ("user_id", "subject_id", "created_at", "updated_at") VALUES (60, 7, '2025-07-16 00:31:51.858874', '2025-07-16 00:31:51.858874') RETURNING "id" /*action='import_sigaa',application='Camaar',controller='imports'*/[0m
  ↳ app/controllers/admin/imports_controller.rb:56:in 'block (2 levels) in Admin::ImportsController#import_participants'
  [1m[36mTRANSACTION (0.1ms)[0m  [1m[35mRELEASE SAVEPOINT active_record_1 /*action='import_sigaa',application='Camaar',controller='imports'*/[0m
  ↳ app/controllers/admin/imports_controller.rb:56:in 'block (2 levels) in Admin::ImportsController#import_participants'
  [1m[36mUser Load (0.1ms)[0m  [1m[34mSELECT "users".* FROM "users" WHERE "users"."email" = 'eduardoxdantas@gmail.com' LIMIT 1 /*action='import_sigaa',application='Camaar',controller='imports'*/[0m
  ↳ app/controllers/admin/imports_controller.rb:68:in 'Admin::ImportsController#create_student'
  [1m[36mTRANSACTION (0.0ms)[0m  [1m[35mSAVEPOINT active_record_1 /*action='import_sigaa',application='Camaar',controller='imports'*/[0m
  ↳ app/controllers/admin/imports_controller.rb:68:in 'Admin::ImportsController#create_student'
  [1m[36mUser Exists? (1.5ms)[0m  [1m[34mSELECT 1 AS one FROM "users" WHERE "users"."email" = 'eduardoxdantas@gmail.com' LIMIT 1 /*action='import_sigaa',application='Camaar',controller='imports'*/[0m
  ↳ app/controllers/admin/imports_controller.rb:68:in 'Admin::ImportsController#create_student'
  [1m[36mUser Exists? (0.1ms)[0m  [1m[34mSELECT 1 AS one FROM "users" WHERE "users"."username" = '190086530' LIMIT 1 /*action='import_sigaa',application='Camaar',controller='imports'*/[0m
  ↳ app/controllers/admin/imports_controller.rb:68:in 'Admin::ImportsController#create_student'
  [1m[36mUser Create (0.4ms)[0m  [1m[32mINSERT INTO "users" ("name", "email", "hash_password", "role", "academic_background", "student_course", "student_enrolment", "professor_departament", "created_at", "updated_at", "username") VALUES ('Eduardo Xavier Dantas', 'eduardoxdantas@gmail.com', '$2a$12$xrRumwJb2gPqhSRvoPQJ3O.FiLK44rOBAgP2rJyRf379E0U7g/VrO', 0, 0, 'CIÊNCIA DA COMPUTAÇÃO/CIC', '190086530', NULL, '2025-07-16 00:31:52.082950', '2025-07-16 00:31:52.082950', '190086530') RETURNING "id" /*action='import_sigaa',application='Camaar',controller='imports'*/[0m
  ↳ app/controllers/admin/imports_controller.rb:68:in 'Admin::ImportsController#create_student'
  [1m[36mTRANSACTION (0.1ms)[0m  [1m[35mRELEASE SAVEPOINT active_record_1 /*action='import_sigaa',application='Camaar',controller='imports'*/[0m
  ↳ app/controllers/admin/imports_controller.rb:68:in 'Admin::ImportsController#create_student'
  [1m[36mUserSubject Load (0.2ms)[0m  [1m[34mSELECT "user_subjects".* FROM "user_subjects" WHERE "user_subjects"."user_id" = 61 AND "user_subjects"."subject_id" = 7 LIMIT 1 /*action='import_sigaa',application='Camaar',controller='imports'*/[0m
  ↳ app/controllers/admin/imports_controller.rb:56:in 'block (2 levels) in Admin::ImportsController#import_participants'
  [1m[36mTRANSACTION (0.0ms)[0m  [1m[35mSAVEPOINT active_record_1 /*action='import_sigaa',application='Camaar',controller='imports'*/[0m
  ↳ app/controllers/admin/imports_controller.rb:56:in 'block (2 levels) in Admin::ImportsController#import_participants'
  [1m[36mUserSubject Create (2.0ms)[0m  [1m[32mINSERT INTO "user_subjects" ("user_id", "subject_id", "created_at", "updated_at") VALUES (61, 7, '2025-07-16 00:31:52.087545', '2025-07-16 00:31:52.087545') RETURNING "id" /*action='import_sigaa',application='Camaar',controller='imports'*/[0m
  ↳ app/controllers/admin/imports_controller.rb:56:in 'block (2 levels) in Admin::ImportsController#import_participants'
  [1m[36mTRANSACTION (0.1ms)[0m  [1m[35mRELEASE SAVEPOINT active_record_1 /*action='import_sigaa',application='Camaar',controller='imports'*/[0m
  ↳ app/controllers/admin/imports_controller.rb:56:in 'block (2 levels) in Admin::ImportsController#import_participants'
  [1m[36mUser Load (0.2ms)[0m  [1m[34mSELECT "users".* FROM "users" WHERE "users"."email" = 'enzonleal2016@hotmail.com' LIMIT 1 /*action='import_sigaa',application='Camaar',controller='imports'*/[0m
  ↳ app/controllers/admin/imports_controller.rb:68:in 'Admin::ImportsController#create_student'
  [1m[36mTRANSACTION (0.0ms)[0m  [1m[35mSAVEPOINT active_record_1 /*action='import_sigaa',application='Camaar',controller='imports'*/[0m
  ↳ app/controllers/admin/imports_controller.rb:68:in 'Admin::ImportsController#create_student'
  [1m[36mUser Exists? (1.5ms)[0m  [1m[34mSELECT 1 AS one FROM "users" WHERE "users"."email" = 'enzonleal2016@hotmail.com' LIMIT 1 /*action='import_sigaa',application='Camaar',controller='imports'*/[0m
  ↳ app/controllers/admin/imports_controller.rb:68:in 'Admin::ImportsController#create_student'
  [1m[36mUser Exists? (0.2ms)[0m  [1m[34mSELECT 1 AS one FROM "users" WHERE "users"."username" = '190062789' LIMIT 1 /*action='import_sigaa',application='Camaar',controller='imports'*/[0m
  ↳ app/controllers/admin/imports_controller.rb:68:in 'Admin::ImportsController#create_student'
  [1m[36mUser Create (0.5ms)[0m  [1m[32mINSERT INTO "users" ("name", "email", "hash_password", "role", "academic_background", "student_course", "student_enrolment", "professor_departament", "created_at", "updated_at", "username") VALUES ('Enzo Nunes Leal Sampaio', 'enzonleal2016@hotmail.com', '$2a$12$mENivJqpYEyKQpKwf2sfH.x9MrGyoRiBSXeUKT.cbYOBd7AtlJsGa', 0, 0, 'CIÊNCIA DA COMPUTAÇÃO/CIC', '190062789', NULL, '2025-07-16 00:31:52.320754', '2025-07-16 00:31:52.320754', '190062789') RETURNING "id" /*action='import_sigaa',application='Camaar',controller='imports'*/[0m
  ↳ app/controllers/admin/imports_controller.rb:68:in 'Admin::ImportsController#create_student'
  [1m[36mTRANSACTION (0.1ms)[0m  [1m[35mRELEASE SAVEPOINT active_record_1 /*action='import_sigaa',application='Camaar',controller='imports'*/[0m
  ↳ app/controllers/admin/imports_controller.rb:68:in 'Admin::ImportsController#create_student'
  [1m[36mUserSubject Load (0.1ms)[0m  [1m[34mSELECT "user_subjects".* FROM "user_subjects" WHERE "user_subjects"."user_id" = 62 AND "user_subjects"."subject_id" = 7 LIMIT 1 /*action='import_sigaa',application='Camaar',controller='imports'*/[0m
  ↳ app/controllers/admin/imports_controller.rb:56:in 'block (2 levels) in Admin::ImportsController#import_participants'
  [1m[36mTRANSACTION (0.0ms)[0m  [1m[35mSAVEPOINT active_record_1 /*action='import_sigaa',application='Camaar',controller='imports'*/[0m
  ↳ app/controllers/admin/imports_controller.rb:56:in 'block (2 levels) in Admin::ImportsController#import_participants'
  [1m[36mUserSubject Create (1.3ms)[0m  [1m[32mINSERT INTO "user_subjects" ("user_id", "subject_id", "created_at", "updated_at") VALUES (62, 7, '2025-07-16 00:31:52.324850', '2025-07-16 00:31:52.324850') RETURNING "id" /*action='import_sigaa',application='Camaar',controller='imports'*/[0m
  ↳ app/controllers/admin/imports_controller.rb:56:in 'block (2 levels) in Admin::ImportsController#import_participants'
  [1m[36mTRANSACTION (0.0ms)[0m  [1m[35mRELEASE SAVEPOINT active_record_1 /*action='import_sigaa',application='Camaar',controller='imports'*/[0m
  ↳ app/controllers/admin/imports_controller.rb:56:in 'block (2 levels) in Admin::ImportsController#import_participants'
  [1m[36mUser Load (0.1ms)[0m  [1m[34mSELECT "users".* FROM "users" WHERE "users"."email" = 'enzoyn@hotmail.com' LIMIT 1 /*action='import_sigaa',application='Camaar',controller='imports'*/[0m
  ↳ app/controllers/admin/imports_controller.rb:68:in 'Admin::ImportsController#create_student'
  [1m[36mTRANSACTION (0.0ms)[0m  [1m[35mSAVEPOINT active_record_1 /*action='import_sigaa',application='Camaar',controller='imports'*/[0m
  ↳ app/controllers/admin/imports_controller.rb:68:in 'Admin::ImportsController#create_student'
  [1m[36mUser Exists? (1.3ms)[0m  [1m[34mSELECT 1 AS one FROM "users" WHERE "users"."email" = 'enzoyn@hotmail.com' LIMIT 1 /*action='import_sigaa',application='Camaar',controller='imports'*/[0m
  ↳ app/controllers/admin/imports_controller.rb:68:in 'Admin::ImportsController#create_student'
  [1m[36mUser Exists? (0.1ms)[0m  [1m[34mSELECT 1 AS one FROM "users" WHERE "users"."username" = '190027304' LIMIT 1 /*action='import_sigaa',application='Camaar',controller='imports'*/[0m
  ↳ app/controllers/admin/imports_controller.rb:68:in 'Admin::ImportsController#create_student'
  [1m[36mUser Create (0.2ms)[0m  [1m[32mINSERT INTO "users" ("name", "email", "hash_password", "role", "academic_background", "student_course", "student_enrolment", "professor_departament", "created_at", "updated_at", "username") VALUES ('Enzo Yoshio Niho', 'enzoyn@hotmail.com', '$2a$12$0SaZPI.GdXZal85fTn7WxuRJjWVRGEasPCY8Tfm/IlBs3JrvLN/Se', 0, 0, 'CIÊNCIA DA COMPUTAÇÃO/CIC', '190027304', NULL, '2025-07-16 00:31:52.529655', '2025-07-16 00:31:52.529655', '190027304') RETURNING "id" /*action='import_sigaa',application='Camaar',controller='imports'*/[0m
  ↳ app/controllers/admin/imports_controller.rb:68:in 'Admin::ImportsController#create_student'
  [1m[36mTRANSACTION (0.0ms)[0m  [1m[35mRELEASE SAVEPOINT active_record_1 /*action='import_sigaa',application='Camaar',controller='imports'*/[0m
  ↳ app/controllers/admin/imports_controller.rb:68:in 'Admin::ImportsController#create_student'
  [1m[36mUserSubject Load (0.1ms)[0m  [1m[34mSELECT "user_subjects".* FROM "user_subjects" WHERE "user_subjects"."user_id" = 63 AND "user_subjects"."subject_id" = 7 LIMIT 1 /*action='import_sigaa',application='Camaar',controller='imports'*/[0m
  ↳ app/controllers/admin/imports_controller.rb:56:in 'block (2 levels) in Admin::ImportsController#import_participants'
  [1m[36mTRANSACTION (0.0ms)[0m  [1m[35mSAVEPOINT active_record_1 /*action='import_sigaa',application='Camaar',controller='imports'*/[0m
  ↳ app/controllers/admin/imports_controller.rb:56:in 'block (2 levels) in Admin::ImportsController#import_participants'
  [1m[36mUserSubject Create (2.1ms)[0m  [1m[32mINSERT INTO "user_subjects" ("user_id", "subject_id", "created_at", "updated_at") VALUES (63, 7, '2025-07-16 00:31:52.559900', '2025-07-16 00:31:52.559900') RETURNING "id" /*action='import_sigaa',application='Camaar',controller='imports'*/[0m
  ↳ app/controllers/admin/imports_controller.rb:56:in 'block (2 levels) in Admin::ImportsController#import_participants'
  [1m[36mTRANSACTION (0.0ms)[0m  [1m[35mRELEASE SAVEPOINT active_record_1 /*action='import_sigaa',application='Camaar',controller='imports'*/[0m
  ↳ app/controllers/admin/imports_controller.rb:56:in 'block (2 levels) in Admin::ImportsController#import_participants'
  [1m[36mUser Load (0.1ms)[0m  [1m[34mSELECT "users".* FROM "users" WHERE "users"."email" = 'gabrielfaustino99@gmail.com' LIMIT 1 /*action='import_sigaa',application='Camaar',controller='imports'*/[0m
  ↳ app/controllers/admin/imports_controller.rb:68:in 'Admin::ImportsController#create_student'
  [1m[36mTRANSACTION (0.1ms)[0m  [1m[35mSAVEPOINT active_record_1 /*action='import_sigaa',application='Camaar',controller='imports'*/[0m
  ↳ app/controllers/admin/imports_controller.rb:68:in 'Admin::ImportsController#create_student'
  [1m[36mUser Exists? (1.3ms)[0m  [1m[34mSELECT 1 AS one FROM "users" WHERE "users"."email" = 'gabrielfaustino99@gmail.com' LIMIT 1 /*action='import_sigaa',application='Camaar',controller='imports'*/[0m
  ↳ app/controllers/admin/imports_controller.rb:68:in 'Admin::ImportsController#create_student'
  [1m[36mUser Exists? (0.1ms)[0m  [1m[34mSELECT 1 AS one FROM "users" WHERE "users"."username" = '190013249' LIMIT 1 /*action='import_sigaa',application='Camaar',controller='imports'*/[0m
  ↳ app/controllers/admin/imports_controller.rb:68:in 'Admin::ImportsController#create_student'
  [1m[36mUser Create (0.2ms)[0m  [1m[32mINSERT INTO "users" ("name", "email", "hash_password", "role", "academic_background", "student_course", "student_enrolment", "professor_departament", "created_at", "updated_at", "username") VALUES ('Gabriel Faustino Lima da Rocha', 'gabrielfaustino99@gmail.com', '$2a$12$sUJ2liEh.tKds8/7VLwxO.TsjFojRUlBixqbGlfFnBxgqE4yxj9Ci', 0, 0, 'CIÊNCIA DA COMPUTAÇÃO/CIC', '190013249', NULL, '2025-07-16 00:31:52.758439', '2025-07-16 00:31:52.758439', '190013249') RETURNING "id" /*action='import_sigaa',application='Camaar',controller='imports'*/[0m
  ↳ app/controllers/admin/imports_controller.rb:68:in 'Admin::ImportsController#create_student'
  [1m[36mTRANSACTION (0.0ms)[0m  [1m[35mRELEASE SAVEPOINT active_record_1 /*action='import_sigaa',application='Camaar',controller='imports'*/[0m
  ↳ app/controllers/admin/imports_controller.rb:68:in 'Admin::ImportsController#create_student'
  [1m[36mUserSubject Load (0.1ms)[0m  [1m[34mSELECT "user_subjects".* FROM "user_subjects" WHERE "user_subjects"."user_id" = 64 AND "user_subjects"."subject_id" = 7 LIMIT 1 /*action='import_sigaa',application='Camaar',controller='imports'*/[0m
  ↳ app/controllers/admin/imports_controller.rb:56:in 'block (2 levels) in Admin::ImportsController#import_participants'
  [1m[36mTRANSACTION (0.0ms)[0m  [1m[35mSAVEPOINT active_record_1 /*action='import_sigaa',application='Camaar',controller='imports'*/[0m
  ↳ app/controllers/admin/imports_controller.rb:56:in 'block (2 levels) in Admin::ImportsController#import_participants'
  [1m[36mUserSubject Create (29.1ms)[0m  [1m[32mINSERT INTO "user_subjects" ("user_id", "subject_id", "created_at", "updated_at") VALUES (64, 7, '2025-07-16 00:31:52.761086', '2025-07-16 00:31:52.761086') RETURNING "id" /*action='import_sigaa',application='Camaar',controller='imports'*/[0m
  ↳ app/controllers/admin/imports_controller.rb:56:in 'block (2 levels) in Admin::ImportsController#import_participants'
  [1m[36mTRANSACTION (0.0ms)[0m  [1m[35mRELEASE SAVEPOINT active_record_1 /*action='import_sigaa',application='Camaar',controller='imports'*/[0m
  ↳ app/controllers/admin/imports_controller.rb:56:in 'block (2 levels) in Admin::ImportsController#import_participants'
  [1m[36mUser Load (0.1ms)[0m  [1m[34mSELECT "users".* FROM "users" WHERE "users"."email" = 'gabriel.ligoski@gmail.com' LIMIT 1 /*action='import_sigaa',application='Camaar',controller='imports'*/[0m
  ↳ app/controllers/admin/imports_controller.rb:68:in 'Admin::ImportsController#create_student'
  [1m[36mTRANSACTION (0.0ms)[0m  [1m[35mSAVEPOINT active_record_1 /*action='import_sigaa',application='Camaar',controller='imports'*/[0m
  ↳ app/controllers/admin/imports_controller.rb:68:in 'Admin::ImportsController#create_student'
  [1m[36mUser Exists? (1.1ms)[0m  [1m[34mSELECT 1 AS one FROM "users" WHERE "users"."email" = 'gabriel.ligoski@gmail.com' LIMIT 1 /*action='import_sigaa',application='Camaar',controller='imports'*/[0m
  ↳ app/controllers/admin/imports_controller.rb:68:in 'Admin::ImportsController#create_student'
  [1m[36mUser Exists? (0.2ms)[0m  [1m[34mSELECT 1 AS one FROM "users" WHERE "users"."username" = '190087498' LIMIT 1 /*action='import_sigaa',application='Camaar',controller='imports'*/[0m
  ↳ app/controllers/admin/imports_controller.rb:68:in 'Admin::ImportsController#create_student'
  [1m[36mUser Create (0.4ms)[0m  [1m[32mINSERT INTO "users" ("name", "email", "hash_password", "role", "academic_background", "student_course", "student_enrolment", "professor_departament", "created_at", "updated_at", "username") VALUES ('Gabriel Ligoski', 'gabriel.ligoski@gmail.com', '$2a$12$p80LKyklJUMrd/31g5yELuC.fpw1h.EsZhcrzbIKccia9h5av8//2', 0, 0, 'CIÊNCIA DA COMPUTAÇÃO/CIC', '190087498', NULL, '2025-07-16 00:31:52.988486', '2025-07-16 00:31:52.988486', '190087498') RETURNING "id" /*action='import_sigaa',application='Camaar',controller='imports'*/[0m
  ↳ app/controllers/admin/imports_controller.rb:68:in 'Admin::ImportsController#create_student'
  [1m[36mTRANSACTION (0.1ms)[0m  [1m[35mRELEASE SAVEPOINT active_record_1 /*action='import_sigaa',application='Camaar',controller='imports'*/[0m
  ↳ app/controllers/admin/imports_controller.rb:68:in 'Admin::ImportsController#create_student'
  [1m[36mUserSubject Load (0.1ms)[0m  [1m[34mSELECT "user_subjects".* FROM "user_subjects" WHERE "user_subjects"."user_id" = 65 AND "user_subjects"."subject_id" = 7 LIMIT 1 /*action='import_sigaa',application='Camaar',controller='imports'*/[0m
  ↳ app/controllers/admin/imports_controller.rb:56:in 'block (2 levels) in Admin::ImportsController#import_participants'
  [1m[36mTRANSACTION (0.0ms)[0m  [1m[35mSAVEPOINT active_record_1 /*action='import_sigaa',application='Camaar',controller='imports'*/[0m
  ↳ app/controllers/admin/imports_controller.rb:56:in 'block (2 levels) in Admin::ImportsController#import_participants'
  [1m[36mUserSubject Create (1.2ms)[0m  [1m[32mINSERT INTO "user_subjects" ("user_id", "subject_id", "created_at", "updated_at") VALUES (65, 7, '2025-07-16 00:31:52.992449', '2025-07-16 00:31:52.992449') RETURNING "id" /*action='import_sigaa',application='Camaar',controller='imports'*/[0m
  ↳ app/controllers/admin/imports_controller.rb:56:in 'block (2 levels) in Admin::ImportsController#import_participants'
  [1m[36mTRANSACTION (0.0ms)[0m  [1m[35mRELEASE SAVEPOINT active_record_1 /*action='import_sigaa',application='Camaar',controller='imports'*/[0m
  ↳ app/controllers/admin/imports_controller.rb:56:in 'block (2 levels) in Admin::ImportsController#import_participants'
  [1m[36mUser Load (0.1ms)[0m  [1m[34mSELECT "users".* FROM "users" WHERE "users"."email" = 'gabrielciriatico@gmail.com' LIMIT 1 /*action='import_sigaa',application='Camaar',controller='imports'*/[0m
  ↳ app/controllers/admin/imports_controller.rb:68:in 'Admin::ImportsController#create_student'
  [1m[36mTRANSACTION (0.0ms)[0m  [1m[35mSAVEPOINT active_record_1 /*action='import_sigaa',application='Camaar',controller='imports'*/[0m
  ↳ app/controllers/admin/imports_controller.rb:68:in 'Admin::ImportsController#create_student'
  [1m[36mUser Exists? (1.4ms)[0m  [1m[34mSELECT 1 AS one FROM "users" WHERE "users"."email" = 'gabrielciriatico@gmail.com' LIMIT 1 /*action='import_sigaa',application='Camaar',controller='imports'*/[0m
  ↳ app/controllers/admin/imports_controller.rb:68:in 'Admin::ImportsController#create_student'
  [1m[36mUser Exists? (0.0ms)[0m  [1m[34mSELECT 1 AS one FROM "users" WHERE "users"."username" = '202033202' LIMIT 1 /*action='import_sigaa',application='Camaar',controller='imports'*/[0m
  ↳ app/controllers/admin/imports_controller.rb:68:in 'Admin::ImportsController#create_student'
  [1m[36mUser Create (0.5ms)[0m  [1m[32mINSERT INTO "users" ("name", "email", "hash_password", "role", "academic_background", "student_course", "student_enrolment", "professor_departament", "created_at", "updated_at", "username") VALUES ('GABRIEL MENDES CIRIATICO GUIMARÃES', 'gabrielciriatico@gmail.com', '$2a$12$dmd18bsqsQ5zUeg9vNTGn.Kuu/aLCMs6jr5y1G4lcPI.T.EHmpfGi', 0, 0, 'CIÊNCIA DA COMPUTAÇÃO/CIC', '202033202', NULL, '2025-07-16 00:31:53.217485', '2025-07-16 00:31:53.217485', '202033202') RETURNING "id" /*action='import_sigaa',application='Camaar',controller='imports'*/[0m
  ↳ app/controllers/admin/imports_controller.rb:68:in 'Admin::ImportsController#create_student'
  [1m[36mTRANSACTION (0.1ms)[0m  [1m[35mRELEASE SAVEPOINT active_record_1 /*action='import_sigaa',application='Camaar',controller='imports'*/[0m
  ↳ app/controllers/admin/imports_controller.rb:68:in 'Admin::ImportsController#create_student'
  [1m[36mUserSubject Load (0.2ms)[0m  [1m[34mSELECT "user_subjects".* FROM "user_subjects" WHERE "user_subjects"."user_id" = 66 AND "user_subjects"."subject_id" = 7 LIMIT 1 /*action='import_sigaa',application='Camaar',controller='imports'*/[0m
  ↳ app/controllers/admin/imports_controller.rb:56:in 'block (2 levels) in Admin::ImportsController#import_participants'
  [1m[36mTRANSACTION (0.0ms)[0m  [1m[35mSAVEPOINT active_record_1 /*action='import_sigaa',application='Camaar',controller='imports'*/[0m
  ↳ app/controllers/admin/imports_controller.rb:56:in 'block (2 levels) in Admin::ImportsController#import_participants'
  [1m[36mUserSubject Create (1.1ms)[0m  [1m[32mINSERT INTO "user_subjects" ("user_id", "subject_id", "created_at", "updated_at") VALUES (66, 7, '2025-07-16 00:31:53.222531', '2025-07-16 00:31:53.222531') RETURNING "id" /*action='import_sigaa',application='Camaar',controller='imports'*/[0m
  ↳ app/controllers/admin/imports_controller.rb:56:in 'block (2 levels) in Admin::ImportsController#import_participants'
  [1m[36mTRANSACTION (0.0ms)[0m  [1m[35mRELEASE SAVEPOINT active_record_1 /*action='import_sigaa',application='Camaar',controller='imports'*/[0m
  ↳ app/controllers/admin/imports_controller.rb:56:in 'block (2 levels) in Admin::ImportsController#import_participants'
  [1m[36mUser Load (0.1ms)[0m  [1m[34mSELECT "users".* FROM "users" WHERE "users"."email" = '190014121@aluno.unb.br' LIMIT 1 /*action='import_sigaa',application='Camaar',controller='imports'*/[0m
  ↳ app/controllers/admin/imports_controller.rb:68:in 'Admin::ImportsController#create_student'
  [1m[36mTRANSACTION (0.0ms)[0m  [1m[35mSAVEPOINT active_record_1 /*action='import_sigaa',application='Camaar',controller='imports'*/[0m
  ↳ app/controllers/admin/imports_controller.rb:68:in 'Admin::ImportsController#create_student'
  [1m[36mUser Exists? (1.1ms)[0m  [1m[34mSELECT 1 AS one FROM "users" WHERE "users"."email" = '190014121@aluno.unb.br' LIMIT 1 /*action='import_sigaa',application='Camaar',controller='imports'*/[0m
  ↳ app/controllers/admin/imports_controller.rb:68:in 'Admin::ImportsController#create_student'
  [1m[36mUser Exists? (24.4ms)[0m  [1m[34mSELECT 1 AS one FROM "users" WHERE "users"."username" = '190014121' LIMIT 1 /*action='import_sigaa',application='Camaar',controller='imports'*/[0m
  ↳ app/controllers/admin/imports_controller.rb:68:in 'Admin::ImportsController#create_student'
  [1m[36mUser Create (0.4ms)[0m  [1m[32mINSERT INTO "users" ("name", "email", "hash_password", "role", "academic_background", "student_course", "student_enrolment", "professor_departament", "created_at", "updated_at", "username") VALUES ('Gustavo Rodrigues dos Santos', '190014121@aluno.unb.br', '$2a$12$T06TDPCismqjwu8huEKM2.HVslUkTYASI0UZkGseY4mhhfvATnbV6', 0, 0, 'CIÊNCIA DA COMPUTAÇÃO/CIC', '190014121', NULL, '2025-07-16 00:31:53.443168', '2025-07-16 00:31:53.443168', '190014121') RETURNING "id" /*action='import_sigaa',application='Camaar',controller='imports'*/[0m
  ↳ app/controllers/admin/imports_controller.rb:68:in 'Admin::ImportsController#create_student'
  [1m[36mTRANSACTION (0.0ms)[0m  [1m[35mRELEASE SAVEPOINT active_record_1 /*action='import_sigaa',application='Camaar',controller='imports'*/[0m
  ↳ app/controllers/admin/imports_controller.rb:68:in 'Admin::ImportsController#create_student'
  [1m[36mUserSubject Load (0.1ms)[0m  [1m[34mSELECT "user_subjects".* FROM "user_subjects" WHERE "user_subjects"."user_id" = 67 AND "user_subjects"."subject_id" = 7 LIMIT 1 /*action='import_sigaa',application='Camaar',controller='imports'*/[0m
  ↳ app/controllers/admin/imports_controller.rb:56:in 'block (2 levels) in Admin::ImportsController#import_participants'
  [1m[36mTRANSACTION (0.0ms)[0m  [1m[35mSAVEPOINT active_record_1 /*action='import_sigaa',application='Camaar',controller='imports'*/[0m
  ↳ app/controllers/admin/imports_controller.rb:56:in 'block (2 levels) in Admin::ImportsController#import_participants'
  [1m[36mUserSubject Create (1.3ms)[0m  [1m[32mINSERT INTO "user_subjects" ("user_id", "subject_id", "created_at", "updated_at") VALUES (67, 7, '2025-07-16 00:31:53.446740', '2025-07-16 00:31:53.446740') RETURNING "id" /*action='import_sigaa',application='Camaar',controller='imports'*/[0m
  ↳ app/controllers/admin/imports_controller.rb:56:in 'block (2 levels) in Admin::ImportsController#import_participants'
  [1m[36mTRANSACTION (0.1ms)[0m  [1m[35mRELEASE SAVEPOINT active_record_1 /*action='import_sigaa',application='Camaar',controller='imports'*/[0m
  ↳ app/controllers/admin/imports_controller.rb:56:in 'block (2 levels) in Admin::ImportsController#import_participants'
  [1m[36mUser Load (0.1ms)[0m  [1m[34mSELECT "users".* FROM "users" WHERE "users"."email" = 'gustavorgualberto@gmail.com' LIMIT 1 /*action='import_sigaa',application='Camaar',controller='imports'*/[0m
  ↳ app/controllers/admin/imports_controller.rb:68:in 'Admin::ImportsController#create_student'
  [1m[36mTRANSACTION (0.1ms)[0m  [1m[35mSAVEPOINT active_record_1 /*action='import_sigaa',application='Camaar',controller='imports'*/[0m
  ↳ app/controllers/admin/imports_controller.rb:68:in 'Admin::ImportsController#create_student'
  [1m[36mUser Exists? (1.4ms)[0m  [1m[34mSELECT 1 AS one FROM "users" WHERE "users"."email" = 'gustavorgualberto@gmail.com' LIMIT 1 /*action='import_sigaa',application='Camaar',controller='imports'*/[0m
  ↳ app/controllers/admin/imports_controller.rb:68:in 'Admin::ImportsController#create_student'
  [1m[36mUser Exists? (0.1ms)[0m  [1m[34mSELECT 1 AS one FROM "users" WHERE "users"."username" = '190108266' LIMIT 1 /*action='import_sigaa',application='Camaar',controller='imports'*/[0m
  ↳ app/controllers/admin/imports_controller.rb:68:in 'Admin::ImportsController#create_student'
  [1m[36mUser Create (0.2ms)[0m  [1m[32mINSERT INTO "users" ("name", "email", "hash_password", "role", "academic_background", "student_course", "student_enrolment", "professor_departament", "created_at", "updated_at", "username") VALUES ('Gustavo Rodrigues Gualberto', 'gustavorgualberto@gmail.com', '$2a$12$.3J.86mIxtzAljcnurDaleVlPtTmKU2dNGgxpGPV07ER2Dd2U9Yy6', 0, 0, 'CIÊNCIA DA COMPUTAÇÃO/CIC', '190108266', NULL, '2025-07-16 00:31:53.648974', '2025-07-16 00:31:53.648974', '190108266') RETURNING "id" /*action='import_sigaa',application='Camaar',controller='imports'*/[0m
  ↳ app/controllers/admin/imports_controller.rb:68:in 'Admin::ImportsController#create_student'
  [1m[36mTRANSACTION (0.0ms)[0m  [1m[35mRELEASE SAVEPOINT active_record_1 /*action='import_sigaa',application='Camaar',controller='imports'*/[0m
  ↳ app/controllers/admin/imports_controller.rb:68:in 'Admin::ImportsController#create_student'
  [1m[36mUserSubject Load (0.2ms)[0m  [1m[34mSELECT "user_subjects".* FROM "user_subjects" WHERE "user_subjects"."user_id" = 68 AND "user_subjects"."subject_id" = 7 LIMIT 1 /*action='import_sigaa',application='Camaar',controller='imports'*/[0m
  ↳ app/controllers/admin/imports_controller.rb:56:in 'block (2 levels) in Admin::ImportsController#import_participants'
  [1m[36mTRANSACTION (0.0ms)[0m  [1m[35mSAVEPOINT active_record_1 /*action='import_sigaa',application='Camaar',controller='imports'*/[0m
  ↳ app/controllers/admin/imports_controller.rb:56:in 'block (2 levels) in Admin::ImportsController#import_participants'
  [1m[36mUserSubject Create (1.3ms)[0m  [1m[32mINSERT INTO "user_subjects" ("user_id", "subject_id", "created_at", "updated_at") VALUES (68, 7, '2025-07-16 00:31:53.674165', '2025-07-16 00:31:53.674165') RETURNING "id" /*action='import_sigaa',application='Camaar',controller='imports'*/[0m
  ↳ app/controllers/admin/imports_controller.rb:56:in 'block (2 levels) in Admin::ImportsController#import_participants'
  [1m[36mTRANSACTION (0.0ms)[0m  [1m[35mRELEASE SAVEPOINT active_record_1 /*action='import_sigaa',application='Camaar',controller='imports'*/[0m
  ↳ app/controllers/admin/imports_controller.rb:56:in 'block (2 levels) in Admin::ImportsController#import_participants'
  [1m[36mUser Load (0.1ms)[0m  [1m[34mSELECT "users".* FROM "users" WHERE "users"."email" = 'igordavid13@gmail.com' LIMIT 1 /*action='import_sigaa',application='Camaar',controller='imports'*/[0m
  ↳ app/controllers/admin/imports_controller.rb:68:in 'Admin::ImportsController#create_student'
  [1m[36mTRANSACTION (0.0ms)[0m  [1m[35mSAVEPOINT active_record_1 /*action='import_sigaa',application='Camaar',controller='imports'*/[0m
  ↳ app/controllers/admin/imports_controller.rb:68:in 'Admin::ImportsController#create_student'
  [1m[36mUser Exists? (2.2ms)[0m  [1m[34mSELECT 1 AS one FROM "users" WHERE "users"."email" = 'igordavid13@gmail.com' LIMIT 1 /*action='import_sigaa',application='Camaar',controller='imports'*/[0m
  ↳ app/controllers/admin/imports_controller.rb:68:in 'Admin::ImportsController#create_student'
  [1m[36mUser Exists? (0.2ms)[0m  [1m[34mSELECT 1 AS one FROM "users" WHERE "users"."username" = '180102141' LIMIT 1 /*action='import_sigaa',application='Camaar',controller='imports'*/[0m
  ↳ app/controllers/admin/imports_controller.rb:68:in 'Admin::ImportsController#create_student'
  [1m[36mUser Create (0.2ms)[0m  [1m[32mINSERT INTO "users" ("name", "email", "hash_password", "role", "academic_background", "student_course", "student_enrolment", "professor_departament", "created_at", "updated_at", "username") VALUES ('Igor David Morais', 'igordavid13@gmail.com', '$2a$12$MpbnzVkWmRShC9LIHobpWuh9kYQfqWYhfDwmPc3Dtk1OstXFQuNUi', 0, 0, 'ENGENHARIA MECATRÔNICA - CONTROLE E AUTOMAÇÃO/FTD', '180102141', NULL, '2025-07-16 00:31:53.875340', '2025-07-16 00:31:53.875340', '180102141') RETURNING "id" /*action='import_sigaa',application='Camaar',controller='imports'*/[0m
  ↳ app/controllers/admin/imports_controller.rb:68:in 'Admin::ImportsController#create_student'
  [1m[36mTRANSACTION (0.0ms)[0m  [1m[35mRELEASE SAVEPOINT active_record_1 /*action='import_sigaa',application='Camaar',controller='imports'*/[0m
  ↳ app/controllers/admin/imports_controller.rb:68:in 'Admin::ImportsController#create_student'
  [1m[36mUserSubject Load (0.1ms)[0m  [1m[34mSELECT "user_subjects".* FROM "user_subjects" WHERE "user_subjects"."user_id" = 69 AND "user_subjects"."subject_id" = 7 LIMIT 1 /*action='import_sigaa',application='Camaar',controller='imports'*/[0m
  ↳ app/controllers/admin/imports_controller.rb:56:in 'block (2 levels) in Admin::ImportsController#import_participants'
  [1m[36mTRANSACTION (0.0ms)[0m  [1m[35mSAVEPOINT active_record_1 /*action='import_sigaa',application='Camaar',controller='imports'*/[0m
  ↳ app/controllers/admin/imports_controller.rb:56:in 'block (2 levels) in Admin::ImportsController#import_participants'
  [1m[36mUserSubject Create (20.3ms)[0m  [1m[32mINSERT INTO "user_subjects" ("user_id", "subject_id", "created_at", "updated_at") VALUES (69, 7, '2025-07-16 00:31:53.878823', '2025-07-16 00:31:53.878823') RETURNING "id" /*action='import_sigaa',application='Camaar',controller='imports'*/[0m
  ↳ app/controllers/admin/imports_controller.rb:56:in 'block (2 levels) in Admin::ImportsController#import_participants'
  [1m[36mTRANSACTION (0.1ms)[0m  [1m[35mRELEASE SAVEPOINT active_record_1 /*action='import_sigaa',application='Camaar',controller='imports'*/[0m
  ↳ app/controllers/admin/imports_controller.rb:56:in 'block (2 levels) in Admin::ImportsController#import_participants'
  [1m[36mUser Load (0.1ms)[0m  [1m[34mSELECT "users".* FROM "users" WHERE "users"."email" = 'ndaffte@gmail.com' LIMIT 1 /*action='import_sigaa',application='Camaar',controller='imports'*/[0m
  ↳ app/controllers/admin/imports_controller.rb:68:in 'Admin::ImportsController#create_student'
  [1m[36mTRANSACTION (0.0ms)[0m  [1m[35mSAVEPOINT active_record_1 /*action='import_sigaa',application='Camaar',controller='imports'*/[0m
  ↳ app/controllers/admin/imports_controller.rb:68:in 'Admin::ImportsController#create_student'
  [1m[36mUser Exists? (1.3ms)[0m  [1m[34mSELECT 1 AS one FROM "users" WHERE "users"."email" = 'ndaffte@gmail.com' LIMIT 1 /*action='import_sigaa',application='Camaar',controller='imports'*/[0m
  ↳ app/controllers/admin/imports_controller.rb:68:in 'Admin::ImportsController#create_student'
  [1m[36mUser Exists? (0.1ms)[0m  [1m[34mSELECT 1 AS one FROM "users" WHERE "users"."username" = '180057570' LIMIT 1 /*action='import_sigaa',application='Camaar',controller='imports'*/[0m
  ↳ app/controllers/admin/imports_controller.rb:68:in 'Admin::ImportsController#create_student'
  [1m[36mUser Create (0.2ms)[0m  [1m[32mINSERT INTO "users" ("name", "email", "hash_password", "role", "academic_background", "student_course", "student_enrolment", "professor_departament", "created_at", "updated_at", "username") VALUES ('Jefte Augusto Gomes Batista', 'ndaffte@gmail.com', '$2a$12$oWDuziWQOyPHHOHIPFeWtOYwKxwLnW/U7uO2SZoy.0N.KEtNvet0y', 0, 0, 'CIÊNCIA DA COMPUTAÇÃO/CIC', '180057570', NULL, '2025-07-16 00:31:54.103393', '2025-07-16 00:31:54.103393', '180057570') RETURNING "id" /*action='import_sigaa',application='Camaar',controller='imports'*/[0m
  ↳ app/controllers/admin/imports_controller.rb:68:in 'Admin::ImportsController#create_student'
  [1m[36mTRANSACTION (0.1ms)[0m  [1m[35mRELEASE SAVEPOINT active_record_1 /*action='import_sigaa',application='Camaar',controller='imports'*/[0m
  ↳ app/controllers/admin/imports_controller.rb:68:in 'Admin::ImportsController#create_student'
  [1m[36mUserSubject Load (0.2ms)[0m  [1m[34mSELECT "user_subjects".* FROM "user_subjects" WHERE "user_subjects"."user_id" = 70 AND "user_subjects"."subject_id" = 7 LIMIT 1 /*action='import_sigaa',application='Camaar',controller='imports'*/[0m
  ↳ app/controllers/admin/imports_controller.rb:56:in 'block (2 levels) in Admin::ImportsController#import_participants'
  [1m[36mTRANSACTION (0.0ms)[0m  [1m[35mSAVEPOINT active_record_1 /*action='import_sigaa',application='Camaar',controller='imports'*/[0m
  ↳ app/controllers/admin/imports_controller.rb:56:in 'block (2 levels) in Admin::ImportsController#import_participants'
  [1m[36mUserSubject Create (1.1ms)[0m  [1m[32mINSERT INTO "user_subjects" ("user_id", "subject_id", "created_at", "updated_at") VALUES (70, 7, '2025-07-16 00:31:54.107388', '2025-07-16 00:31:54.107388') RETURNING "id" /*action='import_sigaa',application='Camaar',controller='imports'*/[0m
  ↳ app/controllers/admin/imports_controller.rb:56:in 'block (2 levels) in Admin::ImportsController#import_participants'
  [1m[36mTRANSACTION (0.0ms)[0m  [1m[35mRELEASE SAVEPOINT active_record_1 /*action='import_sigaa',application='Camaar',controller='imports'*/[0m
  ↳ app/controllers/admin/imports_controller.rb:56:in 'block (2 levels) in Admin::ImportsController#import_participants'
  [1m[36mUser Load (0.1ms)[0m  [1m[34mSELECT "users".* FROM "users" WHERE "users"."email" = 'karolinasouza@outlook.com' LIMIT 1 /*action='import_sigaa',application='Camaar',controller='imports'*/[0m
  ↳ app/controllers/admin/imports_controller.rb:68:in 'Admin::ImportsController#create_student'
  [1m[36mTRANSACTION (0.0ms)[0m  [1m[35mSAVEPOINT active_record_1 /*action='import_sigaa',application='Camaar',controller='imports'*/[0m
  ↳ app/controllers/admin/imports_controller.rb:68:in 'Admin::ImportsController#create_student'
  [1m[36mUser Exists? (1.2ms)[0m  [1m[34mSELECT 1 AS one FROM "users" WHERE "users"."email" = 'karolinasouza@outlook.com' LIMIT 1 /*action='import_sigaa',application='Camaar',controller='imports'*/[0m
  ↳ app/controllers/admin/imports_controller.rb:68:in 'Admin::ImportsController#create_student'
  [1m[36mUser Exists? (0.0ms)[0m  [1m[34mSELECT 1 AS one FROM "users" WHERE "users"."username" = '190046791' LIMIT 1 /*action='import_sigaa',application='Camaar',controller='imports'*/[0m
  ↳ app/controllers/admin/imports_controller.rb:68:in 'Admin::ImportsController#create_student'
  [1m[36mUser Create (0.6ms)[0m  [1m[32mINSERT INTO "users" ("name", "email", "hash_password", "role", "academic_background", "student_course", "student_enrolment", "professor_departament", "created_at", "updated_at", "username") VALUES ('Karolina de Souza Silva', 'karolinasouza@outlook.com', '$2a$12$ZNyAbZ9VyphOn1GYUddtjuRoKVFU5YeoRZdCHQ96E/iHWSB5BBHJC', 0, 0, 'ENGENHARIA DE COMPUTAÇÃO/CIC', '190046791', NULL, '2025-07-16 00:31:54.328635', '2025-07-16 00:31:54.328635', '190046791') RETURNING "id" /*action='import_sigaa',application='Camaar',controller='imports'*/[0m
  ↳ app/controllers/admin/imports_controller.rb:68:in 'Admin::ImportsController#create_student'
  [1m[36mTRANSACTION (0.0ms)[0m  [1m[35mRELEASE SAVEPOINT active_record_1 /*action='import_sigaa',application='Camaar',controller='imports'*/[0m
  ↳ app/controllers/admin/imports_controller.rb:68:in 'Admin::ImportsController#create_student'
  [1m[36mUserSubject Load (0.1ms)[0m  [1m[34mSELECT "user_subjects".* FROM "user_subjects" WHERE "user_subjects"."user_id" = 71 AND "user_subjects"."subject_id" = 7 LIMIT 1 /*action='import_sigaa',application='Camaar',controller='imports'*/[0m
  ↳ app/controllers/admin/imports_controller.rb:56:in 'block (2 levels) in Admin::ImportsController#import_participants'
  [1m[36mTRANSACTION (0.0ms)[0m  [1m[35mSAVEPOINT active_record_1 /*action='import_sigaa',application='Camaar',controller='imports'*/[0m
  ↳ app/controllers/admin/imports_controller.rb:56:in 'block (2 levels) in Admin::ImportsController#import_participants'
  [1m[36mUserSubject Create (1.4ms)[0m  [1m[32mINSERT INTO "user_subjects" ("user_id", "subject_id", "created_at", "updated_at") VALUES (71, 7, '2025-07-16 00:31:54.332345', '2025-07-16 00:31:54.332345') RETURNING "id" /*action='import_sigaa',application='Camaar',controller='imports'*/[0m
  ↳ app/controllers/admin/imports_controller.rb:56:in 'block (2 levels) in Admin::ImportsController#import_participants'
  [1m[36mTRANSACTION (0.0ms)[0m  [1m[35mRELEASE SAVEPOINT active_record_1 /*action='import_sigaa',application='Camaar',controller='imports'*/[0m
  ↳ app/controllers/admin/imports_controller.rb:56:in 'block (2 levels) in Admin::ImportsController#import_participants'
  [1m[36mUser Load (0.1ms)[0m  [1m[34mSELECT "users".* FROM "users" WHERE "users"."email" = 'kleberrjr7@gmail.com' LIMIT 1 /*action='import_sigaa',application='Camaar',controller='imports'*/[0m
  ↳ app/controllers/admin/imports_controller.rb:68:in 'Admin::ImportsController#create_student'
  [1m[36mTRANSACTION (0.0ms)[0m  [1m[35mSAVEPOINT active_record_1 /*action='import_sigaa',application='Camaar',controller='imports'*/[0m
  ↳ app/controllers/admin/imports_controller.rb:68:in 'Admin::ImportsController#create_student'
  [1m[36mUser Exists? (1.6ms)[0m  [1m[34mSELECT 1 AS one FROM "users" WHERE "users"."email" = 'kleberrjr7@gmail.com' LIMIT 1 /*action='import_sigaa',application='Camaar',controller='imports'*/[0m
  ↳ app/controllers/admin/imports_controller.rb:68:in 'Admin::ImportsController#create_student'
  [1m[36mUser Exists? (0.1ms)[0m  [1m[34mSELECT 1 AS one FROM "users" WHERE "users"."username" = '200053680' LIMIT 1 /*action='import_sigaa',application='Camaar',controller='imports'*/[0m
  ↳ app/controllers/admin/imports_controller.rb:68:in 'Admin::ImportsController#create_student'
  [1m[36mUser Create (0.2ms)[0m  [1m[32mINSERT INTO "users" ("name", "email", "hash_password", "role", "academic_background", "student_course", "student_enrolment", "professor_departament", "created_at", "updated_at", "username") VALUES ('Kléber Rodrigues da Costa Júnior', 'kleberrjr7@gmail.com', '$2a$12$ErB39sH4BBkElaXfSmNbDOsZejp/lV4o4Phe4YH.pXiWKQD7Y1EaC', 0, 0, 'CIÊNCIA DA COMPUTAÇÃO/CIC', '200053680', NULL, '2025-07-16 00:31:54.539064', '2025-07-16 00:31:54.539064', '200053680') RETURNING "id" /*action='import_sigaa',application='Camaar',controller='imports'*/[0m
  ↳ app/controllers/admin/imports_controller.rb:68:in 'Admin::ImportsController#create_student'
  [1m[36mTRANSACTION (0.1ms)[0m  [1m[35mRELEASE SAVEPOINT active_record_1 /*action='import_sigaa',application='Camaar',controller='imports'*/[0m
  ↳ app/controllers/admin/imports_controller.rb:68:in 'Admin::ImportsController#create_student'
  [1m[36mUserSubject Load (0.3ms)[0m  [1m[34mSELECT "user_subjects".* FROM "user_subjects" WHERE "user_subjects"."user_id" = 72 AND "user_subjects"."subject_id" = 7 LIMIT 1 /*action='import_sigaa',application='Camaar',controller='imports'*/[0m
  ↳ app/controllers/admin/imports_controller.rb:56:in 'block (2 levels) in Admin::ImportsController#import_participants'
  [1m[36mTRANSACTION (0.0ms)[0m  [1m[35mSAVEPOINT active_record_1 /*action='import_sigaa',application='Camaar',controller='imports'*/[0m
  ↳ app/controllers/admin/imports_controller.rb:56:in 'block (2 levels) in Admin::ImportsController#import_participants'
  [1m[36mUserSubject Create (1.4ms)[0m  [1m[32mINSERT INTO "user_subjects" ("user_id", "subject_id", "created_at", "updated_at") VALUES (72, 7, '2025-07-16 00:31:54.544130', '2025-07-16 00:31:54.544130') RETURNING "id" /*action='import_sigaa',application='Camaar',controller='imports'*/[0m
  ↳ app/controllers/admin/imports_controller.rb:56:in 'block (2 levels) in Admin::ImportsController#import_participants'
  [1m[36mTRANSACTION (0.0ms)[0m  [1m[35mRELEASE SAVEPOINT active_record_1 /*action='import_sigaa',application='Camaar',controller='imports'*/[0m
  ↳ app/controllers/admin/imports_controller.rb:56:in 'block (2 levels) in Admin::ImportsController#import_participants'
  [1m[36mUser Load (0.1ms)[0m  [1m[34mSELECT "users".* FROM "users" WHERE "users"."email" = 'barbadluca@gmail.com' LIMIT 1 /*action='import_sigaa',application='Camaar',controller='imports'*/[0m
  ↳ app/controllers/admin/imports_controller.rb:68:in 'Admin::ImportsController#create_student'
  [1m[36mTRANSACTION (0.0ms)[0m  [1m[35mSAVEPOINT active_record_1 /*action='import_sigaa',application='Camaar',controller='imports'*/[0m
  ↳ app/controllers/admin/imports_controller.rb:68:in 'Admin::ImportsController#create_student'
  [1m[36mUser Exists? (1.6ms)[0m  [1m[34mSELECT 1 AS one FROM "users" WHERE "users"."email" = 'barbadluca@gmail.com' LIMIT 1 /*action='import_sigaa',application='Camaar',controller='imports'*/[0m
  ↳ app/controllers/admin/imports_controller.rb:68:in 'Admin::ImportsController#create_student'
  [1m[36mUser Exists? (0.1ms)[0m  [1m[34mSELECT 1 AS one FROM "users" WHERE "users"."username" = '180125559' LIMIT 1 /*action='import_sigaa',application='Camaar',controller='imports'*/[0m
  ↳ app/controllers/admin/imports_controller.rb:68:in 'Admin::ImportsController#create_student'
  [1m[36mUser Create (0.2ms)[0m  [1m[32mINSERT INTO "users" ("name", "email", "hash_password", "role", "academic_background", "student_course", "student_enrolment", "professor_departament", "created_at", "updated_at", "username") VALUES ('Luca Delpino Barbabella', 'barbadluca@gmail.com', '$2a$12$HqDXEMv1pAiMdgKVjDVEWeMbldZov85pC7D1Erl1PSLiLpxSzH0Km', 0, 0, 'CIÊNCIA DA COMPUTAÇÃO/CIC', '180125559', NULL, '2025-07-16 00:31:54.752394', '2025-07-16 00:31:54.752394', '180125559') RETURNING "id" /*action='import_sigaa',application='Camaar',controller='imports'*/[0m
  ↳ app/controllers/admin/imports_controller.rb:68:in 'Admin::ImportsController#create_student'
  [1m[36mTRANSACTION (0.1ms)[0m  [1m[35mRELEASE SAVEPOINT active_record_1 /*action='import_sigaa',application='Camaar',controller='imports'*/[0m
  ↳ app/controllers/admin/imports_controller.rb:68:in 'Admin::ImportsController#create_student'
  [1m[36mUserSubject Load (0.2ms)[0m  [1m[34mSELECT "user_subjects".* FROM "user_subjects" WHERE "user_subjects"."user_id" = 73 AND "user_subjects"."subject_id" = 7 LIMIT 1 /*action='import_sigaa',application='Camaar',controller='imports'*/[0m
  ↳ app/controllers/admin/imports_controller.rb:56:in 'block (2 levels) in Admin::ImportsController#import_participants'
  [1m[36mTRANSACTION (0.1ms)[0m  [1m[35mSAVEPOINT active_record_1 /*action='import_sigaa',application='Camaar',controller='imports'*/[0m
  ↳ app/controllers/admin/imports_controller.rb:56:in 'block (2 levels) in Admin::ImportsController#import_participants'
  [1m[36mUserSubject Create (2.2ms)[0m  [1m[32mINSERT INTO "user_subjects" ("user_id", "subject_id", "created_at", "updated_at") VALUES (73, 7, '2025-07-16 00:31:54.764841', '2025-07-16 00:31:54.764841') RETURNING "id" /*action='import_sigaa',application='Camaar',controller='imports'*/[0m
  ↳ app/controllers/admin/imports_controller.rb:56:in 'block (2 levels) in Admin::ImportsController#import_participants'
  [1m[36mTRANSACTION (0.0ms)[0m  [1m[35mRELEASE SAVEPOINT active_record_1 /*action='import_sigaa',application='Camaar',controller='imports'*/[0m
  ↳ app/controllers/admin/imports_controller.rb:56:in 'block (2 levels) in Admin::ImportsController#import_participants'
  [1m[36mUser Load (0.1ms)[0m  [1m[34mSELECT "users".* FROM "users" WHERE "users"."email" = 'lucasaafaria@gmail.com' LIMIT 1 /*action='import_sigaa',application='Camaar',controller='imports'*/[0m
  ↳ app/controllers/admin/imports_controller.rb:68:in 'Admin::ImportsController#create_student'
  [1m[36mTRANSACTION (0.0ms)[0m  [1m[35mSAVEPOINT active_record_1 /*action='import_sigaa',application='Camaar',controller='imports'*/[0m
  ↳ app/controllers/admin/imports_controller.rb:68:in 'Admin::ImportsController#create_student'
  [1m[36mUser Exists? (1.2ms)[0m  [1m[34mSELECT 1 AS one FROM "users" WHERE "users"."email" = 'lucasaafaria@gmail.com' LIMIT 1 /*action='import_sigaa',application='Camaar',controller='imports'*/[0m
  ↳ app/controllers/admin/imports_controller.rb:68:in 'Admin::ImportsController#create_student'
  [1m[36mUser Exists? (0.1ms)[0m  [1m[34mSELECT 1 AS one FROM "users" WHERE "users"."username" = '170016668' LIMIT 1 /*action='import_sigaa',application='Camaar',controller='imports'*/[0m
  ↳ app/controllers/admin/imports_controller.rb:68:in 'Admin::ImportsController#create_student'
  [1m[36mUser Create (0.2ms)[0m  [1m[32mINSERT INTO "users" ("name", "email", "hash_password", "role", "academic_background", "student_course", "student_enrolment", "professor_departament", "created_at", "updated_at", "username") VALUES ('Lucas de Almeida Abreu Faria', 'lucasaafaria@gmail.com', '$2a$12$5QTWDFeNJneSZ3nl1RMEzOlttUh6W0kM/STz0PTpA.h02dNuGg/h2', 0, 0, 'CIÊNCIA DA COMPUTAÇÃO/CIC', '170016668', NULL, '2025-07-16 00:31:54.968191', '2025-07-16 00:31:54.968191', '170016668') RETURNING "id" /*action='import_sigaa',application='Camaar',controller='imports'*/[0m
  ↳ app/controllers/admin/imports_controller.rb:68:in 'Admin::ImportsController#create_student'
  [1m[36mTRANSACTION (0.0ms)[0m  [1m[35mRELEASE SAVEPOINT active_record_1 /*action='import_sigaa',application='Camaar',controller='imports'*/[0m
  ↳ app/controllers/admin/imports_controller.rb:68:in 'Admin::ImportsController#create_student'
  [1m[36mUserSubject Load (0.1ms)[0m  [1m[34mSELECT "user_subjects".* FROM "user_subjects" WHERE "user_subjects"."user_id" = 74 AND "user_subjects"."subject_id" = 7 LIMIT 1 /*action='import_sigaa',application='Camaar',controller='imports'*/[0m
  ↳ app/controllers/admin/imports_controller.rb:56:in 'block (2 levels) in Admin::ImportsController#import_participants'
  [1m[36mTRANSACTION (0.1ms)[0m  [1m[35mSAVEPOINT active_record_1 /*action='import_sigaa',application='Camaar',controller='imports'*/[0m
  ↳ app/controllers/admin/imports_controller.rb:56:in 'block (2 levels) in Admin::ImportsController#import_participants'
  [1m[36mUserSubject Create (5.7ms)[0m  [1m[32mINSERT INTO "user_subjects" ("user_id", "subject_id", "created_at", "updated_at") VALUES (74, 7, '2025-07-16 00:31:54.971171', '2025-07-16 00:31:54.971171') RETURNING "id" /*action='import_sigaa',application='Camaar',controller='imports'*/[0m
  ↳ app/controllers/admin/imports_controller.rb:56:in 'block (2 levels) in Admin::ImportsController#import_participants'
  [1m[36mTRANSACTION (0.0ms)[0m  [1m[35mRELEASE SAVEPOINT active_record_1 /*action='import_sigaa',application='Camaar',controller='imports'*/[0m
  ↳ app/controllers/admin/imports_controller.rb:56:in 'block (2 levels) in Admin::ImportsController#import_participants'
  [1m[36mUser Load (0.1ms)[0m  [1m[34mSELECT "users".* FROM "users" WHERE "users"."email" = 'lucasramalho29@gmail.com' LIMIT 1 /*action='import_sigaa',application='Camaar',controller='imports'*/[0m
  ↳ app/controllers/admin/imports_controller.rb:68:in 'Admin::ImportsController#create_student'
  [1m[36mTRANSACTION (0.0ms)[0m  [1m[35mSAVEPOINT active_record_1 /*action='import_sigaa',application='Camaar',controller='imports'*/[0m
  ↳ app/controllers/admin/imports_controller.rb:68:in 'Admin::ImportsController#create_student'
  [1m[36mUser Exists? (1.6ms)[0m  [1m[34mSELECT 1 AS one FROM "users" WHERE "users"."email" = 'lucasramalho29@gmail.com' LIMIT 1 /*action='import_sigaa',application='Camaar',controller='imports'*/[0m
  ↳ app/controllers/admin/imports_controller.rb:68:in 'Admin::ImportsController#create_student'
  [1m[36mUser Exists? (0.1ms)[0m  [1m[34mSELECT 1 AS one FROM "users" WHERE "users"."username" = '190098091' LIMIT 1 /*action='import_sigaa',application='Camaar',controller='imports'*/[0m
  ↳ app/controllers/admin/imports_controller.rb:68:in 'Admin::ImportsController#create_student'
  [1m[36mUser Create (0.2ms)[0m  [1m[32mINSERT INTO "users" ("name", "email", "hash_password", "role", "academic_background", "student_course", "student_enrolment", "professor_departament", "created_at", "updated_at", "username") VALUES ('Lucas Gonçalves Ramalho', 'lucasramalho29@gmail.com', '$2a$12$t2Y1Rufb/AZ9eBpnRJLr0.07pTbeIm0HnFIUbjlzrI3fnjgoohh/W', 0, 0, 'CIÊNCIA DA COMPUTAÇÃO/CIC', '190098091', NULL, '2025-07-16 00:31:55.175967', '2025-07-16 00:31:55.175967', '190098091') RETURNING "id" /*action='import_sigaa',application='Camaar',controller='imports'*/[0m
  ↳ app/controllers/admin/imports_controller.rb:68:in 'Admin::ImportsController#create_student'
  [1m[36mTRANSACTION (0.0ms)[0m  [1m[35mRELEASE SAVEPOINT active_record_1 /*action='import_sigaa',application='Camaar',controller='imports'*/[0m
  ↳ app/controllers/admin/imports_controller.rb:68:in 'Admin::ImportsController#create_student'
  [1m[36mUserSubject Load (0.1ms)[0m  [1m[34mSELECT "user_subjects".* FROM "user_subjects" WHERE "user_subjects"."user_id" = 75 AND "user_subjects"."subject_id" = 7 LIMIT 1 /*action='import_sigaa',application='Camaar',controller='imports'*/[0m
  ↳ app/controllers/admin/imports_controller.rb:56:in 'block (2 levels) in Admin::ImportsController#import_participants'
  [1m[36mTRANSACTION (0.0ms)[0m  [1m[35mSAVEPOINT active_record_1 /*action='import_sigaa',application='Camaar',controller='imports'*/[0m
  ↳ app/controllers/admin/imports_controller.rb:56:in 'block (2 levels) in Admin::ImportsController#import_participants'
  [1m[36mUserSubject Create (1.2ms)[0m  [1m[32mINSERT INTO "user_subjects" ("user_id", "subject_id", "created_at", "updated_at") VALUES (75, 7, '2025-07-16 00:31:55.179172', '2025-07-16 00:31:55.179172') RETURNING "id" /*action='import_sigaa',application='Camaar',controller='imports'*/[0m
  ↳ app/controllers/admin/imports_controller.rb:56:in 'block (2 levels) in Admin::ImportsController#import_participants'
  [1m[36mTRANSACTION (0.0ms)[0m  [1m[35mRELEASE SAVEPOINT active_record_1 /*action='import_sigaa',application='Camaar',controller='imports'*/[0m
  ↳ app/controllers/admin/imports_controller.rb:56:in 'block (2 levels) in Admin::ImportsController#import_participants'
  [1m[36mUser Load (0.1ms)[0m  [1m[34mSELECT "users".* FROM "users" WHERE "users"."email" = 'luquinha_miranda@hotmail.com' LIMIT 1 /*action='import_sigaa',application='Camaar',controller='imports'*/[0m
  ↳ app/controllers/admin/imports_controller.rb:68:in 'Admin::ImportsController#create_student'
  [1m[36mTRANSACTION (0.1ms)[0m  [1m[35mSAVEPOINT active_record_1 /*action='import_sigaa',application='Camaar',controller='imports'*/[0m
  ↳ app/controllers/admin/imports_controller.rb:68:in 'Admin::ImportsController#create_student'
  [1m[36mUser Exists? (1.3ms)[0m  [1m[34mSELECT 1 AS one FROM "users" WHERE "users"."email" = 'luquinha_miranda@hotmail.com' LIMIT 1 /*action='import_sigaa',application='Camaar',controller='imports'*/[0m
  ↳ app/controllers/admin/imports_controller.rb:68:in 'Admin::ImportsController#create_student'
  [1m[36mUser Exists? (0.1ms)[0m  [1m[34mSELECT 1 AS one FROM "users" WHERE "users"."username" = '170149684' LIMIT 1 /*action='import_sigaa',application='Camaar',controller='imports'*/[0m
  ↳ app/controllers/admin/imports_controller.rb:68:in 'Admin::ImportsController#create_student'
  [1m[36mUser Create (0.3ms)[0m  [1m[32mINSERT INTO "users" ("name", "email", "hash_password", "role", "academic_background", "student_course", "student_enrolment", "professor_departament", "created_at", "updated_at", "username") VALUES ('Lucas Monteiro Miranda', 'luquinha_miranda@hotmail.com', '$2a$12$Kb8UeAKNYMTowHQ.FxJRCOabRlsn6t8NDolEkS65YfgPZt6nkPPLG', 0, 0, 'ENGENHARIA MECATRÔNICA - CONTROLE E AUTOMAÇÃO/FTD', '170149684', NULL, '2025-07-16 00:31:55.384240', '2025-07-16 00:31:55.384240', '170149684') RETURNING "id" /*action='import_sigaa',application='Camaar',controller='imports'*/[0m
  ↳ app/controllers/admin/imports_controller.rb:68:in 'Admin::ImportsController#create_student'
  [1m[36mTRANSACTION (0.1ms)[0m  [1m[35mRELEASE SAVEPOINT active_record_1 /*action='import_sigaa',application='Camaar',controller='imports'*/[0m
  ↳ app/controllers/admin/imports_controller.rb:68:in 'Admin::ImportsController#create_student'
  [1m[36mUserSubject Load (0.1ms)[0m  [1m[34mSELECT "user_subjects".* FROM "user_subjects" WHERE "user_subjects"."user_id" = 76 AND "user_subjects"."subject_id" = 7 LIMIT 1 /*action='import_sigaa',application='Camaar',controller='imports'*/[0m
  ↳ app/controllers/admin/imports_controller.rb:56:in 'block (2 levels) in Admin::ImportsController#import_participants'
  [1m[36mTRANSACTION (0.0ms)[0m  [1m[35mSAVEPOINT active_record_1 /*action='import_sigaa',application='Camaar',controller='imports'*/[0m
  ↳ app/controllers/admin/imports_controller.rb:56:in 'block (2 levels) in Admin::ImportsController#import_participants'
  [1m[36mUserSubject Create (1.3ms)[0m  [1m[32mINSERT INTO "user_subjects" ("user_id", "subject_id", "created_at", "updated_at") VALUES (76, 7, '2025-07-16 00:31:55.389216', '2025-07-16 00:31:55.389216') RETURNING "id" /*action='import_sigaa',application='Camaar',controller='imports'*/[0m
  ↳ app/controllers/admin/imports_controller.rb:56:in 'block (2 levels) in Admin::ImportsController#import_participants'
  [1m[36mTRANSACTION (0.1ms)[0m  [1m[35mRELEASE SAVEPOINT active_record_1 /*action='import_sigaa',application='Camaar',controller='imports'*/[0m
  ↳ app/controllers/admin/imports_controller.rb:56:in 'block (2 levels) in Admin::ImportsController#import_participants'
  [1m[36mUser Load (0.1ms)[0m  [1m[34mSELECT "users".* FROM "users" WHERE "users"."email" = '180144421@aluno.unb.br' LIMIT 1 /*action='import_sigaa',application='Camaar',controller='imports'*/[0m
  ↳ app/controllers/admin/imports_controller.rb:68:in 'Admin::ImportsController#create_student'
  [1m[36mTRANSACTION (0.0ms)[0m  [1m[35mSAVEPOINT active_record_1 /*action='import_sigaa',application='Camaar',controller='imports'*/[0m
  ↳ app/controllers/admin/imports_controller.rb:68:in 'Admin::ImportsController#create_student'
  [1m[36mUser Exists? (0.9ms)[0m  [1m[34mSELECT 1 AS one FROM "users" WHERE "users"."email" = '180144421@aluno.unb.br' LIMIT 1 /*action='import_sigaa',application='Camaar',controller='imports'*/[0m
  ↳ app/controllers/admin/imports_controller.rb:68:in 'Admin::ImportsController#create_student'
  [1m[36mUser Exists? (0.1ms)[0m  [1m[34mSELECT 1 AS one FROM "users" WHERE "users"."username" = '180144421' LIMIT 1 /*action='import_sigaa',application='Camaar',controller='imports'*/[0m
  ↳ app/controllers/admin/imports_controller.rb:68:in 'Admin::ImportsController#create_student'
  [1m[36mUser Create (0.1ms)[0m  [1m[32mINSERT INTO "users" ("name", "email", "hash_password", "role", "academic_background", "student_course", "student_enrolment", "professor_departament", "created_at", "updated_at", "username") VALUES ('Lucas Resende Silveira Reis', '180144421@aluno.unb.br', '$2a$12$B2krdrHoSMDn76ApABArX.hRpdjN1nXaHDLOIytGKAj94/AwK85YO', 0, 0, 'CIÊNCIA DA COMPUTAÇÃO/CIC', '180144421', NULL, '2025-07-16 00:31:55.594446', '2025-07-16 00:31:55.594446', '180144421') RETURNING "id" /*action='import_sigaa',application='Camaar',controller='imports'*/[0m
  ↳ app/controllers/admin/imports_controller.rb:68:in 'Admin::ImportsController#create_student'
  [1m[36mTRANSACTION (0.0ms)[0m  [1m[35mRELEASE SAVEPOINT active_record_1 /*action='import_sigaa',application='Camaar',controller='imports'*/[0m
  ↳ app/controllers/admin/imports_controller.rb:68:in 'Admin::ImportsController#create_student'
  [1m[36mUserSubject Load (0.1ms)[0m  [1m[34mSELECT "user_subjects".* FROM "user_subjects" WHERE "user_subjects"."user_id" = 77 AND "user_subjects"."subject_id" = 7 LIMIT 1 /*action='import_sigaa',application='Camaar',controller='imports'*/[0m
  ↳ app/controllers/admin/imports_controller.rb:56:in 'block (2 levels) in Admin::ImportsController#import_participants'
  [1m[36mTRANSACTION (0.0ms)[0m  [1m[35mSAVEPOINT active_record_1 /*action='import_sigaa',application='Camaar',controller='imports'*/[0m
  ↳ app/controllers/admin/imports_controller.rb:56:in 'block (2 levels) in Admin::ImportsController#import_participants'
  [1m[36mUserSubject Create (0.9ms)[0m  [1m[32mINSERT INTO "user_subjects" ("user_id", "subject_id", "created_at", "updated_at") VALUES (77, 7, '2025-07-16 00:31:55.596370', '2025-07-16 00:31:55.596370') RETURNING "id" /*action='import_sigaa',application='Camaar',controller='imports'*/[0m
  ↳ app/controllers/admin/imports_controller.rb:56:in 'block (2 levels) in Admin::ImportsController#import_participants'
  [1m[36mTRANSACTION (0.0ms)[0m  [1m[35mRELEASE SAVEPOINT active_record_1 /*action='import_sigaa',application='Camaar',controller='imports'*/[0m
  ↳ app/controllers/admin/imports_controller.rb:56:in 'block (2 levels) in Admin::ImportsController#import_participants'
  [1m[36mUser Load (0.1ms)[0m  [1m[34mSELECT "users".* FROM "users" WHERE "users"."email" = 'lflamellas@icloud.com' LIMIT 1 /*action='import_sigaa',application='Camaar',controller='imports'*/[0m
  ↳ app/controllers/admin/imports_controller.rb:68:in 'Admin::ImportsController#create_student'
  [1m[36mTRANSACTION (0.0ms)[0m  [1m[35mSAVEPOINT active_record_1 /*action='import_sigaa',application='Camaar',controller='imports'*/[0m
  ↳ app/controllers/admin/imports_controller.rb:68:in 'Admin::ImportsController#create_student'
  [1m[36mUser Exists? (0.9ms)[0m  [1m[34mSELECT 1 AS one FROM "users" WHERE "users"."email" = 'lflamellas@icloud.com' LIMIT 1 /*action='import_sigaa',application='Camaar',controller='imports'*/[0m
  ↳ app/controllers/admin/imports_controller.rb:68:in 'Admin::ImportsController#create_student'
  [1m[36mUser Exists? (0.0ms)[0m  [1m[34mSELECT 1 AS one FROM "users" WHERE "users"."username" = '190016841' LIMIT 1 /*action='import_sigaa',application='Camaar',controller='imports'*/[0m
  ↳ app/controllers/admin/imports_controller.rb:68:in 'Admin::ImportsController#create_student'
  [1m[36mUser Create (0.1ms)[0m  [1m[32mINSERT INTO "users" ("name", "email", "hash_password", "role", "academic_background", "student_course", "student_enrolment", "professor_departament", "created_at", "updated_at", "username") VALUES ('Luis Fernando Freitas Lamellas', 'lflamellas@icloud.com', '$2a$12$STrZ8iyzmHNDmsgwSGkLh.bgpXUf4BPVAoOtpziXmLMca5ZbRxvsy', 0, 0, 'CIÊNCIA DA COMPUTAÇÃO/CIC', '190016841', NULL, '2025-07-16 00:31:55.795949', '2025-07-16 00:31:55.795949', '190016841') RETURNING "id" /*action='import_sigaa',application='Camaar',controller='imports'*/[0m
  ↳ app/controllers/admin/imports_controller.rb:68:in 'Admin::ImportsController#create_student'
  [1m[36mTRANSACTION (0.0ms)[0m  [1m[35mRELEASE SAVEPOINT active_record_1 /*action='import_sigaa',application='Camaar',controller='imports'*/[0m
  ↳ app/controllers/admin/imports_controller.rb:68:in 'Admin::ImportsController#create_student'
  [1m[36mUserSubject Load (0.1ms)[0m  [1m[34mSELECT "user_subjects".* FROM "user_subjects" WHERE "user_subjects"."user_id" = 78 AND "user_subjects"."subject_id" = 7 LIMIT 1 /*action='import_sigaa',application='Camaar',controller='imports'*/[0m
  ↳ app/controllers/admin/imports_controller.rb:56:in 'block (2 levels) in Admin::ImportsController#import_participants'
  [1m[36mTRANSACTION (0.0ms)[0m  [1m[35mSAVEPOINT active_record_1 /*action='import_sigaa',application='Camaar',controller='imports'*/[0m
  ↳ app/controllers/admin/imports_controller.rb:56:in 'block (2 levels) in Admin::ImportsController#import_participants'
  [1m[36mUserSubject Create (1.2ms)[0m  [1m[32mINSERT INTO "user_subjects" ("user_id", "subject_id", "created_at", "updated_at") VALUES (78, 7, '2025-07-16 00:31:55.798174', '2025-07-16 00:31:55.798174') RETURNING "id" /*action='import_sigaa',application='Camaar',controller='imports'*/[0m
  ↳ app/controllers/admin/imports_controller.rb:56:in 'block (2 levels) in Admin::ImportsController#import_participants'
  [1m[36mTRANSACTION (0.0ms)[0m  [1m[35mRELEASE SAVEPOINT active_record_1 /*action='import_sigaa',application='Camaar',controller='imports'*/[0m
  ↳ app/controllers/admin/imports_controller.rb:56:in 'block (2 levels) in Admin::ImportsController#import_participants'
  [1m[36mUser Load (0.1ms)[0m  [1m[34mSELECT "users".* FROM "users" WHERE "users"."email" = 'luizangomes@outlook.com' LIMIT 1 /*action='import_sigaa',application='Camaar',controller='imports'*/[0m
  ↳ app/controllers/admin/imports_controller.rb:68:in 'Admin::ImportsController#create_student'
  [1m[36mTRANSACTION (0.0ms)[0m  [1m[35mSAVEPOINT active_record_1 /*action='import_sigaa',application='Camaar',controller='imports'*/[0m
  ↳ app/controllers/admin/imports_controller.rb:68:in 'Admin::ImportsController#create_student'
  [1m[36mUser Exists? (0.9ms)[0m  [1m[34mSELECT 1 AS one FROM "users" WHERE "users"."email" = 'luizangomes@outlook.com' LIMIT 1 /*action='import_sigaa',application='Camaar',controller='imports'*/[0m
  ↳ app/controllers/admin/imports_controller.rb:68:in 'Admin::ImportsController#create_student'
  [1m[36mUser Exists? (0.0ms)[0m  [1m[34mSELECT 1 AS one FROM "users" WHERE "users"."username" = '190112794' LIMIT 1 /*action='import_sigaa',application='Camaar',controller='imports'*/[0m
  ↳ app/controllers/admin/imports_controller.rb:68:in 'Admin::ImportsController#create_student'
  [1m[36mUser Create (0.2ms)[0m  [1m[32mINSERT INTO "users" ("name", "email", "hash_password", "role", "academic_background", "student_course", "student_enrolment", "professor_departament", "created_at", "updated_at", "username") VALUES ('Luiza de Araujo Nunes Gomes', 'luizangomes@outlook.com', '$2a$12$AgWkSGGQ6tGME5KtD4IoieUjt97BXdKOofryoDm94jPXuWuX0Y6gK', 0, 0, 'CIÊNCIA DA COMPUTAÇÃO/CIC', '190112794', NULL, '2025-07-16 00:31:55.997144', '2025-07-16 00:31:55.997144', '190112794') RETURNING "id" /*action='import_sigaa',application='Camaar',controller='imports'*/[0m
  ↳ app/controllers/admin/imports_controller.rb:68:in 'Admin::ImportsController#create_student'
  [1m[36mTRANSACTION (0.0ms)[0m  [1m[35mRELEASE SAVEPOINT active_record_1 /*action='import_sigaa',application='Camaar',controller='imports'*/[0m
  ↳ app/controllers/admin/imports_controller.rb:68:in 'Admin::ImportsController#create_student'
  [1m[36mUserSubject Load (0.1ms)[0m  [1m[34mSELECT "user_subjects".* FROM "user_subjects" WHERE "user_subjects"."user_id" = 79 AND "user_subjects"."subject_id" = 7 LIMIT 1 /*action='import_sigaa',application='Camaar',controller='imports'*/[0m
  ↳ app/controllers/admin/imports_controller.rb:56:in 'block (2 levels) in Admin::ImportsController#import_participants'
  [1m[36mTRANSACTION (0.0ms)[0m  [1m[35mSAVEPOINT active_record_1 /*action='import_sigaa',application='Camaar',controller='imports'*/[0m
  ↳ app/controllers/admin/imports_controller.rb:56:in 'block (2 levels) in Admin::ImportsController#import_participants'
  [1m[36mUserSubject Create (0.9ms)[0m  [1m[32mINSERT INTO "user_subjects" ("user_id", "subject_id", "created_at", "updated_at") VALUES (79, 7, '2025-07-16 00:31:55.999483', '2025-07-16 00:31:55.999483') RETURNING "id" /*action='import_sigaa',application='Camaar',controller='imports'*/[0m
  ↳ app/controllers/admin/imports_controller.rb:56:in 'block (2 levels) in Admin::ImportsController#import_participants'
  [1m[36mTRANSACTION (0.1ms)[0m  [1m[35mRELEASE SAVEPOINT active_record_1 /*action='import_sigaa',application='Camaar',controller='imports'*/[0m
  ↳ app/controllers/admin/imports_controller.rb:56:in 'block (2 levels) in Admin::ImportsController#import_participants'
  [1m[36mUser Load (0.1ms)[0m  [1m[34mSELECT "users".* FROM "users" WHERE "users"."email" = '180126652@aluno.unb.br' LIMIT 1 /*action='import_sigaa',application='Camaar',controller='imports'*/[0m
  ↳ app/controllers/admin/imports_controller.rb:68:in 'Admin::ImportsController#create_student'
  [1m[36mTRANSACTION (0.0ms)[0m  [1m[35mSAVEPOINT active_record_1 /*action='import_sigaa',application='Camaar',controller='imports'*/[0m
  ↳ app/controllers/admin/imports_controller.rb:68:in 'Admin::ImportsController#create_student'
  [1m[36mUser Exists? (2.1ms)[0m  [1m[34mSELECT 1 AS one FROM "users" WHERE "users"."email" = '180126652@aluno.unb.br' LIMIT 1 /*action='import_sigaa',application='Camaar',controller='imports'*/[0m
  ↳ app/controllers/admin/imports_controller.rb:68:in 'Admin::ImportsController#create_student'
  [1m[36mUser Exists? (0.1ms)[0m  [1m[34mSELECT 1 AS one FROM "users" WHERE "users"."username" = '180126652' LIMIT 1 /*action='import_sigaa',application='Camaar',controller='imports'*/[0m
  ↳ app/controllers/admin/imports_controller.rb:68:in 'Admin::ImportsController#create_student'
  [1m[36mUser Create (0.2ms)[0m  [1m[32mINSERT INTO "users" ("name", "email", "hash_password", "role", "academic_background", "student_course", "student_enrolment", "professor_departament", "created_at", "updated_at", "username") VALUES ('Marcelo Aiache Postiglione', '180126652@aluno.unb.br', '$2a$12$HLQhGsrFh6jpG.5K5jMNpuvGPYRxU.qqlp7nc2JRxZvTcnDQWFvxi', 0, 0, 'CIÊNCIA DA COMPUTAÇÃO/CIC', '180126652', NULL, '2025-07-16 00:31:56.208694', '2025-07-16 00:31:56.208694', '180126652') RETURNING "id" /*action='import_sigaa',application='Camaar',controller='imports'*/[0m
  ↳ app/controllers/admin/imports_controller.rb:68:in 'Admin::ImportsController#create_student'
  [1m[36mTRANSACTION (0.0ms)[0m  [1m[35mRELEASE SAVEPOINT active_record_1 /*action='import_sigaa',application='Camaar',controller='imports'*/[0m
  ↳ app/controllers/admin/imports_controller.rb:68:in 'Admin::ImportsController#create_student'
  [1m[36mUserSubject Load (0.1ms)[0m  [1m[34mSELECT "user_subjects".* FROM "user_subjects" WHERE "user_subjects"."user_id" = 80 AND "user_subjects"."subject_id" = 7 LIMIT 1 /*action='import_sigaa',application='Camaar',controller='imports'*/[0m
  ↳ app/controllers/admin/imports_controller.rb:56:in 'block (2 levels) in Admin::ImportsController#import_participants'
  [1m[36mTRANSACTION (0.0ms)[0m  [1m[35mSAVEPOINT active_record_1 /*action='import_sigaa',application='Camaar',controller='imports'*/[0m
  ↳ app/controllers/admin/imports_controller.rb:56:in 'block (2 levels) in Admin::ImportsController#import_participants'
  [1m[36mUserSubject Create (1.1ms)[0m  [1m[32mINSERT INTO "user_subjects" ("user_id", "subject_id", "created_at", "updated_at") VALUES (80, 7, '2025-07-16 00:31:56.211278', '2025-07-16 00:31:56.211278') RETURNING "id" /*action='import_sigaa',application='Camaar',controller='imports'*/[0m
  ↳ app/controllers/admin/imports_controller.rb:56:in 'block (2 levels) in Admin::ImportsController#import_participants'
  [1m[36mTRANSACTION (0.0ms)[0m  [1m[35mRELEASE SAVEPOINT active_record_1 /*action='import_sigaa',application='Camaar',controller='imports'*/[0m
  ↳ app/controllers/admin/imports_controller.rb:56:in 'block (2 levels) in Admin::ImportsController#import_participants'
  [1m[36mUser Load (0.1ms)[0m  [1m[34mSELECT "users".* FROM "users" WHERE "users"."email" = 'marcelojunqueiraf@gmail.com' LIMIT 1 /*action='import_sigaa',application='Camaar',controller='imports'*/[0m
  ↳ app/controllers/admin/imports_controller.rb:68:in 'Admin::ImportsController#create_student'
  [1m[36mTRANSACTION (0.0ms)[0m  [1m[35mSAVEPOINT active_record_1 /*action='import_sigaa',application='Camaar',controller='imports'*/[0m
  ↳ app/controllers/admin/imports_controller.rb:68:in 'Admin::ImportsController#create_student'
  [1m[36mUser Exists? (1.2ms)[0m  [1m[34mSELECT 1 AS one FROM "users" WHERE "users"."email" = 'marcelojunqueiraf@gmail.com' LIMIT 1 /*action='import_sigaa',application='Camaar',controller='imports'*/[0m
  ↳ app/controllers/admin/imports_controller.rb:68:in 'Admin::ImportsController#create_student'
  [1m[36mUser Exists? (0.0ms)[0m  [1m[34mSELECT 1 AS one FROM "users" WHERE "users"."username" = '200023624' LIMIT 1 /*action='import_sigaa',application='Camaar',controller='imports'*/[0m
  ↳ app/controllers/admin/imports_controller.rb:68:in 'Admin::ImportsController#create_student'
  [1m[36mUser Create (0.1ms)[0m  [1m[32mINSERT INTO "users" ("name", "email", "hash_password", "role", "academic_background", "student_course", "student_enrolment", "professor_departament", "created_at", "updated_at", "username") VALUES ('Marcelo Junqueira Ferreira', 'marcelojunqueiraf@gmail.com', '$2a$12$RXZLucKBpbbyjNf8r8kf5.augLqgUlWmG2nYWKJujjaJNCgJho/um', 0, 0, 'CIÊNCIA DA COMPUTAÇÃO/CIC', '200023624', NULL, '2025-07-16 00:31:56.415289', '2025-07-16 00:31:56.415289', '200023624') RETURNING "id" /*action='import_sigaa',application='Camaar',controller='imports'*/[0m
  ↳ app/controllers/admin/imports_controller.rb:68:in 'Admin::ImportsController#create_student'
  [1m[36mTRANSACTION (0.0ms)[0m  [1m[35mRELEASE SAVEPOINT active_record_1 /*action='import_sigaa',application='Camaar',controller='imports'*/[0m
  ↳ app/controllers/admin/imports_controller.rb:68:in 'Admin::ImportsController#create_student'
  [1m[36mUserSubject Load (0.3ms)[0m  [1m[34mSELECT "user_subjects".* FROM "user_subjects" WHERE "user_subjects"."user_id" = 81 AND "user_subjects"."subject_id" = 7 LIMIT 1 /*action='import_sigaa',application='Camaar',controller='imports'*/[0m
  ↳ app/controllers/admin/imports_controller.rb:56:in 'block (2 levels) in Admin::ImportsController#import_participants'
  [1m[36mTRANSACTION (0.0ms)[0m  [1m[35mSAVEPOINT active_record_1 /*action='import_sigaa',application='Camaar',controller='imports'*/[0m
  ↳ app/controllers/admin/imports_controller.rb:56:in 'block (2 levels) in Admin::ImportsController#import_participants'
  [1m[36mUserSubject Create (1.1ms)[0m  [1m[32mINSERT INTO "user_subjects" ("user_id", "subject_id", "created_at", "updated_at") VALUES (81, 7, '2025-07-16 00:31:56.417947', '2025-07-16 00:31:56.417947') RETURNING "id" /*action='import_sigaa',application='Camaar',controller='imports'*/[0m
  ↳ app/controllers/admin/imports_controller.rb:56:in 'block (2 levels) in Admin::ImportsController#import_participants'
  [1m[36mTRANSACTION (0.0ms)[0m  [1m[35mRELEASE SAVEPOINT active_record_1 /*action='import_sigaa',application='Camaar',controller='imports'*/[0m
  ↳ app/controllers/admin/imports_controller.rb:56:in 'block (2 levels) in Admin::ImportsController#import_participants'
  [1m[36mUser Load (0.1ms)[0m  [1m[34mSELECT "users".* FROM "users" WHERE "users"."email" = 'auntduda@gmail.com' LIMIT 1 /*action='import_sigaa',application='Camaar',controller='imports'*/[0m
  ↳ app/controllers/admin/imports_controller.rb:68:in 'Admin::ImportsController#create_student'
  [1m[36mTRANSACTION (0.0ms)[0m  [1m[35mSAVEPOINT active_record_1 /*action='import_sigaa',application='Camaar',controller='imports'*/[0m
  ↳ app/controllers/admin/imports_controller.rb:68:in 'Admin::ImportsController#create_student'
  [1m[36mUser Exists? (0.9ms)[0m  [1m[34mSELECT 1 AS one FROM "users" WHERE "users"."email" = 'auntduda@gmail.com' LIMIT 1 /*action='import_sigaa',application='Camaar',controller='imports'*/[0m
  ↳ app/controllers/admin/imports_controller.rb:68:in 'Admin::ImportsController#create_student'
  [1m[36mUser Exists? (0.0ms)[0m  [1m[34mSELECT 1 AS one FROM "users" WHERE "users"."username" = '190092556' LIMIT 1 /*action='import_sigaa',application='Camaar',controller='imports'*/[0m
  ↳ app/controllers/admin/imports_controller.rb:68:in 'Admin::ImportsController#create_student'
  [1m[36mUser Create (0.1ms)[0m  [1m[32mINSERT INTO "users" ("name", "email", "hash_password", "role", "academic_background", "student_course", "student_enrolment", "professor_departament", "created_at", "updated_at", "username") VALUES ('MARIA EDUARDA CARVALHO SANTOS', 'auntduda@gmail.com', '$2a$12$MvUR630R9lZlW2iIcf0fRuJZmWbbnqNuguxa0zRJoN0ks3/z11lNK', 0, 0, 'CIÊNCIA DA COMPUTAÇÃO/CIC', '190092556', NULL, '2025-07-16 00:31:56.616444', '2025-07-16 00:31:56.616444', '190092556') RETURNING "id" /*action='import_sigaa',application='Camaar',controller='imports'*/[0m
  ↳ app/controllers/admin/imports_controller.rb:68:in 'Admin::ImportsController#create_student'
  [1m[36mTRANSACTION (0.0ms)[0m  [1m[35mRELEASE SAVEPOINT active_record_1 /*action='import_sigaa',application='Camaar',controller='imports'*/[0m
  ↳ app/controllers/admin/imports_controller.rb:68:in 'Admin::ImportsController#create_student'
  [1m[36mUserSubject Load (0.1ms)[0m  [1m[34mSELECT "user_subjects".* FROM "user_subjects" WHERE "user_subjects"."user_id" = 82 AND "user_subjects"."subject_id" = 7 LIMIT 1 /*action='import_sigaa',application='Camaar',controller='imports'*/[0m
  ↳ app/controllers/admin/imports_controller.rb:56:in 'block (2 levels) in Admin::ImportsController#import_participants'
  [1m[36mTRANSACTION (0.0ms)[0m  [1m[35mSAVEPOINT active_record_1 /*action='import_sigaa',application='Camaar',controller='imports'*/[0m
  ↳ app/controllers/admin/imports_controller.rb:56:in 'block (2 levels) in Admin::ImportsController#import_participants'
  [1m[36mUserSubject Create (0.9ms)[0m  [1m[32mINSERT INTO "user_subjects" ("user_id", "subject_id", "created_at", "updated_at") VALUES (82, 7, '2025-07-16 00:31:56.618676', '2025-07-16 00:31:56.618676') RETURNING "id" /*action='import_sigaa',application='Camaar',controller='imports'*/[0m
  ↳ app/controllers/admin/imports_controller.rb:56:in 'block (2 levels) in Admin::ImportsController#import_participants'
  [1m[36mTRANSACTION (0.0ms)[0m  [1m[35mRELEASE SAVEPOINT active_record_1 /*action='import_sigaa',application='Camaar',controller='imports'*/[0m
  ↳ app/controllers/admin/imports_controller.rb:56:in 'block (2 levels) in Admin::ImportsController#import_participants'
  [1m[36mUser Load (0.1ms)[0m  [1m[34mSELECT "users".* FROM "users" WHERE "users"."email" = 'lacwerda@gmail.com' LIMIT 1 /*action='import_sigaa',application='Camaar',controller='imports'*/[0m
  ↳ app/controllers/admin/imports_controller.rb:68:in 'Admin::ImportsController#create_student'
  [1m[36mTRANSACTION (0.0ms)[0m  [1m[35mSAVEPOINT active_record_1 /*action='import_sigaa',application='Camaar',controller='imports'*/[0m
  ↳ app/controllers/admin/imports_controller.rb:68:in 'Admin::ImportsController#create_student'
  [1m[36mUser Exists? (1.1ms)[0m  [1m[34mSELECT 1 AS one FROM "users" WHERE "users"."email" = 'lacwerda@gmail.com' LIMIT 1 /*action='import_sigaa',application='Camaar',controller='imports'*/[0m
  ↳ app/controllers/admin/imports_controller.rb:68:in 'Admin::ImportsController#create_student'
  [1m[36mUser Exists? (0.1ms)[0m  [1m[34mSELECT 1 AS one FROM "users" WHERE "users"."username" = '200067184' LIMIT 1 /*action='import_sigaa',application='Camaar',controller='imports'*/[0m
  ↳ app/controllers/admin/imports_controller.rb:68:in 'Admin::ImportsController#create_student'
  [1m[36mUser Create (0.2ms)[0m  [1m[32mINSERT INTO "users" ("name", "email", "hash_password", "role", "academic_background", "student_course", "student_enrolment", "professor_departament", "created_at", "updated_at", "username") VALUES ('Maria Eduarda Lacerda Dantas', 'lacwerda@gmail.com', '$2a$12$xLCLw0c6JPYLv0pjeKEZle80YAeEbZsbUciE0XEt/2kvn6uPhV2wC', 0, 0, 'CIÊNCIA DA COMPUTAÇÃO/CIC', '200067184', NULL, '2025-07-16 00:31:56.818340', '2025-07-16 00:31:56.818340', '200067184') RETURNING "id" /*action='import_sigaa',application='Camaar',controller='imports'*/[0m
  ↳ app/controllers/admin/imports_controller.rb:68:in 'Admin::ImportsController#create_student'
  [1m[36mTRANSACTION (0.0ms)[0m  [1m[35mRELEASE SAVEPOINT active_record_1 /*action='import_sigaa',application='Camaar',controller='imports'*/[0m
  ↳ app/controllers/admin/imports_controller.rb:68:in 'Admin::ImportsController#create_student'
  [1m[36mUserSubject Load (0.1ms)[0m  [1m[34mSELECT "user_subjects".* FROM "user_subjects" WHERE "user_subjects"."user_id" = 83 AND "user_subjects"."subject_id" = 7 LIMIT 1 /*action='import_sigaa',application='Camaar',controller='imports'*/[0m
  ↳ app/controllers/admin/imports_controller.rb:56:in 'block (2 levels) in Admin::ImportsController#import_participants'
  [1m[36mTRANSACTION (0.0ms)[0m  [1m[35mSAVEPOINT active_record_1 /*action='import_sigaa',application='Camaar',controller='imports'*/[0m
  ↳ app/controllers/admin/imports_controller.rb:56:in 'block (2 levels) in Admin::ImportsController#import_participants'
  [1m[36mUserSubject Create (1.3ms)[0m  [1m[32mINSERT INTO "user_subjects" ("user_id", "subject_id", "created_at", "updated_at") VALUES (83, 7, '2025-07-16 00:31:56.820958', '2025-07-16 00:31:56.820958') RETURNING "id" /*action='import_sigaa',application='Camaar',controller='imports'*/[0m
  ↳ app/controllers/admin/imports_controller.rb:56:in 'block (2 levels) in Admin::ImportsController#import_participants'
  [1m[36mTRANSACTION (0.1ms)[0m  [1m[35mRELEASE SAVEPOINT active_record_1 /*action='import_sigaa',application='Camaar',controller='imports'*/[0m
  ↳ app/controllers/admin/imports_controller.rb:56:in 'block (2 levels) in Admin::ImportsController#import_participants'
  [1m[36mUser Load (0.2ms)[0m  [1m[34mSELECT "users".* FROM "users" WHERE "users"."email" = 'mayllak@hotmail.com' LIMIT 1 /*action='import_sigaa',application='Camaar',controller='imports'*/[0m
  ↳ app/controllers/admin/imports_controller.rb:68:in 'Admin::ImportsController#create_student'
  [1m[36mTRANSACTION (0.1ms)[0m  [1m[35mSAVEPOINT active_record_1 /*action='import_sigaa',application='Camaar',controller='imports'*/[0m
  ↳ app/controllers/admin/imports_controller.rb:68:in 'Admin::ImportsController#create_student'
  [1m[36mUser Exists? (1.3ms)[0m  [1m[34mSELECT 1 AS one FROM "users" WHERE "users"."email" = 'mayllak@hotmail.com' LIMIT 1 /*action='import_sigaa',application='Camaar',controller='imports'*/[0m
  ↳ app/controllers/admin/imports_controller.rb:68:in 'Admin::ImportsController#create_student'
  [1m[36mUser Exists? (0.2ms)[0m  [1m[34mSELECT 1 AS one FROM "users" WHERE "users"."username" = '190043873' LIMIT 1 /*action='import_sigaa',application='Camaar',controller='imports'*/[0m
  ↳ app/controllers/admin/imports_controller.rb:68:in 'Admin::ImportsController#create_student'
  [1m[36mUser Create (0.5ms)[0m  [1m[32mINSERT INTO "users" ("name", "email", "hash_password", "role", "academic_background", "student_course", "student_enrolment", "professor_departament", "created_at", "updated_at", "username") VALUES ('Maylla Krislainy de Sousa Silva', 'mayllak@hotmail.com', '$2a$12$dRzzmZLIvHW2JzwgPnOVp.umxDineJq8Fd5sDk.vGmqApHuy5OYCu', 0, 0, 'CIÊNCIA DA COMPUTAÇÃO/CIC', '190043873', NULL, '2025-07-16 00:31:57.024287', '2025-07-16 00:31:57.024287', '190043873') RETURNING "id" /*action='import_sigaa',application='Camaar',controller='imports'*/[0m
  ↳ app/controllers/admin/imports_controller.rb:68:in 'Admin::ImportsController#create_student'
  [1m[36mTRANSACTION (0.0ms)[0m  [1m[35mRELEASE SAVEPOINT active_record_1 /*action='import_sigaa',application='Camaar',controller='imports'*/[0m
  ↳ app/controllers/admin/imports_controller.rb:68:in 'Admin::ImportsController#create_student'
  [1m[36mUserSubject Load (0.1ms)[0m  [1m[34mSELECT "user_subjects".* FROM "user_subjects" WHERE "user_subjects"."user_id" = 84 AND "user_subjects"."subject_id" = 7 LIMIT 1 /*action='import_sigaa',application='Camaar',controller='imports'*/[0m
  ↳ app/controllers/admin/imports_controller.rb:56:in 'block (2 levels) in Admin::ImportsController#import_participants'
  [1m[36mTRANSACTION (0.0ms)[0m  [1m[35mSAVEPOINT active_record_1 /*action='import_sigaa',application='Camaar',controller='imports'*/[0m
  ↳ app/controllers/admin/imports_controller.rb:56:in 'block (2 levels) in Admin::ImportsController#import_participants'
  [1m[36mUserSubject Create (0.8ms)[0m  [1m[32mINSERT INTO "user_subjects" ("user_id", "subject_id", "created_at", "updated_at") VALUES (84, 7, '2025-07-16 00:31:57.027196', '2025-07-16 00:31:57.027196') RETURNING "id" /*action='import_sigaa',application='Camaar',controller='imports'*/[0m
  ↳ app/controllers/admin/imports_controller.rb:56:in 'block (2 levels) in Admin::ImportsController#import_participants'
  [1m[36mTRANSACTION (0.0ms)[0m  [1m[35mRELEASE SAVEPOINT active_record_1 /*action='import_sigaa',application='Camaar',controller='imports'*/[0m
  ↳ app/controllers/admin/imports_controller.rb:56:in 'block (2 levels) in Admin::ImportsController#import_participants'
  [1m[36mUser Load (0.1ms)[0m  [1m[34mSELECT "users".* FROM "users" WHERE "users"."email" = 'pedrocesarribeiro2013@gmail.com' LIMIT 1 /*action='import_sigaa',application='Camaar',controller='imports'*/[0m
  ↳ app/controllers/admin/imports_controller.rb:68:in 'Admin::ImportsController#create_student'
  [1m[36mTRANSACTION (0.2ms)[0m  [1m[35mSAVEPOINT active_record_1 /*action='import_sigaa',application='Camaar',controller='imports'*/[0m
  ↳ app/controllers/admin/imports_controller.rb:68:in 'Admin::ImportsController#create_student'
  [1m[36mUser Exists? (1.9ms)[0m  [1m[34mSELECT 1 AS one FROM "users" WHERE "users"."email" = 'pedrocesarribeiro2013@gmail.com' LIMIT 1 /*action='import_sigaa',application='Camaar',controller='imports'*/[0m
  ↳ app/controllers/admin/imports_controller.rb:68:in 'Admin::ImportsController#create_student'
  [1m[36mUser Exists? (0.1ms)[0m  [1m[34mSELECT 1 AS one FROM "users" WHERE "users"."username" = '180139312' LIMIT 1 /*action='import_sigaa',application='Camaar',controller='imports'*/[0m
  ↳ app/controllers/admin/imports_controller.rb:68:in 'Admin::ImportsController#create_student'
  [1m[36mUser Create (0.1ms)[0m  [1m[32mINSERT INTO "users" ("name", "email", "hash_password", "role", "academic_background", "student_course", "student_enrolment", "professor_departament", "created_at", "updated_at", "username") VALUES ('Pedro Cesar Ribeiro Passos', 'pedrocesarribeiro2013@gmail.com', '$2a$12$0zjdL6EC/TmllsifayfIFetcEzMfduBO.Oc27dORUpuALUXOd6S/.', 0, 0, 'ENGENHARIA MECATRÔNICA - CONTROLE E AUTOMAÇÃO/FTD', '180139312', NULL, '2025-07-16 00:31:57.226537', '2025-07-16 00:31:57.226537', '180139312') RETURNING "id" /*action='import_sigaa',application='Camaar',controller='imports'*/[0m
  ↳ app/controllers/admin/imports_controller.rb:68:in 'Admin::ImportsController#create_student'
  [1m[36mTRANSACTION (0.0ms)[0m  [1m[35mRELEASE SAVEPOINT active_record_1 /*action='import_sigaa',application='Camaar',controller='imports'*/[0m
  ↳ app/controllers/admin/imports_controller.rb:68:in 'Admin::ImportsController#create_student'
  [1m[36mUserSubject Load (0.1ms)[0m  [1m[34mSELECT "user_subjects".* FROM "user_subjects" WHERE "user_subjects"."user_id" = 85 AND "user_subjects"."subject_id" = 7 LIMIT 1 /*action='import_sigaa',application='Camaar',controller='imports'*/[0m
  ↳ app/controllers/admin/imports_controller.rb:56:in 'block (2 levels) in Admin::ImportsController#import_participants'
  [1m[36mTRANSACTION (0.0ms)[0m  [1m[35mSAVEPOINT active_record_1 /*action='import_sigaa',application='Camaar',controller='imports'*/[0m
  ↳ app/controllers/admin/imports_controller.rb:56:in 'block (2 levels) in Admin::ImportsController#import_participants'
  [1m[36mUserSubject Create (1.2ms)[0m  [1m[32mINSERT INTO "user_subjects" ("user_id", "subject_id", "created_at", "updated_at") VALUES (85, 7, '2025-07-16 00:31:57.229277', '2025-07-16 00:31:57.229277') RETURNING "id" /*action='import_sigaa',application='Camaar',controller='imports'*/[0m
  ↳ app/controllers/admin/imports_controller.rb:56:in 'block (2 levels) in Admin::ImportsController#import_participants'
  [1m[36mTRANSACTION (0.0ms)[0m  [1m[35mRELEASE SAVEPOINT active_record_1 /*action='import_sigaa',application='Camaar',controller='imports'*/[0m
  ↳ app/controllers/admin/imports_controller.rb:56:in 'block (2 levels) in Admin::ImportsController#import_participants'
  [1m[36mUser Load (0.1ms)[0m  [1m[34mSELECT "users".* FROM "users" WHERE "users"."email" = '170021041@aluno.unb.br' LIMIT 1 /*action='import_sigaa',application='Camaar',controller='imports'*/[0m
  ↳ app/controllers/admin/imports_controller.rb:68:in 'Admin::ImportsController#create_student'
  [1m[36mTRANSACTION (0.0ms)[0m  [1m[35mSAVEPOINT active_record_1 /*action='import_sigaa',application='Camaar',controller='imports'*/[0m
  ↳ app/controllers/admin/imports_controller.rb:68:in 'Admin::ImportsController#create_student'
  [1m[36mUser Exists? (1.2ms)[0m  [1m[34mSELECT 1 AS one FROM "users" WHERE "users"."email" = '170021041@aluno.unb.br' LIMIT 1 /*action='import_sigaa',application='Camaar',controller='imports'*/[0m
  ↳ app/controllers/admin/imports_controller.rb:68:in 'Admin::ImportsController#create_student'
  [1m[36mUser Exists? (0.1ms)[0m  [1m[34mSELECT 1 AS one FROM "users" WHERE "users"."username" = '170021041' LIMIT 1 /*action='import_sigaa',application='Camaar',controller='imports'*/[0m
  ↳ app/controllers/admin/imports_controller.rb:68:in 'Admin::ImportsController#create_student'
  [1m[36mUser Create (0.1ms)[0m  [1m[32mINSERT INTO "users" ("name", "email", "hash_password", "role", "academic_background", "student_course", "student_enrolment", "professor_departament", "created_at", "updated_at", "username") VALUES ('Rafael Mascarenhas Dal Moro', '170021041@aluno.unb.br', '$2a$12$j06E4hdkU/zrAZSIFR9hPe72H71EWi45DVuUECzZcjzp40OEngZ/W', 0, 0, 'ENGENHARIA DE COMPUTAÇÃO/CIC', '170021041', NULL, '2025-07-16 00:31:57.430675', '2025-07-16 00:31:57.430675', '170021041') RETURNING "id" /*action='import_sigaa',application='Camaar',controller='imports'*/[0m
  ↳ app/controllers/admin/imports_controller.rb:68:in 'Admin::ImportsController#create_student'
  [1m[36mTRANSACTION (0.0ms)[0m  [1m[35mRELEASE SAVEPOINT active_record_1 /*action='import_sigaa',application='Camaar',controller='imports'*/[0m
  ↳ app/controllers/admin/imports_controller.rb:68:in 'Admin::ImportsController#create_student'
  [1m[36mUserSubject Load (0.1ms)[0m  [1m[34mSELECT "user_subjects".* FROM "user_subjects" WHERE "user_subjects"."user_id" = 86 AND "user_subjects"."subject_id" = 7 LIMIT 1 /*action='import_sigaa',application='Camaar',controller='imports'*/[0m
  ↳ app/controllers/admin/imports_controller.rb:56:in 'block (2 levels) in Admin::ImportsController#import_participants'
  [1m[36mTRANSACTION (0.0ms)[0m  [1m[35mSAVEPOINT active_record_1 /*action='import_sigaa',application='Camaar',controller='imports'*/[0m
  ↳ app/controllers/admin/imports_controller.rb:56:in 'block (2 levels) in Admin::ImportsController#import_participants'
  [1m[36mUserSubject Create (1.3ms)[0m  [1m[32mINSERT INTO "user_subjects" ("user_id", "subject_id", "created_at", "updated_at") VALUES (86, 7, '2025-07-16 00:31:57.432592', '2025-07-16 00:31:57.432592') RETURNING "id" /*action='import_sigaa',application='Camaar',controller='imports'*/[0m
  ↳ app/controllers/admin/imports_controller.rb:56:in 'block (2 levels) in Admin::ImportsController#import_participants'
  [1m[36mTRANSACTION (0.0ms)[0m  [1m[35mRELEASE SAVEPOINT active_record_1 /*action='import_sigaa',application='Camaar',controller='imports'*/[0m
  ↳ app/controllers/admin/imports_controller.rb:56:in 'block (2 levels) in Admin::ImportsController#import_participants'
  [1m[36mUser Load (0.1ms)[0m  [1m[34mSELECT "users".* FROM "users" WHERE "users"."email" = 'arrelaro1@hotmail.com' LIMIT 1 /*action='import_sigaa',application='Camaar',controller='imports'*/[0m
  ↳ app/controllers/admin/imports_controller.rb:68:in 'Admin::ImportsController#create_student'
  [1m[36mTRANSACTION (0.0ms)[0m  [1m[35mSAVEPOINT active_record_1 /*action='import_sigaa',application='Camaar',controller='imports'*/[0m
  ↳ app/controllers/admin/imports_controller.rb:68:in 'Admin::ImportsController#create_student'
  [1m[36mUser Exists? (1.2ms)[0m  [1m[34mSELECT 1 AS one FROM "users" WHERE "users"."email" = 'arrelaro1@hotmail.com' LIMIT 1 /*action='import_sigaa',application='Camaar',controller='imports'*/[0m
  ↳ app/controllers/admin/imports_controller.rb:68:in 'Admin::ImportsController#create_student'
  [1m[36mUser Exists? (0.0ms)[0m  [1m[34mSELECT 1 AS one FROM "users" WHERE "users"."username" = '190095164' LIMIT 1 /*action='import_sigaa',application='Camaar',controller='imports'*/[0m
  ↳ app/controllers/admin/imports_controller.rb:68:in 'Admin::ImportsController#create_student'
  [1m[36mUser Create (0.1ms)[0m  [1m[32mINSERT INTO "users" ("name", "email", "hash_password", "role", "academic_background", "student_course", "student_enrolment", "professor_departament", "created_at", "updated_at", "username") VALUES ('Rodrigo Mamedio Arrelaro', 'arrelaro1@hotmail.com', '$2a$12$7fog1FVUMvmDptuoHyFiruuHtgQ0dtjNKHMxFcctuth3sIPSqzbcC', 0, 0, 'CIÊNCIA DA COMPUTAÇÃO/CIC', '190095164', NULL, '2025-07-16 00:31:57.632037', '2025-07-16 00:31:57.632037', '190095164') RETURNING "id" /*action='import_sigaa',application='Camaar',controller='imports'*/[0m
  ↳ app/controllers/admin/imports_controller.rb:68:in 'Admin::ImportsController#create_student'
  [1m[36mTRANSACTION (0.0ms)[0m  [1m[35mRELEASE SAVEPOINT active_record_1 /*action='import_sigaa',application='Camaar',controller='imports'*/[0m
  ↳ app/controllers/admin/imports_controller.rb:68:in 'Admin::ImportsController#create_student'
  [1m[36mUserSubject Load (0.0ms)[0m  [1m[34mSELECT "user_subjects".* FROM "user_subjects" WHERE "user_subjects"."user_id" = 87 AND "user_subjects"."subject_id" = 7 LIMIT 1 /*action='import_sigaa',application='Camaar',controller='imports'*/[0m
  ↳ app/controllers/admin/imports_controller.rb:56:in 'block (2 levels) in Admin::ImportsController#import_participants'
  [1m[36mTRANSACTION (0.0ms)[0m  [1m[35mSAVEPOINT active_record_1 /*action='import_sigaa',application='Camaar',controller='imports'*/[0m
  ↳ app/controllers/admin/imports_controller.rb:56:in 'block (2 levels) in Admin::ImportsController#import_participants'
  [1m[36mUserSubject Create (0.8ms)[0m  [1m[32mINSERT INTO "user_subjects" ("user_id", "subject_id", "created_at", "updated_at") VALUES (87, 7, '2025-07-16 00:31:57.634047', '2025-07-16 00:31:57.634047') RETURNING "id" /*action='import_sigaa',application='Camaar',controller='imports'*/[0m
  ↳ app/controllers/admin/imports_controller.rb:56:in 'block (2 levels) in Admin::ImportsController#import_participants'
  [1m[36mTRANSACTION (0.0ms)[0m  [1m[35mRELEASE SAVEPOINT active_record_1 /*action='import_sigaa',application='Camaar',controller='imports'*/[0m
  ↳ app/controllers/admin/imports_controller.rb:56:in 'block (2 levels) in Admin::ImportsController#import_participants'
  [1m[36mUser Load (0.1ms)[0m  [1m[34mSELECT "users".* FROM "users" WHERE "users"."email" = 'thiago.work.ti@outlook.com' LIMIT 1 /*action='import_sigaa',application='Camaar',controller='imports'*/[0m
  ↳ app/controllers/admin/imports_controller.rb:68:in 'Admin::ImportsController#create_student'
  [1m[36mTRANSACTION (0.0ms)[0m  [1m[35mSAVEPOINT active_record_1 /*action='import_sigaa',application='Camaar',controller='imports'*/[0m
  ↳ app/controllers/admin/imports_controller.rb:68:in 'Admin::ImportsController#create_student'
  [1m[36mUser Exists? (0.9ms)[0m  [1m[34mSELECT 1 AS one FROM "users" WHERE "users"."email" = 'thiago.work.ti@outlook.com' LIMIT 1 /*action='import_sigaa',application='Camaar',controller='imports'*/[0m
  ↳ app/controllers/admin/imports_controller.rb:68:in 'Admin::ImportsController#create_student'
  [1m[36mUser Exists? (0.1ms)[0m  [1m[34mSELECT 1 AS one FROM "users" WHERE "users"."username" = '140177442' LIMIT 1 /*action='import_sigaa',application='Camaar',controller='imports'*/[0m
  ↳ app/controllers/admin/imports_controller.rb:68:in 'Admin::ImportsController#create_student'
  [1m[36mUser Create (0.1ms)[0m  [1m[32mINSERT INTO "users" ("name", "email", "hash_password", "role", "academic_background", "student_course", "student_enrolment", "professor_departament", "created_at", "updated_at", "username") VALUES ('Thiago de Oliveira Albuquerque', 'thiago.work.ti@outlook.com', '$2a$12$pi2UHCU9h.7YVZrKSwnvLuCSYhaNIPO3LDOmp/MV7TDG/N6iMsK0e', 0, 0, 'ENGENHARIA DE COMPUTAÇÃO/CIC', '140177442', NULL, '2025-07-16 00:31:57.830060', '2025-07-16 00:31:57.830060', '140177442') RETURNING "id" /*action='import_sigaa',application='Camaar',controller='imports'*/[0m
  ↳ app/controllers/admin/imports_controller.rb:68:in 'Admin::ImportsController#create_student'
  [1m[36mTRANSACTION (0.0ms)[0m  [1m[35mRELEASE SAVEPOINT active_record_1 /*action='import_sigaa',application='Camaar',controller='imports'*/[0m
  ↳ app/controllers/admin/imports_controller.rb:68:in 'Admin::ImportsController#create_student'
  [1m[36mUserSubject Load (0.1ms)[0m  [1m[34mSELECT "user_subjects".* FROM "user_subjects" WHERE "user_subjects"."user_id" = 88 AND "user_subjects"."subject_id" = 7 LIMIT 1 /*action='import_sigaa',application='Camaar',controller='imports'*/[0m
  ↳ app/controllers/admin/imports_controller.rb:56:in 'block (2 levels) in Admin::ImportsController#import_participants'
  [1m[36mTRANSACTION (0.0ms)[0m  [1m[35mSAVEPOINT active_record_1 /*action='import_sigaa',application='Camaar',controller='imports'*/[0m
  ↳ app/controllers/admin/imports_controller.rb:56:in 'block (2 levels) in Admin::ImportsController#import_participants'
  [1m[36mUserSubject Create (0.8ms)[0m  [1m[32mINSERT INTO "user_subjects" ("user_id", "subject_id", "created_at", "updated_at") VALUES (88, 7, '2025-07-16 00:31:57.831965', '2025-07-16 00:31:57.831965') RETURNING "id" /*action='import_sigaa',application='Camaar',controller='imports'*/[0m
  ↳ app/controllers/admin/imports_controller.rb:56:in 'block (2 levels) in Admin::ImportsController#import_participants'
  [1m[36mTRANSACTION (0.0ms)[0m  [1m[35mRELEASE SAVEPOINT active_record_1 /*action='import_sigaa',application='Camaar',controller='imports'*/[0m
  ↳ app/controllers/admin/imports_controller.rb:56:in 'block (2 levels) in Admin::ImportsController#import_participants'
  [1m[36mUser Load (0.1ms)[0m  [1m[34mSELECT "users".* FROM "users" WHERE "users"."email" = 'thiagoeliasdosreis01@gmail.com' LIMIT 1 /*action='import_sigaa',application='Camaar',controller='imports'*/[0m
  ↳ app/controllers/admin/imports_controller.rb:68:in 'Admin::ImportsController#create_student'
  [1m[36mTRANSACTION (0.0ms)[0m  [1m[35mSAVEPOINT active_record_1 /*action='import_sigaa',application='Camaar',controller='imports'*/[0m
  ↳ app/controllers/admin/imports_controller.rb:68:in 'Admin::ImportsController#create_student'
  [1m[36mUser Exists? (0.9ms)[0m  [1m[34mSELECT 1 AS one FROM "users" WHERE "users"."email" = 'thiagoeliasdosreis01@gmail.com' LIMIT 1 /*action='import_sigaa',application='Camaar',controller='imports'*/[0m
  ↳ app/controllers/admin/imports_controller.rb:68:in 'Admin::ImportsController#create_student'
  [1m[36mUser Exists? (0.0ms)[0m  [1m[34mSELECT 1 AS one FROM "users" WHERE "users"."username" = '190126892' LIMIT 1 /*action='import_sigaa',application='Camaar',controller='imports'*/[0m
  ↳ app/controllers/admin/imports_controller.rb:68:in 'Admin::ImportsController#create_student'
  [1m[36mUser Create (0.1ms)[0m  [1m[32mINSERT INTO "users" ("name", "email", "hash_password", "role", "academic_background", "student_course", "student_enrolment", "professor_departament", "created_at", "updated_at", "username") VALUES ('Thiago Elias dos Reis', 'thiagoeliasdosreis01@gmail.com', '$2a$12$I9yCBfk8/.GFmXeSV6j2aefroJP8YWoBeuUKE82FWxblkvkN9.PYC', 0, 0, 'CIÊNCIA DA COMPUTAÇÃO/CIC', '190126892', NULL, '2025-07-16 00:31:58.032298', '2025-07-16 00:31:58.032298', '190126892') RETURNING "id" /*action='import_sigaa',application='Camaar',controller='imports'*/[0m
  ↳ app/controllers/admin/imports_controller.rb:68:in 'Admin::ImportsController#create_student'
  [1m[36mTRANSACTION (0.1ms)[0m  [1m[35mRELEASE SAVEPOINT active_record_1 /*action='import_sigaa',application='Camaar',controller='imports'*/[0m
  ↳ app/controllers/admin/imports_controller.rb:68:in 'Admin::ImportsController#create_student'
  [1m[36mUserSubject Load (0.1ms)[0m  [1m[34mSELECT "user_subjects".* FROM "user_subjects" WHERE "user_subjects"."user_id" = 89 AND "user_subjects"."subject_id" = 7 LIMIT 1 /*action='import_sigaa',application='Camaar',controller='imports'*/[0m
  ↳ app/controllers/admin/imports_controller.rb:56:in 'block (2 levels) in Admin::ImportsController#import_participants'
  [1m[36mTRANSACTION (0.0ms)[0m  [1m[35mSAVEPOINT active_record_1 /*action='import_sigaa',application='Camaar',controller='imports'*/[0m
  ↳ app/controllers/admin/imports_controller.rb:56:in 'block (2 levels) in Admin::ImportsController#import_participants'
  [1m[36mUserSubject Create (0.8ms)[0m  [1m[32mINSERT INTO "user_subjects" ("user_id", "subject_id", "created_at", "updated_at") VALUES (89, 7, '2025-07-16 00:31:58.034699', '2025-07-16 00:31:58.034699') RETURNING "id" /*action='import_sigaa',application='Camaar',controller='imports'*/[0m
  ↳ app/controllers/admin/imports_controller.rb:56:in 'block (2 levels) in Admin::ImportsController#import_participants'
  [1m[36mTRANSACTION (0.0ms)[0m  [1m[35mRELEASE SAVEPOINT active_record_1 /*action='import_sigaa',application='Camaar',controller='imports'*/[0m
  ↳ app/controllers/admin/imports_controller.rb:56:in 'block (2 levels) in Admin::ImportsController#import_participants'
  [1m[36mUser Load (0.1ms)[0m  [1m[34mSELECT "users".* FROM "users" WHERE "users"."email" = 'aluno0sem.luz@gmail.com' LIMIT 1 /*action='import_sigaa',application='Camaar',controller='imports'*/[0m
  ↳ app/controllers/admin/imports_controller.rb:68:in 'Admin::ImportsController#create_student'
  [1m[36mTRANSACTION (0.0ms)[0m  [1m[35mSAVEPOINT active_record_1 /*action='import_sigaa',application='Camaar',controller='imports'*/[0m
  ↳ app/controllers/admin/imports_controller.rb:68:in 'Admin::ImportsController#create_student'
  [1m[36mUser Exists? (1.0ms)[0m  [1m[34mSELECT 1 AS one FROM "users" WHERE "users"."email" = 'aluno0sem.luz@gmail.com' LIMIT 1 /*action='import_sigaa',application='Camaar',controller='imports'*/[0m
  ↳ app/controllers/admin/imports_controller.rb:68:in 'Admin::ImportsController#create_student'
  [1m[36mUser Exists? (0.0ms)[0m  [1m[34mSELECT 1 AS one FROM "users" WHERE "users"."username" = '180132041' LIMIT 1 /*action='import_sigaa',application='Camaar',controller='imports'*/[0m
  ↳ app/controllers/admin/imports_controller.rb:68:in 'Admin::ImportsController#create_student'
  [1m[36mUser Create (0.1ms)[0m  [1m[32mINSERT INTO "users" ("name", "email", "hash_password", "role", "academic_background", "student_course", "student_enrolment", "professor_departament", "created_at", "updated_at", "username") VALUES ('Victor Hugo Rodrigues Fernandes', 'aluno0sem.luz@gmail.com', '$2a$12$uIUdu.k/zqYctlbWsGtZPewX0BaJDFyzO7/x8jrR3umIy1iYw4sWG', 0, 0, 'CIÊNCIA DA COMPUTAÇÃO/CIC', '180132041', NULL, '2025-07-16 00:31:58.231777', '2025-07-16 00:31:58.231777', '180132041') RETURNING "id" /*action='import_sigaa',application='Camaar',controller='imports'*/[0m
  ↳ app/controllers/admin/imports_controller.rb:68:in 'Admin::ImportsController#create_student'
  [1m[36mTRANSACTION (0.0ms)[0m  [1m[35mRELEASE SAVEPOINT active_record_1 /*action='import_sigaa',application='Camaar',controller='imports'*/[0m
  ↳ app/controllers/admin/imports_controller.rb:68:in 'Admin::ImportsController#create_student'
  [1m[36mUserSubject Load (0.1ms)[0m  [1m[34mSELECT "user_subjects".* FROM "user_subjects" WHERE "user_subjects"."user_id" = 90 AND "user_subjects"."subject_id" = 7 LIMIT 1 /*action='import_sigaa',application='Camaar',controller='imports'*/[0m
  ↳ app/controllers/admin/imports_controller.rb:56:in 'block (2 levels) in Admin::ImportsController#import_participants'
  [1m[36mTRANSACTION (0.0ms)[0m  [1m[35mSAVEPOINT active_record_1 /*action='import_sigaa',application='Camaar',controller='imports'*/[0m
  ↳ app/controllers/admin/imports_controller.rb:56:in 'block (2 levels) in Admin::ImportsController#import_participants'
  [1m[36mUserSubject Create (0.8ms)[0m  [1m[32mINSERT INTO "user_subjects" ("user_id", "subject_id", "created_at", "updated_at") VALUES (90, 7, '2025-07-16 00:31:58.233750', '2025-07-16 00:31:58.233750') RETURNING "id" /*action='import_sigaa',application='Camaar',controller='imports'*/[0m
  ↳ app/controllers/admin/imports_controller.rb:56:in 'block (2 levels) in Admin::ImportsController#import_participants'
  [1m[36mTRANSACTION (0.0ms)[0m  [1m[35mRELEASE SAVEPOINT active_record_1 /*action='import_sigaa',application='Camaar',controller='imports'*/[0m
  ↳ app/controllers/admin/imports_controller.rb:56:in 'block (2 levels) in Admin::ImportsController#import_participants'
  [1m[36mUser Load (0.1ms)[0m  [1m[34mSELECT "users".* FROM "users" WHERE "users"."email" = 'viniciuslimapassos@gmail.com' LIMIT 1 /*action='import_sigaa',application='Camaar',controller='imports'*/[0m
  ↳ app/controllers/admin/imports_controller.rb:68:in 'Admin::ImportsController#create_student'
  [1m[36mTRANSACTION (0.0ms)[0m  [1m[35mSAVEPOINT active_record_1 /*action='import_sigaa',application='Camaar',controller='imports'*/[0m
  ↳ app/controllers/admin/imports_controller.rb:68:in 'Admin::ImportsController#create_student'
  [1m[36mUser Exists? (1.3ms)[0m  [1m[34mSELECT 1 AS one FROM "users" WHERE "users"."email" = 'viniciuslimapassos@gmail.com' LIMIT 1 /*action='import_sigaa',application='Camaar',controller='imports'*/[0m
  ↳ app/controllers/admin/imports_controller.rb:68:in 'Admin::ImportsController#create_student'
  [1m[36mUser Exists? (0.1ms)[0m  [1m[34mSELECT 1 AS one FROM "users" WHERE "users"."username" = '200028545' LIMIT 1 /*action='import_sigaa',application='Camaar',controller='imports'*/[0m
  ↳ app/controllers/admin/imports_controller.rb:68:in 'Admin::ImportsController#create_student'
  [1m[36mUser Create (0.1ms)[0m  [1m[32mINSERT INTO "users" ("name", "email", "hash_password", "role", "academic_background", "student_course", "student_enrolment", "professor_departament", "created_at", "updated_at", "username") VALUES ('Vinicius Lima Passos', 'viniciuslimapassos@gmail.com', '$2a$12$Str.r/4zv81uJ6cGtUTq4e2BIlbbg2iMfOV6ZrAjDbMX7I1h8rCES', 0, 0, 'CIÊNCIA DA COMPUTAÇÃO/CIC', '200028545', NULL, '2025-07-16 00:31:58.435819', '2025-07-16 00:31:58.435819', '200028545') RETURNING "id" /*action='import_sigaa',application='Camaar',controller='imports'*/[0m
  ↳ app/controllers/admin/imports_controller.rb:68:in 'Admin::ImportsController#create_student'
  [1m[36mTRANSACTION (0.0ms)[0m  [1m[35mRELEASE SAVEPOINT active_record_1 /*action='import_sigaa',application='Camaar',controller='imports'*/[0m
  ↳ app/controllers/admin/imports_controller.rb:68:in 'Admin::ImportsController#create_student'
  [1m[36mUserSubject Load (0.1ms)[0m  [1m[34mSELECT "user_subjects".* FROM "user_subjects" WHERE "user_subjects"."user_id" = 91 AND "user_subjects"."subject_id" = 7 LIMIT 1 /*action='import_sigaa',application='Camaar',controller='imports'*/[0m
  ↳ app/controllers/admin/imports_controller.rb:56:in 'block (2 levels) in Admin::ImportsController#import_participants'
  [1m[36mTRANSACTION (0.0ms)[0m  [1m[35mSAVEPOINT active_record_1 /*action='import_sigaa',application='Camaar',controller='imports'*/[0m
  ↳ app/controllers/admin/imports_controller.rb:56:in 'block (2 levels) in Admin::ImportsController#import_participants'
  [1m[36mUserSubject Create (1.6ms)[0m  [1m[32mINSERT INTO "user_subjects" ("user_id", "subject_id", "created_at", "updated_at") VALUES (91, 7, '2025-07-16 00:31:58.458809', '2025-07-16 00:31:58.458809') RETURNING "id" /*action='import_sigaa',application='Camaar',controller='imports'*/[0m
  ↳ app/controllers/admin/imports_controller.rb:56:in 'block (2 levels) in Admin::ImportsController#import_participants'
  [1m[36mTRANSACTION (0.0ms)[0m  [1m[35mRELEASE SAVEPOINT active_record_1 /*action='import_sigaa',application='Camaar',controller='imports'*/[0m
  ↳ app/controllers/admin/imports_controller.rb:56:in 'block (2 levels) in Admin::ImportsController#import_participants'
  [1m[36mUser Load (0.1ms)[0m  [1m[34mSELECT "users".* FROM "users" WHERE "users"."email" = 'wilxavier@me.com' LIMIT 1 /*action='import_sigaa',application='Camaar',controller='imports'*/[0m
  ↳ app/controllers/admin/imports_controller.rb:68:in 'Admin::ImportsController#create_student'
  [1m[36mTRANSACTION (0.0ms)[0m  [1m[35mSAVEPOINT active_record_1 /*action='import_sigaa',application='Camaar',controller='imports'*/[0m
  ↳ app/controllers/admin/imports_controller.rb:68:in 'Admin::ImportsController#create_student'
  [1m[36mUser Exists? (2.1ms)[0m  [1m[34mSELECT 1 AS one FROM "users" WHERE "users"."email" = 'wilxavier@me.com' LIMIT 1 /*action='import_sigaa',application='Camaar',controller='imports'*/[0m
  ↳ app/controllers/admin/imports_controller.rb:68:in 'Admin::ImportsController#create_student'
  [1m[36mUser Exists? (0.1ms)[0m  [1m[34mSELECT 1 AS one FROM "users" WHERE "users"."username" = '190075384' LIMIT 1 /*action='import_sigaa',application='Camaar',controller='imports'*/[0m
  ↳ app/controllers/admin/imports_controller.rb:68:in 'Admin::ImportsController#create_student'
  [1m[36mUser Create (0.2ms)[0m  [1m[32mINSERT INTO "users" ("name", "email", "hash_password", "role", "academic_background", "student_course", "student_enrolment", "professor_departament", "created_at", "updated_at", "username") VALUES ('William Xavier dos Santos', 'wilxavier@me.com', '$2a$12$/rzfJ2jbJ55qaceBrvC62ObAVvpdwcfanSb1gghyilstK7/YWzqpm', 0, 0, 'CIÊNCIA DA COMPUTAÇÃO/CIC', '190075384', NULL, '2025-07-16 00:31:58.660716', '2025-07-16 00:31:58.660716', '190075384') RETURNING "id" /*action='import_sigaa',application='Camaar',controller='imports'*/[0m
  ↳ app/controllers/admin/imports_controller.rb:68:in 'Admin::ImportsController#create_student'
  [1m[36mTRANSACTION (0.0ms)[0m  [1m[35mRELEASE SAVEPOINT active_record_1 /*action='import_sigaa',application='Camaar',controller='imports'*/[0m
  ↳ app/controllers/admin/imports_controller.rb:68:in 'Admin::ImportsController#create_student'
  [1m[36mUserSubject Load (0.1ms)[0m  [1m[34mSELECT "user_subjects".* FROM "user_subjects" WHERE "user_subjects"."user_id" = 92 AND "user_subjects"."subject_id" = 7 LIMIT 1 /*action='import_sigaa',application='Camaar',controller='imports'*/[0m
  ↳ app/controllers/admin/imports_controller.rb:56:in 'block (2 levels) in Admin::ImportsController#import_participants'
  [1m[36mTRANSACTION (0.0ms)[0m  [1m[35mSAVEPOINT active_record_1 /*action='import_sigaa',application='Camaar',controller='imports'*/[0m
  ↳ app/controllers/admin/imports_controller.rb:56:in 'block (2 levels) in Admin::ImportsController#import_participants'
  [1m[36mUserSubject Create (1.2ms)[0m  [1m[32mINSERT INTO "user_subjects" ("user_id", "subject_id", "created_at", "updated_at") VALUES (92, 7, '2025-07-16 00:31:58.664638', '2025-07-16 00:31:58.664638') RETURNING "id" /*action='import_sigaa',application='Camaar',controller='imports'*/[0m
  ↳ app/controllers/admin/imports_controller.rb:56:in 'block (2 levels) in Admin::ImportsController#import_participants'
  [1m[36mTRANSACTION (0.0ms)[0m  [1m[35mRELEASE SAVEPOINT active_record_1 /*action='import_sigaa',application='Camaar',controller='imports'*/[0m
  ↳ app/controllers/admin/imports_controller.rb:56:in 'block (2 levels) in Admin::ImportsController#import_participants'
  [1m[36mUser Load (0.1ms)[0m  [1m[34mSELECT "users".* FROM "users" WHERE "users"."email" = 'mholanda@unb.br' LIMIT 1 /*action='import_sigaa',application='Camaar',controller='imports'*/[0m
  ↳ app/controllers/admin/imports_controller.rb:81:in 'Admin::ImportsController#create_professor'
  [1m[36mTRANSACTION (0.0ms)[0m  [1m[35mSAVEPOINT active_record_1 /*action='import_sigaa',application='Camaar',controller='imports'*/[0m
  ↳ app/controllers/admin/imports_controller.rb:81:in 'Admin::ImportsController#create_professor'
  [1m[36mUser Exists? (1.2ms)[0m  [1m[34mSELECT 1 AS one FROM "users" WHERE "users"."email" = 'mholanda@unb.br' LIMIT 1 /*action='import_sigaa',application='Camaar',controller='imports'*/[0m
  ↳ app/controllers/admin/imports_controller.rb:81:in 'Admin::ImportsController#create_professor'
  [1m[36mUser Exists? (0.1ms)[0m  [1m[34mSELECT 1 AS one FROM "users" WHERE "users"."username" = '83807519491' LIMIT 1 /*action='import_sigaa',application='Camaar',controller='imports'*/[0m
  ↳ app/controllers/admin/imports_controller.rb:81:in 'Admin::ImportsController#create_professor'
  [1m[36mUser Create (0.1ms)[0m  [1m[32mINSERT INTO "users" ("name", "email", "hash_password", "role", "academic_background", "student_course", "student_enrolment", "professor_departament", "created_at", "updated_at", "username") VALUES ('MARISTELA TERTO DE HOLANDA', 'mholanda@unb.br', '$2a$12$Dfr56StPVZyJYhbaCg.6keTQqEw6LVvKF8Ne4NtrlJkAd.mlJDqTK', 1, 0, NULL, NULL, 'DEPTO CIÊNCIAS DA COMPUTAÇÃO', '2025-07-16 00:31:58.863618', '2025-07-16 00:31:58.863618', '83807519491') RETURNING "id" /*action='import_sigaa',application='Camaar',controller='imports'*/[0m
  ↳ app/controllers/admin/imports_controller.rb:81:in 'Admin::ImportsController#create_professor'
  [1m[36mTRANSACTION (0.0ms)[0m  [1m[35mRELEASE SAVEPOINT active_record_1 /*action='import_sigaa',application='Camaar',controller='imports'*/[0m
  ↳ app/controllers/admin/imports_controller.rb:81:in 'Admin::ImportsController#create_professor'
  [1m[36mUserSubject Load (0.1ms)[0m  [1m[34mSELECT "user_subjects".* FROM "user_subjects" WHERE "user_subjects"."user_id" = 93 AND "user_subjects"."subject_id" = 7 LIMIT 1 /*action='import_sigaa',application='Camaar',controller='imports'*/[0m
  ↳ app/controllers/admin/imports_controller.rb:62:in 'block in Admin::ImportsController#import_participants'
  [1m[36mTRANSACTION (0.0ms)[0m  [1m[35mSAVEPOINT active_record_1 /*action='import_sigaa',application='Camaar',controller='imports'*/[0m
  ↳ app/controllers/admin/imports_controller.rb:62:in 'block in Admin::ImportsController#import_participants'
  [1m[36mUserSubject Create (3.1ms)[0m  [1m[32mINSERT INTO "user_subjects" ("user_id", "subject_id", "created_at", "updated_at") VALUES (93, 7, '2025-07-16 00:31:58.866590', '2025-07-16 00:31:58.866590') RETURNING "id" /*action='import_sigaa',application='Camaar',controller='imports'*/[0m
  ↳ app/controllers/admin/imports_controller.rb:62:in 'block in Admin::ImportsController#import_participants'
  [1m[36mTRANSACTION (0.0ms)[0m  [1m[35mRELEASE SAVEPOINT active_record_1 /*action='import_sigaa',application='Camaar',controller='imports'*/[0m
  ↳ app/controllers/admin/imports_controller.rb:62:in 'block in Admin::ImportsController#import_participants'
  [1m[36mTRANSACTION (0.2ms)[0m  [1m[35mCOMMIT TRANSACTION /*action='import_sigaa',application='Camaar',controller='imports'*/[0m
  ↳ app/controllers/admin/imports_controller.rb:12:in 'Admin::ImportsController#import_sigaa'
Redirected to http://localhost:3000/admin/dashboard
Completed 302 Found in 11163ms (ActiveRecord: 524.4ms (289 queries, 0 cached) | GC: 474.7ms)


Started GET "/admin/dashboard" for 127.0.0.1 at 2025-07-15 21:31:58 -0300
Processing by Admin::DashboardController#index as TURBO_STREAM
  Rendering text template
  Rendered text template (Duration: 0.1ms | GC: 0.0ms)
Completed 200 OK in 8ms (Views: 0.5ms | ActiveRecord: 0.0ms (0 queries, 0 cached) | GC: 0.0ms)


  [1m[36mUser Count (3.6ms)[0m  [1m[34mSELECT COUNT(*) FROM "users" /*application='Camaar'*/[0m
  [1m[36mCourse Count (0.2ms)[0m  [1m[34mSELECT COUNT(*) FROM "courses" /*application='Camaar'*/[0m
  [1m[36mSubject Count (0.2ms)[0m  [1m[34mSELECT COUNT(*) FROM "subjects" /*application='Camaar'*/[0m
  [1m[35m (1.0ms)[0m  [1m[35mPRAGMA foreign_keys = OFF /*application='Camaar'*/[0m
  [1m[36mUserSubject Load (1.2ms)[0m  [1m[34mSELECT "user_subjects".* FROM "user_subjects" /*application='Camaar'*/[0m
  [1m[36mTRANSACTION (0.4ms)[0m  [1m[35mBEGIN immediate TRANSACTION /*application='Camaar'*/[0m
  [1m[36mUserSubject Destroy (1.1ms)[0m  [1m[31mDELETE FROM "user_subjects" WHERE "user_subjects"."id" = 46 /*application='Camaar'*/[0m
  [1m[36mTRANSACTION (0.1ms)[0m  [1m[35mCOMMIT TRANSACTION /*application='Camaar'*/[0m
  [1m[36mTRANSACTION (0.1ms)[0m  [1m[35mBEGIN immediate TRANSACTION /*application='Camaar'*/[0m
  [1m[36mUserSubject Destroy (0.2ms)[0m  [1m[31mDELETE FROM "user_subjects" WHERE "user_subjects"."id" = 47 /*application='Camaar'*/[0m
  [1m[36mTRANSACTION (0.1ms)[0m  [1m[35mCOMMIT TRANSACTION /*application='Camaar'*/[0m
  [1m[36mTRANSACTION (0.5ms)[0m  [1m[35mBEGIN immediate TRANSACTION /*application='Camaar'*/[0m
  [1m[36mUserSubject Destroy (0.7ms)[0m  [1m[31mDELETE FROM "user_subjects" WHERE "user_subjects"."id" = 48 /*application='Camaar'*/[0m
  [1m[36mTRANSACTION (0.1ms)[0m  [1m[35mCOMMIT TRANSACTION /*application='Camaar'*/[0m
  [1m[36mTRANSACTION (0.1ms)[0m  [1m[35mBEGIN immediate TRANSACTION /*application='Camaar'*/[0m
  [1m[36mUserSubject Destroy (0.2ms)[0m  [1m[31mDELETE FROM "user_subjects" WHERE "user_subjects"."id" = 49 /*application='Camaar'*/[0m
  [1m[36mTRANSACTION (0.2ms)[0m  [1m[35mCOMMIT TRANSACTION /*application='Camaar'*/[0m
  [1m[36mTRANSACTION (0.1ms)[0m  [1m[35mBEGIN immediate TRANSACTION /*application='Camaar'*/[0m
  [1m[36mUserSubject Destroy (0.2ms)[0m  [1m[31mDELETE FROM "user_subjects" WHERE "user_subjects"."id" = 50 /*application='Camaar'*/[0m
  [1m[36mTRANSACTION (0.2ms)[0m  [1m[35mCOMMIT TRANSACTION /*application='Camaar'*/[0m
  [1m[36mTRANSACTION (0.0ms)[0m  [1m[35mBEGIN immediate TRANSACTION /*application='Camaar'*/[0m
  [1m[36mUserSubject Destroy (0.2ms)[0m  [1m[31mDELETE FROM "user_subjects" WHERE "user_subjects"."id" = 51 /*application='Camaar'*/[0m
  [1m[36mTRANSACTION (0.1ms)[0m  [1m[35mCOMMIT TRANSACTION /*application='Camaar'*/[0m
  [1m[36mTRANSACTION (0.1ms)[0m  [1m[35mBEGIN immediate TRANSACTION /*application='Camaar'*/[0m
  [1m[36mUserSubject Destroy (0.5ms)[0m  [1m[31mDELETE FROM "user_subjects" WHERE "user_subjects"."id" = 52 /*application='Camaar'*/[0m
  [1m[36mTRANSACTION (0.1ms)[0m  [1m[35mCOMMIT TRANSACTION /*application='Camaar'*/[0m
  [1m[36mTRANSACTION (0.0ms)[0m  [1m[35mBEGIN immediate TRANSACTION /*application='Camaar'*/[0m
  [1m[36mUserSubject Destroy (0.3ms)[0m  [1m[31mDELETE FROM "user_subjects" WHERE "user_subjects"."id" = 53 /*application='Camaar'*/[0m
  [1m[36mTRANSACTION (0.2ms)[0m  [1m[35mCOMMIT TRANSACTION /*application='Camaar'*/[0m
  [1m[36mTRANSACTION (0.1ms)[0m  [1m[35mBEGIN immediate TRANSACTION /*application='Camaar'*/[0m
  [1m[36mUserSubject Destroy (0.4ms)[0m  [1m[31mDELETE FROM "user_subjects" WHERE "user_subjects"."id" = 54 /*application='Camaar'*/[0m
  [1m[36mTRANSACTION (0.1ms)[0m  [1m[35mCOMMIT TRANSACTION /*application='Camaar'*/[0m
  [1m[36mTRANSACTION (0.1ms)[0m  [1m[35mBEGIN immediate TRANSACTION /*application='Camaar'*/[0m
  [1m[36mUserSubject Destroy (0.5ms)[0m  [1m[31mDELETE FROM "user_subjects" WHERE "user_subjects"."id" = 55 /*application='Camaar'*/[0m
  [1m[36mTRANSACTION (0.1ms)[0m  [1m[35mCOMMIT TRANSACTION /*application='Camaar'*/[0m
  [1m[36mTRANSACTION (0.1ms)[0m  [1m[35mBEGIN immediate TRANSACTION /*application='Camaar'*/[0m
  [1m[36mUserSubject Destroy (0.2ms)[0m  [1m[31mDELETE FROM "user_subjects" WHERE "user_subjects"."id" = 56 /*application='Camaar'*/[0m
  [1m[36mTRANSACTION (0.2ms)[0m  [1m[35mCOMMIT TRANSACTION /*application='Camaar'*/[0m
  [1m[36mTRANSACTION (0.1ms)[0m  [1m[35mBEGIN immediate TRANSACTION /*application='Camaar'*/[0m
  [1m[36mUserSubject Destroy (0.2ms)[0m  [1m[31mDELETE FROM "user_subjects" WHERE "user_subjects"."id" = 57 /*application='Camaar'*/[0m
  [1m[36mTRANSACTION (0.1ms)[0m  [1m[35mCOMMIT TRANSACTION /*application='Camaar'*/[0m
  [1m[36mTRANSACTION (0.0ms)[0m  [1m[35mBEGIN immediate TRANSACTION /*application='Camaar'*/[0m
  [1m[36mUserSubject Destroy (0.4ms)[0m  [1m[31mDELETE FROM "user_subjects" WHERE "user_subjects"."id" = 58 /*application='Camaar'*/[0m
  [1m[36mTRANSACTION (0.1ms)[0m  [1m[35mCOMMIT TRANSACTION /*application='Camaar'*/[0m
  [1m[36mTRANSACTION (0.1ms)[0m  [1m[35mBEGIN immediate TRANSACTION /*application='Camaar'*/[0m
  [1m[36mUserSubject Destroy (0.2ms)[0m  [1m[31mDELETE FROM "user_subjects" WHERE "user_subjects"."id" = 59 /*application='Camaar'*/[0m
  [1m[36mTRANSACTION (0.1ms)[0m  [1m[35mCOMMIT TRANSACTION /*application='Camaar'*/[0m
  [1m[36mTRANSACTION (0.1ms)[0m  [1m[35mBEGIN immediate TRANSACTION /*application='Camaar'*/[0m
  [1m[36mUserSubject Destroy (0.3ms)[0m  [1m[31mDELETE FROM "user_subjects" WHERE "user_subjects"."id" = 60 /*application='Camaar'*/[0m
  [1m[36mTRANSACTION (0.1ms)[0m  [1m[35mCOMMIT TRANSACTION /*application='Camaar'*/[0m
  [1m[36mTRANSACTION (0.0ms)[0m  [1m[35mBEGIN immediate TRANSACTION /*application='Camaar'*/[0m
  [1m[36mUserSubject Destroy (0.1ms)[0m  [1m[31mDELETE FROM "user_subjects" WHERE "user_subjects"."id" = 61 /*application='Camaar'*/[0m
  [1m[36mTRANSACTION (0.0ms)[0m  [1m[35mCOMMIT TRANSACTION /*application='Camaar'*/[0m
  [1m[36mTRANSACTION (0.0ms)[0m  [1m[35mBEGIN immediate TRANSACTION /*application='Camaar'*/[0m
  [1m[36mUserSubject Destroy (0.1ms)[0m  [1m[31mDELETE FROM "user_subjects" WHERE "user_subjects"."id" = 62 /*application='Camaar'*/[0m
  [1m[36mTRANSACTION (0.0ms)[0m  [1m[35mCOMMIT TRANSACTION /*application='Camaar'*/[0m
  [1m[36mTRANSACTION (0.0ms)[0m  [1m[35mBEGIN immediate TRANSACTION /*application='Camaar'*/[0m
  [1m[36mUserSubject Destroy (0.1ms)[0m  [1m[31mDELETE FROM "user_subjects" WHERE "user_subjects"."id" = 63 /*application='Camaar'*/[0m
  [1m[36mTRANSACTION (0.0ms)[0m  [1m[35mCOMMIT TRANSACTION /*application='Camaar'*/[0m
  [1m[36mTRANSACTION (0.1ms)[0m  [1m[35mBEGIN immediate TRANSACTION /*application='Camaar'*/[0m
  [1m[36mUserSubject Destroy (0.9ms)[0m  [1m[31mDELETE FROM "user_subjects" WHERE "user_subjects"."id" = 64 /*application='Camaar'*/[0m
  [1m[36mTRANSACTION (0.1ms)[0m  [1m[35mCOMMIT TRANSACTION /*application='Camaar'*/[0m
  [1m[36mTRANSACTION (0.1ms)[0m  [1m[35mBEGIN immediate TRANSACTION /*application='Camaar'*/[0m
  [1m[36mUserSubject Destroy (0.2ms)[0m  [1m[31mDELETE FROM "user_subjects" WHERE "user_subjects"."id" = 65 /*application='Camaar'*/[0m
  [1m[36mTRANSACTION (0.0ms)[0m  [1m[35mCOMMIT TRANSACTION /*application='Camaar'*/[0m
  [1m[36mTRANSACTION (0.0ms)[0m  [1m[35mBEGIN immediate TRANSACTION /*application='Camaar'*/[0m
  [1m[36mUserSubject Destroy (0.2ms)[0m  [1m[31mDELETE FROM "user_subjects" WHERE "user_subjects"."id" = 66 /*application='Camaar'*/[0m
  [1m[36mTRANSACTION (0.0ms)[0m  [1m[35mCOMMIT TRANSACTION /*application='Camaar'*/[0m
  [1m[36mTRANSACTION (0.1ms)[0m  [1m[35mBEGIN immediate TRANSACTION /*application='Camaar'*/[0m
  [1m[36mUserSubject Destroy (0.2ms)[0m  [1m[31mDELETE FROM "user_subjects" WHERE "user_subjects"."id" = 67 /*application='Camaar'*/[0m
  [1m[36mTRANSACTION (0.0ms)[0m  [1m[35mCOMMIT TRANSACTION /*application='Camaar'*/[0m
  [1m[36mTRANSACTION (0.0ms)[0m  [1m[35mBEGIN immediate TRANSACTION /*application='Camaar'*/[0m
  [1m[36mUserSubject Destroy (0.1ms)[0m  [1m[31mDELETE FROM "user_subjects" WHERE "user_subjects"."id" = 68 /*application='Camaar'*/[0m
  [1m[36mTRANSACTION (0.1ms)[0m  [1m[35mCOMMIT TRANSACTION /*application='Camaar'*/[0m
  [1m[36mTRANSACTION (0.0ms)[0m  [1m[35mBEGIN immediate TRANSACTION /*application='Camaar'*/[0m
  [1m[36mUserSubject Destroy (0.1ms)[0m  [1m[31mDELETE FROM "user_subjects" WHERE "user_subjects"."id" = 69 /*application='Camaar'*/[0m
  [1m[36mTRANSACTION (0.0ms)[0m  [1m[35mCOMMIT TRANSACTION /*application='Camaar'*/[0m
  [1m[36mTRANSACTION (0.0ms)[0m  [1m[35mBEGIN immediate TRANSACTION /*application='Camaar'*/[0m
  [1m[36mUserSubject Destroy (0.1ms)[0m  [1m[31mDELETE FROM "user_subjects" WHERE "user_subjects"."id" = 70 /*application='Camaar'*/[0m
  [1m[36mTRANSACTION (0.1ms)[0m  [1m[35mCOMMIT TRANSACTION /*application='Camaar'*/[0m
  [1m[36mTRANSACTION (0.0ms)[0m  [1m[35mBEGIN immediate TRANSACTION /*application='Camaar'*/[0m
  [1m[36mUserSubject Destroy (0.2ms)[0m  [1m[31mDELETE FROM "user_subjects" WHERE "user_subjects"."id" = 71 /*application='Camaar'*/[0m
  [1m[36mTRANSACTION (0.1ms)[0m  [1m[35mCOMMIT TRANSACTION /*application='Camaar'*/[0m
  [1m[36mTRANSACTION (0.1ms)[0m  [1m[35mBEGIN immediate TRANSACTION /*application='Camaar'*/[0m
  [1m[36mUserSubject Destroy (0.3ms)[0m  [1m[31mDELETE FROM "user_subjects" WHERE "user_subjects"."id" = 72 /*application='Camaar'*/[0m
  [1m[36mTRANSACTION (0.1ms)[0m  [1m[35mCOMMIT TRANSACTION /*application='Camaar'*/[0m
  [1m[36mTRANSACTION (0.1ms)[0m  [1m[35mBEGIN immediate TRANSACTION /*application='Camaar'*/[0m
  [1m[36mUserSubject Destroy (0.9ms)[0m  [1m[31mDELETE FROM "user_subjects" WHERE "user_subjects"."id" = 73 /*application='Camaar'*/[0m
  [1m[36mTRANSACTION (0.1ms)[0m  [1m[35mCOMMIT TRANSACTION /*application='Camaar'*/[0m
  [1m[36mTRANSACTION (0.1ms)[0m  [1m[35mBEGIN immediate TRANSACTION /*application='Camaar'*/[0m
  [1m[36mUserSubject Destroy (0.2ms)[0m  [1m[31mDELETE FROM "user_subjects" WHERE "user_subjects"."id" = 74 /*application='Camaar'*/[0m
  [1m[36mTRANSACTION (0.1ms)[0m  [1m[35mCOMMIT TRANSACTION /*application='Camaar'*/[0m
  [1m[36mTRANSACTION (0.1ms)[0m  [1m[35mBEGIN immediate TRANSACTION /*application='Camaar'*/[0m
  [1m[36mUserSubject Destroy (0.3ms)[0m  [1m[31mDELETE FROM "user_subjects" WHERE "user_subjects"."id" = 75 /*application='Camaar'*/[0m
  [1m[36mTRANSACTION (0.1ms)[0m  [1m[35mCOMMIT TRANSACTION /*application='Camaar'*/[0m
  [1m[36mTRANSACTION (0.0ms)[0m  [1m[35mBEGIN immediate TRANSACTION /*application='Camaar'*/[0m
  [1m[36mUserSubject Destroy (0.3ms)[0m  [1m[31mDELETE FROM "user_subjects" WHERE "user_subjects"."id" = 76 /*application='Camaar'*/[0m
  [1m[36mTRANSACTION (0.1ms)[0m  [1m[35mCOMMIT TRANSACTION /*application='Camaar'*/[0m
  [1m[36mTRANSACTION (0.3ms)[0m  [1m[35mBEGIN immediate TRANSACTION /*application='Camaar'*/[0m
  [1m[36mUserSubject Destroy (0.6ms)[0m  [1m[31mDELETE FROM "user_subjects" WHERE "user_subjects"."id" = 77 /*application='Camaar'*/[0m
  [1m[36mTRANSACTION (0.1ms)[0m  [1m[35mCOMMIT TRANSACTION /*application='Camaar'*/[0m
  [1m[36mTRANSACTION (0.1ms)[0m  [1m[35mBEGIN immediate TRANSACTION /*application='Camaar'*/[0m
  [1m[36mUserSubject Destroy (0.2ms)[0m  [1m[31mDELETE FROM "user_subjects" WHERE "user_subjects"."id" = 78 /*application='Camaar'*/[0m
  [1m[36mTRANSACTION (0.1ms)[0m  [1m[35mCOMMIT TRANSACTION /*application='Camaar'*/[0m
  [1m[36mTRANSACTION (0.0ms)[0m  [1m[35mBEGIN immediate TRANSACTION /*application='Camaar'*/[0m
  [1m[36mUserSubject Destroy (0.2ms)[0m  [1m[31mDELETE FROM "user_subjects" WHERE "user_subjects"."id" = 79 /*application='Camaar'*/[0m
  [1m[36mTRANSACTION (0.1ms)[0m  [1m[35mCOMMIT TRANSACTION /*application='Camaar'*/[0m
  [1m[36mTRANSACTION (0.0ms)[0m  [1m[35mBEGIN immediate TRANSACTION /*application='Camaar'*/[0m
  [1m[36mUserSubject Destroy (0.2ms)[0m  [1m[31mDELETE FROM "user_subjects" WHERE "user_subjects"."id" = 80 /*application='Camaar'*/[0m
  [1m[36mTRANSACTION (0.1ms)[0m  [1m[35mCOMMIT TRANSACTION /*application='Camaar'*/[0m
  [1m[36mTRANSACTION (0.1ms)[0m  [1m[35mBEGIN immediate TRANSACTION /*application='Camaar'*/[0m
  [1m[36mUserSubject Destroy (0.3ms)[0m  [1m[31mDELETE FROM "user_subjects" WHERE "user_subjects"."id" = 81 /*application='Camaar'*/[0m
  [1m[36mTRANSACTION (0.1ms)[0m  [1m[35mCOMMIT TRANSACTION /*application='Camaar'*/[0m
  [1m[36mTRANSACTION (0.0ms)[0m  [1m[35mBEGIN immediate TRANSACTION /*application='Camaar'*/[0m
  [1m[36mUserSubject Destroy (0.1ms)[0m  [1m[31mDELETE FROM "user_subjects" WHERE "user_subjects"."id" = 82 /*application='Camaar'*/[0m
  [1m[36mTRANSACTION (0.0ms)[0m  [1m[35mCOMMIT TRANSACTION /*application='Camaar'*/[0m
  [1m[36mTRANSACTION (0.0ms)[0m  [1m[35mBEGIN immediate TRANSACTION /*application='Camaar'*/[0m
  [1m[36mUserSubject Destroy (0.1ms)[0m  [1m[31mDELETE FROM "user_subjects" WHERE "user_subjects"."id" = 83 /*application='Camaar'*/[0m
  [1m[36mTRANSACTION (0.1ms)[0m  [1m[35mCOMMIT TRANSACTION /*application='Camaar'*/[0m
  [1m[36mTRANSACTION (0.0ms)[0m  [1m[35mBEGIN immediate TRANSACTION /*application='Camaar'*/[0m
  [1m[36mUserSubject Destroy (0.2ms)[0m  [1m[31mDELETE FROM "user_subjects" WHERE "user_subjects"."id" = 84 /*application='Camaar'*/[0m
  [1m[36mTRANSACTION (0.1ms)[0m  [1m[35mCOMMIT TRANSACTION /*application='Camaar'*/[0m
  [1m[36mTRANSACTION (0.0ms)[0m  [1m[35mBEGIN immediate TRANSACTION /*application='Camaar'*/[0m
  [1m[36mUserSubject Destroy (0.1ms)[0m  [1m[31mDELETE FROM "user_subjects" WHERE "user_subjects"."id" = 85 /*application='Camaar'*/[0m
  [1m[36mTRANSACTION (0.1ms)[0m  [1m[35mCOMMIT TRANSACTION /*application='Camaar'*/[0m
  [1m[36mTRANSACTION (0.1ms)[0m  [1m[35mBEGIN immediate TRANSACTION /*application='Camaar'*/[0m
  [1m[36mUserSubject Destroy (0.2ms)[0m  [1m[31mDELETE FROM "user_subjects" WHERE "user_subjects"."id" = 86 /*application='Camaar'*/[0m
  [1m[36mTRANSACTION (0.1ms)[0m  [1m[35mCOMMIT TRANSACTION /*application='Camaar'*/[0m
  [1m[36mTRANSACTION (0.0ms)[0m  [1m[35mBEGIN immediate TRANSACTION /*application='Camaar'*/[0m
  [1m[36mUserSubject Destroy (0.2ms)[0m  [1m[31mDELETE FROM "user_subjects" WHERE "user_subjects"."id" = 87 /*application='Camaar'*/[0m
  [1m[36mTRANSACTION (0.1ms)[0m  [1m[35mCOMMIT TRANSACTION /*application='Camaar'*/[0m
  [1m[36mTRANSACTION (0.0ms)[0m  [1m[35mBEGIN immediate TRANSACTION /*application='Camaar'*/[0m
  [1m[36mUserSubject Destroy (0.1ms)[0m  [1m[31mDELETE FROM "user_subjects" WHERE "user_subjects"."id" = 88 /*application='Camaar'*/[0m
  [1m[36mTRANSACTION (0.0ms)[0m  [1m[35mCOMMIT TRANSACTION /*application='Camaar'*/[0m
  [1m[36mTRANSACTION (0.0ms)[0m  [1m[35mBEGIN immediate TRANSACTION /*application='Camaar'*/[0m
  [1m[36mUserSubject Destroy (0.4ms)[0m  [1m[31mDELETE FROM "user_subjects" WHERE "user_subjects"."id" = 89 /*application='Camaar'*/[0m
  [1m[36mTRANSACTION (0.1ms)[0m  [1m[35mCOMMIT TRANSACTION /*application='Camaar'*/[0m
  [1m[36mTRANSACTION (0.0ms)[0m  [1m[35mBEGIN immediate TRANSACTION /*application='Camaar'*/[0m
  [1m[36mUserSubject Destroy (0.3ms)[0m  [1m[31mDELETE FROM "user_subjects" WHERE "user_subjects"."id" = 90 /*application='Camaar'*/[0m
  [1m[36mTRANSACTION (0.2ms)[0m  [1m[35mCOMMIT TRANSACTION /*application='Camaar'*/[0m
  [1m[36mUser Delete All (0.2ms)[0m  [1m[31mDELETE FROM "users" /*application='Camaar'*/[0m
  [1m[36mCourse Delete All (0.2ms)[0m  [1m[31mDELETE FROM "courses" /*application='Camaar'*/[0m
  [1m[36mSubject Delete All (0.2ms)[0m  [1m[31mDELETE FROM "subjects" /*application='Camaar'*/[0m
  [1m[35m (0.1ms)[0m  [1m[35mPRAGMA foreign_keys = ON /*application='Camaar'*/[0m
  [1m[36mUser Count (0.1ms)[0m  [1m[34mSELECT COUNT(*) FROM "users" /*application='Camaar'*/[0m
  [1m[36mSubject Count (0.1ms)[0m  [1m[34mSELECT COUNT(*) FROM "subjects" /*application='Camaar'*/[0m
  [1m[36mCourse Count (0.1ms)[0m  [1m[34mSELECT COUNT(*) FROM "courses" /*application='Camaar'*/[0m
  [1m[36mUserSubject Count (0.1ms)[0m  [1m[34mSELECT COUNT(*) FROM "user_subjects" /*application='Camaar'*/[0m
